feature_1,feature_2,feature_3,feature_4,feature_5,feature_6,feature_7,feature_8,label
-1.224073,0.377588,0.995000,-0.513210,-1.328979,-0.065529,0.478012,1.098185,1
-1.292864,-0.143561,0.411686,0.562889,-1.431024,2.740671,0.738306,1.421203,1
0.095461,0.145313,-0.344866,-0.062158,0.273092,0.692397,1.096802,0.209816,0
0.701725,-0.748600,-0.908287,-0.578010,-0.942556,-0.612626,3.425880,1.914464,1
-0.288054,0.662485,-0.092670,0.370182,0.103329,-1.006135,0.563745,-0.812026,1
-0.505204,0.549872,2.125931,-2.753915,0.525566,-0.311341,0.233993,-1.192912,0
0.767803,0.468153,1.641896,-0.377026,0.554760,0.507934,0.282973,0.208448,0
-0.598396,-0.615316,0.210994,-0.060148,-0.526432,-0.308234,-0.390817,-0.607884,1
1.773681,-0.327629,-0.693805,1.960086,0.244690,0.970971,0.873864,-1.135732,1
1.775813,-0.089484,1.718974,-0.399061,0.737311,0.389199,0.193399,-0.647629,1
-0.760717,0.792896,1.112186,-0.292015,-1.790619,-0.906298,0.237021,0.527838,1
-1.004171,0.605648,1.524111,0.615804,-0.242003,1.967499,-0.637423,-0.832512,1
2.489048,0.617394,0.113649,1.557496,-0.081702,1.861361,-0.685006,-0.474814,1
1.424361,0.173250,1.268490,0.828104,-1.104378,-0.421456,2.192921,0.052134,1
-0.332806,0.118154,0.428757,0.858129,-0.477502,-0.232697,-1.363623,1.603824,1
-0.178832,-0.474353,-0.278285,0.185435,0.041548,1.313062,-0.830838,0.201663,1
-1.609293,0.180373,-1.608582,3.480394,1.118940,0.572459,-0.175091,-2.139728,0
-1.554582,0.801569,-0.474029,-0.852008,-1.973839,0.716515,-0.752508,0.502746,0
-0.694295,-0.693951,-1.189425,-0.680209,1.250741,0.689669,2.056601,-0.086341,0
-0.982419,-0.941297,-0.524846,0.220525,-0.355487,0.000325,-0.245937,-0.921039,1
-0.374048,-1.111492,-1.692486,-1.482764,-0.005523,0.150707,-0.474581,1.428996,0
0.582814,-0.578788,-0.911897,0.691786,-0.559764,-0.335399,-0.574511,-1.642942,0
0.719229,-0.673117,-0.756108,-0.435108,0.768155,0.884393,1.011270,-1.659694,0
-2.375436,0.532545,0.956260,-0.109285,0.685462,-1.202175,0.721354,-0.869849,0
1.090606,-0.123620,0.225612,0.114383,0.203022,-0.208637,-0.334180,-1.256572,1
1.650397,0.723856,0.830275,1.858832,0.291137,0.043551,0.549349,1.347747,1
-0.998991,-1.063338,0.889879,-2.360157,-0.266773,-0.611125,-0.619818,0.097601,0
0.076420,0.343606,0.719596,-0.874911,1.274611,-1.369285,-0.176679,0.038992,0
0.355183,-0.237368,1.459524,-0.657855,0.753012,0.800967,-1.546278,-1.556967,0
0.906731,0.695975,-2.299927,-1.414048,0.328154,0.447388,1.536115,0.596458,0
0.490498,2.089080,2.731795,-0.336510,-1.721370,-0.407053,-0.939278,1.983285,1
-0.728669,-1.178097,0.458742,0.132165,-1.148580,1.791088,0.323163,1.650399,1
-0.896511,1.515823,0.360288,0.438311,-1.594975,-0.166203,0.819171,-1.291230,0
-0.389422,0.606644,0.364054,-0.816333,-0.138055,-0.189169,-1.414658,-1.906686,0
-0.370383,0.907093,1.210497,-1.774935,0.505943,1.883765,1.194977,-0.240113,0
-0.296543,-1.363141,-0.027189,2.600745,0.458206,-1.006611,-0.101651,0.405750,1
-0.133798,-0.344154,-1.003062,-0.248931,2.184145,-0.606890,-0.136344,1.123892,0
0.763314,0.922818,-0.665558,-0.267218,0.594663,-1.680825,-1.537073,1.194252,1
0.247026,0.674242,-0.339809,-0.813627,-0.854740,1.096976,1.280984,0.992158,1
0.833314,0.396567,1.163734,-0.895161,0.375568,-1.050413,0.635534,0.363194,0
-0.791949,-0.938745,0.817273,-1.106380,0.452401,-0.570070,-0.105701,-1.820892,0
-0.500227,0.620554,-0.327235,2.090425,-0.021622,0.492884,0.551563,-0.113670,1
0.516585,-0.910069,0.128866,-0.502743,-1.245475,0.872079,0.665628,0.074581,0
-2.005796,0.888412,0.787320,0.060542,-1.180594,-0.254522,-0.595156,0.428005,1
-1.139870,-0.383647,-0.511279,-0.235672,0.270018,0.619021,1.635010,-2.568713,0
-0.198371,1.062261,-0.334152,0.082169,-0.885864,-1.177653,0.248051,-1.226739,0
-0.584061,-1.837946,0.460423,0.999051,-0.068271,-1.017223,0.203030,0.565340,1
-0.013898,0.498530,-1.480136,0.903092,-1.081487,-1.116693,0.763941,-2.847091,0
-0.114244,2.198162,-0.060653,-1.733888,0.403007,-0.937077,1.638795,-1.245888,0
-1.605875,-1.328781,0.893968,0.826078,0.392226,-0.143165,0.028393,-0.879089,1
0.269928,2.390863,-0.456817,-0.784691,-0.697387,-1.095271,-0.972226,-0.205034,0
-0.001018,0.206253,-2.791092,1.368233,0.197540,-0.054177,-0.768243,-0.262170,1
-0.323296,0.320558,-0.012116,2.172832,-1.132311,-0.368364,1.268070,-0.265628,1
-0.043837,1.197497,0.621534,0.017646,-0.303339,0.534431,-0.250853,-0.599169,0
-0.266007,-0.223379,0.983763,-0.352269,-1.330699,-0.225858,-0.544757,0.613421,1
-1.061263,-0.174542,-0.819514,0.746853,0.065926,0.562657,0.154967,0.029009,0
-0.003299,-0.320794,2.398431,-0.169523,1.944819,0.968022,-1.029655,0.488351,1
-0.125414,1.478935,-0.615090,-2.721873,0.548523,0.553568,-1.242716,1.048984,0
0.093872,0.313220,-0.507278,-0.090505,-1.390130,0.521655,-0.749518,0.214932,0
-0.515262,-3.412812,-0.668074,1.556517,-0.477403,0.035773,0.490408,1.368310,1
-0.504219,0.615899,-0.512065,-1.184105,-1.187599,-0.771325,0.013654,-0.648691,0
2.792130,0.205479,-0.195952,0.737700,0.296303,-1.245908,0.632920,0.999025,1
1.285784,0.776217,-1.341408,-0.441715,-0.797678,0.816097,0.224701,0.889823,1
-1.908747,1.328474,1.244202,-1.219665,-1.200391,0.241075,1.022951,-0.092378,0
-1.712119,-2.474161,-0.575372,1.122412,-0.055115,-2.251478,-0.862569,0.421544,1
1.167959,1.117466,0.642253,-1.513793,0.144469,-0.522464,1.647671,0.614978,0
0.741318,0.417971,-0.240764,-1.519950,-0.114042,0.543542,-1.008432,1.253851,0
0.371940,-2.030753,-0.944318,2.056210,-0.815070,-1.667574,0.684691,-0.294929,1
1.945599,-0.846787,0.010090,0.947509,-0.630926,0.710551,-0.784801,0.603954,1
1.211887,-1.841269,-0.479688,-0.575512,-0.239569,0.115911,-2.059640,-0.041635,1
-1.245172,-0.354570,1.419198,-0.303996,0.121790,-0.342881,-1.685853,-0.510717,0
0.207998,0.338923,-0.249275,-0.370894,-0.416079,-0.038259,-1.446545,0.020172,0
-1.685561,-0.229680,-0.715276,0.559283,1.464348,-0.295857,-1.240597,0.049431,0
-1.543287,-1.583411,0.996433,-0.979245,-1.697820,0.651920,-1.778893,1.924875,1
-1.555996,-0.234995,0.337423,-0.990537,-0.493453,0.269437,-0.169025,-3.065094,0
0.426971,-0.740366,0.377557,0.343090,-0.065984,-0.177311,0.460948,-1.034329,1
1.024122,0.423034,-1.892357,-1.104206,0.467208,0.108679,0.279909,0.641737,0
1.582771,0.104186,0.631069,-0.119346,0.603723,0.040739,-0.863417,-1.759341,0
-0.137319,2.085499,0.785433,-0.469493,-2.398578,-0.735415,-0.702542,0.077054,0
0.746005,-0.918514,0.810020,-0.797249,-0.079500,1.461245,-0.089670,0.011498,1
-1.234740,1.289295,-0.312078,-1.328829,0.321417,0.487909,-0.337913,0.697472,0
-0.882257,0.786589,-0.034030,-0.558035,-0.123177,0.006675,-0.051845,0.839423,0
0.689201,0.392691,-0.094406,-0.442180,-1.115820,0.140234,1.277592,-0.366878,0
-0.664407,-1.933189,1.111212,1.573870,1.011971,0.323499,1.209594,-0.577963,1
-0.324675,0.799299,0.758609,0.392706,-1.551306,0.324043,-0.969525,1.176320,1
0.617413,1.841192,-0.388437,-0.089476,-0.129785,-1.127375,1.097641,0.101289,0
3.086013,0.203329,0.208072,-0.647989,-0.617636,-0.551920,-0.886378,0.875433,1
0.865969,-0.384820,-0.666741,0.501619,1.542001,-1.152445,2.115202,-1.480822,0
0.204398,-0.389674,0.282079,0.344585,-0.688845,-1.410488,0.432710,0.917619,1
-1.145403,0.085707,0.578303,0.726737,0.718637,2.020304,0.992611,-1.073430,0
0.196184,-1.844846,-0.676597,0.589395,-0.150135,0.092470,-1.259234,0.906355,1
-0.199825,-0.150148,-0.122011,-0.446070,0.799276,-0.276895,-0.384773,-0.857566,0
0.625684,-1.224386,0.928888,1.430532,1.033668,-0.721665,-0.707725,0.941850,1
1.229197,-1.577281,-0.159466,0.339266,-0.569391,1.321257,-0.476709,0.134055,1
-1.370478,-0.714496,-1.097884,2.021508,-0.717298,0.853886,1.917810,1.894504,1
1.629554,-1.189810,-0.477386,-0.197541,2.182214,1.842233,-0.091156,-0.411006,0
-0.511794,2.069850,0.074927,1.303483,0.311336,-0.560012,-0.380466,-0.117981,0
0.125925,1.360817,-0.544286,-0.528549,1.394797,-0.075829,-0.977560,-1.512228,0
0.350312,1.067518,0.615571,0.773191,-0.559716,-0.261312,-0.776353,-0.096940,1
-0.372475,1.449097,0.351397,1.554270,1.997195,-0.911118,-0.662782,-1.187297,0
0.084232,-1.667114,-3.219495,0.288231,1.034702,-1.670954,-0.897236,0.577180,0
-0.874270,-1.050882,-0.166451,0.725109,-0.497567,1.514186,0.541712,1.313725,1
0.010101,-0.852568,-0.316713,-0.210722,0.772306,0.766934,-1.005229,-0.016641,1
0.494213,0.058271,0.853248,-0.581072,0.447654,2.000712,0.917615,1.447631,1
-1.592778,0.857445,0.292281,1.631050,-1.974416,-0.881099,1.443817,1.029207,1
0.871570,0.747821,0.002709,-0.269975,0.844097,1.961330,0.814349,0.402215,0
-0.263331,-0.156872,2.098281,0.415753,-0.417640,1.097977,2.517539,-1.109473,1
0.116348,1.884437,-0.995500,0.640515,1.796952,-0.688441,0.897342,0.970067,0
0.420149,1.350912,0.740134,1.922383,0.450446,0.146366,-0.131364,-0.856475,1
-1.183263,1.021339,1.156719,1.003594,-0.413441,0.625043,0.338470,-0.553472,1
0.307751,0.664991,-0.903908,-1.519512,-1.025124,1.057635,0.998425,-0.886487,0
0.838821,-0.400957,-0.698189,-0.276957,-0.334485,1.071314,-0.114678,-1.210851,1
-0.662947,-0.479750,-0.010233,1.803121,0.699531,0.426652,0.026814,-0.750825,1
1.239388,2.367305,-1.788346,1.088122,0.233275,0.003663,-0.985551,1.062869,1
-1.350940,-0.496030,-0.931409,1.131329,0.248232,-1.180153,-1.931094,-0.068332,0
-1.110511,0.800093,1.544333,0.695438,1.178879,0.099089,1.073017,0.253419,0
0.102264,1.154458,0.236794,1.295902,-0.268221,0.001749,-1.299655,-0.905242,1
-0.895155,0.109615,0.154539,-1.067656,0.026137,-0.729273,0.279907,0.116483,0
-1.136395,-0.525160,0.190553,-0.712210,0.523748,0.686107,0.838256,0.228294,0
-0.842497,-0.365310,-0.227652,0.263227,-0.554283,-0.017925,0.589859,-0.686719,0
0.953348,0.385394,-0.459862,0.525454,0.288346,-0.053999,-1.688916,0.111179,1
-0.048444,-0.008990,-0.282745,0.123787,2.097808,0.629331,0.775972,-0.312648,0
3.255488,0.711980,0.135634,-1.621909,0.096373,0.758058,-0.704664,-0.238231,0
0.555319,-1.466640,2.408739,-0.218224,-0.182604,-1.188049,0.828851,0.855643,1
0.880253,-1.005767,0.842292,-0.729762,-1.505180,1.199191,-1.279561,1.184586,1
0.902158,-0.569519,-0.183270,0.199520,0.665540,-0.841395,0.173080,-2.991743,0
0.440138,-0.513866,-0.288296,0.260808,-0.341976,-0.885692,-0.029708,0.191305,1
0.710060,1.405594,-0.732249,-0.110502,0.940105,1.338329,1.930401,-1.083741,0
0.169383,-0.111919,-0.431050,0.885746,1.792869,1.032630,-0.781567,1.527979,1
-0.040655,0.021205,0.287942,0.784758,1.092624,0.848114,0.171607,-1.113191,1
-0.209153,-0.748013,-0.227311,-1.463763,0.407538,0.540602,-0.299324,1.550912,0
0.554039,0.124634,0.821765,-0.391719,0.576736,0.215607,0.056357,-0.882068,0
0.831506,-0.128479,-1.074224,-1.968358,0.322191,1.494481,-1.246836,-2.157302,0
-0.538135,0.892421,0.565494,-0.274708,0.220255,-0.662919,0.596723,-0.810108,0
-0.928875,0.653262,0.739260,1.281392,0.028281,0.441056,-0.571478,0.877969,1
1.073354,-1.466275,-0.509126,0.986113,0.143792,-0.237248,0.271525,-0.276450,1
-0.965194,-0.578064,-0.349326,0.679969,0.913305,0.135997,1.004213,-0.812201,0
1.480974,-1.356437,0.265417,0.910846,-0.266751,-2.120672,-1.100264,0.188993,1
-0.878426,0.550094,-0.307989,1.855913,0.713874,-0.672695,0.235086,-0.149994,1
0.896407,-1.755910,2.111733,0.384797,0.528623,0.203395,1.496192,0.004179,1
-0.581327,0.457365,-1.448179,0.058160,-1.335915,-0.416798,-1.750177,-0.702683,0
-0.175329,0.655209,-0.567965,-0.327415,-1.506725,-1.000521,-2.375405,0.265584,0
-1.285949,0.075598,-0.559752,0.599671,-0.008026,-1.235724,0.061648,0.754788,0
0.557532,0.253976,0.257187,0.421842,0.194236,-0.137136,-0.469573,-1.640840,0
1.047402,1.710883,0.226618,-0.241846,-0.029128,1.189735,0.287185,-0.955820,0
-0.744350,-0.418576,0.798276,0.111842,-1.920114,0.613285,-1.140212,-1.375743,1
0.875892,-1.569749,0.686893,0.688794,-0.351760,-0.633798,0.066343,0.152379,1
-1.217881,1.017738,1.136254,-1.235190,0.686106,-1.854403,1.406635,0.315216,0
0.216592,0.199311,-0.363965,1.579678,0.505556,-0.020260,-0.111764,0.203124,1
-0.303562,-0.652559,1.672672,0.432045,-0.693356,-1.077899,0.872674,0.271475,1
-0.432731,-1.179759,0.174754,-0.535913,0.215888,0.424254,0.695565,-0.308573,0
0.037302,1.282481,0.155868,0.868215,1.099736,-0.108018,0.710454,-0.948458,0
0.346071,0.115411,0.671943,-0.537313,0.559309,0.300290,-3.405869,0.355726,1
1.919684,-1.558814,0.927521,-0.273522,0.209595,-1.389496,-0.456823,-0.576636,1
2.119590,-2.416510,-1.774885,0.661759,-0.097419,-0.614256,0.599590,0.101850,1
0.267448,0.019289,-0.861266,-0.144524,-0.012971,0.627033,2.451144,1.221149,0
0.428208,-1.573446,-1.453585,1.066302,0.801045,-1.509251,0.459271,-0.040675,1
-0.311199,-0.006770,2.192677,1.297176,0.192895,0.141384,0.981511,-0.996800,1
-0.940635,1.071253,-0.492151,0.642353,0.729092,-0.494506,0.749521,0.503548,0
-0.688132,-1.446770,-0.432562,0.208628,0.424473,0.578694,0.726442,-0.124906,1
-0.723296,0.502573,-2.399994,-0.570444,0.578957,1.978223,-0.721726,1.511637,0
1.863415,0.684968,-0.163692,-1.311744,0.853224,0.350177,0.718363,-1.072602,0
0.381779,0.859096,0.565009,-0.037435,-0.645826,-0.730011,-0.427257,-0.542862,0
-1.395227,-0.819089,-0.857252,-0.448410,-0.203263,0.799349,-1.304747,-1.416373,0
-0.541295,0.479372,-1.051872,-0.770971,-0.254711,-0.024452,-0.758100,-0.780647,0
-0.743835,0.649965,0.917792,1.635052,-0.073280,-0.629630,1.507605,1.011984,1
2.124705,2.170308,-0.729237,0.040910,0.777271,-1.221100,1.738042,-0.717417,0
-1.143874,1.855103,0.800333,-0.181366,-0.737812,0.386766,-1.030012,-1.951340,0
-0.265839,1.411854,1.139057,0.567358,0.268565,-1.130273,0.092334,1.791659,1
-1.355975,1.480793,-0.996994,0.552384,0.778340,0.221209,0.161439,-1.132728,0
0.468657,0.425936,-1.488054,1.252715,-1.597492,-1.445471,2.672482,1.296447,1
1.356908,-0.092710,-0.656023,-0.520749,-0.925069,0.906664,0.087823,-0.562499,1
-1.228780,-0.929534,0.220868,0.474570,-0.387934,-1.051644,0.342006,0.360114,1
-0.496924,1.077128,3.061454,-0.585198,-1.524170,-0.550759,0.663001,-0.471523,0
-1.648994,0.843840,-0.929024,0.597865,-2.381873,-0.097134,-0.887540,1.282385,1
1.310080,0.572325,-0.589543,0.917099,-1.190448,-2.236749,0.650920,-1.254882,1
-0.345294,0.116020,-0.710012,0.395582,-2.316621,0.902117,-0.410847,1.485088,1
-0.661171,1.433237,1.568585,-0.010880,1.044776,-1.008520,1.555068,0.787525,0
1.727655,1.245766,0.807815,0.501233,-1.129455,1.136789,-0.446380,-0.802210,1
-1.462976,-0.754855,-0.834802,-0.722165,0.853734,-0.600948,1.364353,-2.091034,0
1.001672,-0.046581,0.687393,-1.275502,-1.052732,-3.313854,1.017871,0.452302,0
0.849164,0.684143,-0.044089,-0.380010,0.405143,-1.298039,1.011525,0.522887,0
-1.178538,-1.149293,-0.039084,1.825645,-0.207379,-1.717347,0.821305,0.768233,1
0.196429,0.175532,-0.134719,-0.735237,0.997331,-0.474789,-0.101965,0.206696,0
0.918343,0.913632,0.295006,0.313038,-0.831935,-0.063903,0.129329,-0.741658,1
0.172040,-1.219629,0.382016,-1.887240,0.492395,1.544324,1.187751,1.492910,1
-1.145383,0.763315,1.689486,-1.944548,-0.125529,0.075974,1.050297,1.519589,0
-1.571641,-0.236064,-0.046686,0.650897,0.540228,1.403142,-0.302498,0.176884,1
0.685136,0.367467,1.710956,1.447371,-0.550485,1.019663,-1.183570,-1.718810,1
-0.427718,0.824370,-0.568894,-0.500333,1.561613,-0.049813,0.956453,-1.027733,0
-0.992076,0.463075,1.808973,0.582350,1.134136,0.463412,-0.965597,-0.297336,0
0.450355,-0.452979,1.057434,0.205261,1.651093,-0.133741,0.010606,-2.168346,1
-2.119717,-1.408883,-0.896911,1.009181,-0.575225,0.621145,-1.032403,-0.845330,1
1.076497,0.007844,-0.330068,0.635998,0.419674,-0.224691,1.767865,-1.769945,0
-0.336392,1.471400,2.472942,1.472219,0.437221,-0.777422,-0.759835,1.686759,1
-1.392538,0.026719,-0.312350,-0.897871,-0.894514,1.280665,-0.629225,2.310738,0
-0.092751,-0.050861,-0.085501,-1.037519,-1.227434,-2.593362,0.341969,-0.197192,0
-1.056825,-0.784082,0.756613,-0.462182,0.193560,-0.692853,1.474337,0.447090,0
-0.633092,-1.089891,0.380217,0.327794,-0.913913,2.305871,-2.100511,-0.834748,1
1.004525,0.272938,-0.434538,0.793117,-0.806091,1.042913,0.208316,-1.075918,1
-1.528336,0.061270,-1.323985,1.123617,1.299872,1.011227,0.665016,1.149207,1
0.880615,-0.784710,1.083647,-0.984101,-0.124135,-1.716498,-0.864723,-0.832849,0
0.885052,-0.108364,-0.236600,-0.689985,-0.114494,1.615114,-0.686913,-0.349883,1
0.732425,-0.222625,-1.041287,-0.946416,-0.862626,2.167241,-0.332880,-1.110777,0
0.009123,-0.464503,-0.674593,1.818027,1.511036,0.338470,-1.152285,-0.525315,1
0.497051,0.167301,-1.802565,1.431371,1.008400,0.131133,0.653644,-1.338999,1
0.123436,-1.315840,1.831186,-1.341310,-0.354245,-0.883000,1.517589,-0.482316,0
1.909657,-0.069927,0.753882,1.231239,0.158145,-0.018659,0.832590,-0.009568,1
-0.116023,0.810938,-0.205761,1.175212,0.414586,-0.420803,1.248395,-1.516549,0
-0.794917,-1.434309,-0.316384,1.510202,-0.839327,-0.020681,0.333615,0.874987,1
0.114141,1.092233,-1.110081,1.175036,1.113337,-0.411686,-0.847605,-0.373255,1
2.431391,1.362090,-0.534428,1.938634,0.939031,1.034835,0.771959,2.189007,1
0.247191,-0.256317,-0.188107,-0.324346,1.278319,0.241122,1.511414,-0.163870,0
-1.382907,1.082520,0.570493,0.488795,1.121228,-0.716117,0.932446,0.506022,0
-0.403289,0.035834,-1.272800,0.104594,1.264905,-0.220427,0.559207,0.633447,0
1.336380,2.419586,-0.367264,1.764403,-0.894268,0.185316,-0.080243,-1.333746,0
-1.046618,-0.896648,0.388273,-0.173114,-2.513633,-0.305458,0.477087,0.096764,1
-1.840034,1.843919,0.375357,-0.456650,-1.121800,-1.474437,-0.811492,0.013112,0
0.745760,-2.617988,0.511955,-0.886078,-0.472448,0.792684,1.707402,0.160866,1
1.323473,-0.766180,1.288495,-0.701714,0.204334,0.458124,-0.420201,0.449513,1
0.188871,-0.879720,0.107506,1.453654,-0.078236,1.213811,-0.063382,2.046274,1
0.666317,-0.771983,1.412984,-0.811080,-1.570497,-0.391793,-0.100816,0.063292,1
-2.600500,1.552008,-0.645879,0.681457,2.585534,-1.618047,-0.409705,0.351397,0
-1.692401,0.245514,-0.945567,-0.309596,1.305182,-0.060647,-1.135031,0.069501,0
-0.268118,0.250515,0.478192,-0.284709,0.565163,1.972370,2.244459,-0.568919,0
1.935999,-0.533399,-2.353368,0.190377,0.505394,-0.902169,-1.862587,-0.359698,1
-0.351675,0.363753,-0.340542,2.339623,0.575612,0.278208,-0.182791,0.259991,1
0.595221,-1.229000,-0.209762,-1.544004,-0.699529,-2.390674,-0.405451,0.619193,1
-0.616688,1.574672,1.052078,-0.542831,0.478335,0.757229,-0.759134,-0.348155,0
-2.585558,-1.542448,-1.167278,-0.635060,0.141761,2.592576,-0.950613,1.676191,1
0.564795,0.190962,0.759265,1.445704,0.047562,0.193260,0.338655,1.759494,1
0.007528,0.071921,0.159459,-0.097491,0.274517,-0.092240,1.385689,-0.771488,0
-0.384311,0.856857,0.983236,-0.879136,-1.080594,0.621208,-0.871250,0.221714,0
-0.376184,1.246239,-1.649477,0.622326,1.017217,0.821457,-0.080002,0.763855,0
-0.506674,-0.293789,0.773359,-0.264927,1.250631,0.872338,-0.733523,1.049223,0
0.039454,-0.041585,0.039574,-0.791575,0.017411,-1.262863,-0.635537,-0.421999,0
-1.422603,0.163472,0.796528,-0.151296,-0.393599,0.148063,0.225623,-0.695333,0
-1.572264,0.970200,-0.678877,-1.138417,0.569340,1.093831,-0.386956,-0.823507,0
-0.915570,-0.017398,0.229693,0.657154,0.909949,-1.557577,2.211689,-0.298082,0
-1.640542,0.657784,-1.673024,0.821042,1.642474,-0.245874,0.706546,0.188163,0
-0.978600,1.476632,-1.690455,-1.407713,1.310402,-0.591658,1.363244,0.584855,0
1.800596,-0.238476,0.595423,-0.578260,-1.582453,1.390396,-0.131228,1.136974,1
1.153351,-1.263869,0.448150,-1.983845,-2.174076,-1.008849,-0.746725,-0.892565,1
0.619855,0.945166,1.510827,0.194215,1.443171,0.243526,-1.520517,-0.867190,0
0.554274,1.334210,-0.930661,-2.199059,-1.109918,2.001417,0.703757,-0.437296,0
-0.412519,0.136050,-0.890087,-0.222574,1.195432,-0.267697,0.020478,0.804274,0
-0.025751,-0.757707,0.413477,1.252104,0.048535,0.889470,0.296227,0.139318,1
0.965285,-0.661400,-0.795485,-0.610496,0.405041,-2.494251,0.412610,0.767532,0
0.099218,-1.268810,-1.491411,-1.829904,0.622421,-0.437136,-3.328320,-0.881337,0
-0.112293,0.534616,0.199943,-0.756734,-0.252656,-0.305393,-1.581681,-0.719805,0
-0.301658,-1.062517,-0.432653,0.195455,-2.456640,0.391487,0.259673,-0.219121,1
0.342062,-0.483365,0.199847,-1.164907,0.588015,-0.036710,-1.015087,-0.891611,0
1.508080,0.452672,0.231900,0.242546,-0.181729,0.030348,0.893341,0.440218,0
0.092722,0.691059,-0.925223,-0.741730,-0.456348,0.502778,-0.051800,-0.235883,0
-1.026397,-0.056911,-1.680422,1.240071,-0.082518,1.768297,-0.283963,-1.053168,0
0.800313,-0.559740,1.281470,-0.721668,0.450754,0.156995,-1.090761,-2.029105,0
-1.520307,1.501389,1.735925,-0.259510,-1.214478,0.865711,-0.047722,-0.836903,0
-2.413379,-0.521988,-0.932615,-0.408228,-0.587951,0.158868,-1.234555,0.907188,0
1.031657,0.108856,0.079641,-0.771002,-0.534313,-0.462331,-2.554855,1.896925,1
2.085605,-1.609191,-0.924321,0.519691,-0.850070,-1.330590,-0.848522,0.121713,1
-0.015380,1.562944,-1.161920,-0.470967,0.539960,-0.043945,0.169634,-0.869839,0
-2.424087,-1.118388,-0.502031,-0.604351,0.018235,-1.492088,-1.500771,-0.428246,0
-0.490920,0.269809,-0.874018,-0.685424,-3.021368,-0.572893,-2.244915,-1.046853,1
1.348068,-0.477771,1.458273,-0.688886,-1.746703,-0.583493,0.546743,-0.781860,1
-1.031732,1.037788,0.513573,0.693974,1.621824,-1.671041,0.001072,0.625979,0
0.285332,-0.054138,-0.781791,-1.538273,0.105448,1.819899,0.324582,0.437628,0
-0.284029,-0.861085,0.506955,-0.485608,-0.856079,0.141566,-1.708479,0.653436,0
-0.583494,0.118083,0.699991,-0.416685,-0.389793,0.890717,-0.203534,-0.987757,0
1.295699,-0.762520,0.444046,0.824836,-0.188801,-0.671755,1.502197,-1.363521,1
0.941470,-0.060963,-0.304618,-0.120358,-0.338971,0.678201,-1.052262,-0.387641,1
-1.744669,2.306036,-1.610209,-1.171487,0.428044,0.177773,1.531962,0.202412,0
0.714130,-0.296257,-0.831048,-0.808798,0.167745,-0.869143,-0.352571,-0.482247,0
-0.012428,0.180478,-0.496103,1.243778,-0.057307,0.486282,0.638485,-0.926623,0
-0.063924,0.035486,-1.395654,-0.827501,-1.293459,-1.032473,-0.003072,-0.912646,0
-1.213810,-0.222989,0.507091,-2.050621,0.034513,0.209135,-0.080208,0.241483,0
-1.333122,0.726860,1.879075,0.781495,-1.300437,-0.591653,-1.542518,-0.965861,1
2.253229,-2.104173,1.647152,-0.946483,0.672349,0.339308,1.231615,-0.226930,1
-0.080045,-3.029568,-0.321171,2.813447,1.445825,0.564526,0.047601,-1.097891,1
-2.187836,-0.904744,-1.558009,0.668273,-1.107298,-0.721331,0.518179,0.989285,1
-0.877613,-1.183572,0.409647,-0.680936,1.122803,-0.128541,-0.139623,0.273863,1
1.520063,0.747966,-1.265432,2.174819,-0.431065,-0.166797,-0.509039,-0.590932,1
-1.475227,0.247008,0.092838,0.163037,-0.525591,0.073557,0.235235,0.585772,0
-0.335654,0.698379,0.300352,-0.563502,-0.913133,-1.037360,0.274670,-0.118195,0
-0.379835,-0.022819,1.584257,0.462506,1.073727,0.726127,-0.146385,-0.403312,1
0.588167,0.258478,0.066576,0.824811,0.869603,-1.286541,1.476383,-0.188920,0
-0.707406,-0.348091,0.014293,-0.983253,0.049364,-0.310191,-0.061114,2.808295,1
-0.273070,0.496539,-1.854565,-1.218164,0.499010,1.066868,-1.703926,0.003203,0
-0.293772,-0.064049,-0.398219,0.172160,-0.196000,0.416784,1.042947,0.774284,0
0.110814,-1.597103,1.770523,0.595297,0.356673,0.476459,0.233370,0.056091,1
-0.684010,1.852989,0.559443,-1.788909,-1.327091,0.475283,0.113714,-0.148723,0
0.437215,1.361674,0.299115,0.529068,-0.946297,-0.214827,0.764224,1.046535,1
-0.049509,1.338910,0.341586,0.315091,0.847912,2.087697,0.122038,-0.850393,0
0.494732,-0.196331,-1.166761,1.049324,-1.087306,1.127579,0.242152,-0.157492,1
0.812936,0.331640,-1.514726,0.570673,-0.291890,-1.534704,1.215803,0.047636,0
-0.119761,-2.001063,-0.883150,1.039280,2.065029,-0.547653,-1.859262,-0.978342,1
-0.012183,0.539874,-0.137386,-1.059839,0.733024,1.179612,1.282053,1.301792,0
-0.603655,1.225817,0.391845,1.016416,1.836220,-2.300421,-0.075199,0.951058,0
-0.608657,0.404128,1.209864,-0.024933,0.039605,0.062585,0.000400,-0.378636,0
-0.238293,-0.279583,-0.154113,-0.710906,-1.590706,0.185414,1.453628,-1.833652,0
0.416706,-0.631890,1.519090,-1.480094,0.350641,1.009646,1.426378,0.659014,0
0.140730,0.228314,-0.545607,0.327385,-0.157620,-1.293832,-1.198023,-2.333955,0
0.162883,-1.805118,0.470669,-0.509225,-1.152400,0.596952,-0.758010,1.086628,1
0.031806,0.243898,0.191575,0.308777,-0.513345,-0.103106,-1.484534,-1.128159,0
0.419889,-0.279306,-2.056769,-1.245319,-0.440459,0.980776,-1.139970,0.812292,0
-0.754831,-0.833071,1.135015,0.076879,-0.113930,1.351746,-1.193045,-0.070994,1
0.191684,-1.264349,-2.778721,0.219585,-0.798103,-1.141439,0.326306,0.333353,0
-1.002331,0.101369,-0.932792,0.119209,0.308102,-0.000713,-0.328611,0.239894,0
-0.513866,-1.203124,0.628853,0.092611,-1.080367,-0.267770,0.919567,0.529018,1
0.865351,-0.755219,0.364502,0.399481,1.284035,-1.056816,1.378398,0.590414,1
1.058730,2.222663,0.736222,-0.284378,0.479482,0.090736,-0.472120,1.413466,0
1.434635,-1.034216,0.082098,0.292745,-0.897838,-0.682043,-0.704288,2.116259,1
1.387180,2.161930,-1.126053,-0.647982,-0.593722,-0.352279,-2.133540,0.080322,0
0.801865,0.968441,1.903182,-0.617908,0.009494,1.267079,-0.249740,0.553650,1
-1.686512,-1.354177,0.742135,-0.156709,-1.104996,0.330260,0.303292,0.906071,1
-0.586164,-0.750508,-0.422938,0.456459,1.346652,-0.216665,1.075878,1.126176,0
-0.795546,-1.589026,-1.287481,1.003373,-0.193488,-0.577358,-0.777574,-0.808113,1
-0.559315,0.744888,1.024595,-1.471886,-0.861308,-1.723110,-1.082439,0.941509,0
0.870464,0.676455,-2.150913,-0.317100,0.922014,0.410747,0.371567,-1.363285,0
-0.048900,1.686515,0.309443,2.026459,-0.681731,0.904402,0.247939,0.790950,1
0.368673,1.401495,0.269059,0.288137,-0.840468,0.181587,0.471678,1.566929,1
1.093992,0.104287,-0.713907,-0.509730,1.020474,0.227003,-1.622358,2.130348,0
1.745108,-0.463313,-0.233697,0.154453,-0.406350,-0.423486,-0.159148,0.859044,1
1.311815,-0.066400,1.999218,-1.507916,0.071728,-1.438886,-1.709386,0.292990,0
-0.512806,-1.030405,0.622418,-0.350851,-1.487637,-1.596822,-0.748503,0.200403,1
0.565595,0.172736,0.832297,-0.219405,-1.037860,0.418460,-0.744265,-0.318784,1
-0.883209,0.015769,-0.045139,-0.422356,-0.130538,0.282769,-0.252596,-0.184865,0
-0.514499,-0.894948,-0.668547,-0.086789,-0.749800,0.180632,-0.214316,-0.424020,1
0.504621,-0.067335,-0.037951,1.893363,-0.153247,-0.428313,0.403078,1.260092,1
0.069881,-1.844570,0.631540,-0.262913,0.435850,0.411763,0.252155,2.131388,1
-0.607665,-0.446216,0.593970,-0.951036,-1.281204,0.174993,-1.057575,-1.082274,0
-1.460447,0.423263,-0.214066,-0.862771,-0.511158,-0.228286,0.949634,0.277279,0
0.198834,-2.133315,1.074005,0.129412,-0.211140,-0.390464,0.876044,-0.203467,1
0.520634,-0.830960,0.210561,0.422078,1.694963,0.161933,0.193114,1.592895,1
-0.403776,-0.683626,1.569201,-0.070172,-0.846534,-0.894199,0.278757,-1.748452,1
0.833750,-2.087159,-2.036759,-1.499363,0.566805,-0.232677,0.668126,-0.035873,0
-0.478714,-1.786885,0.679852,-0.284685,-0.612260,1.604179,-1.199057,-0.321741,1
-0.274573,1.004936,1.258154,-0.474598,0.162905,-0.348413,0.045887,1.620502,1
0.605496,0.978940,0.323915,-0.968152,-0.289773,-0.760948,-0.329428,1.489652,0
-0.972598,0.052365,-0.040801,0.323471,-0.242700,0.805453,0.183757,0.161833,0
0.024073,-0.691823,0.833334,-0.217889,-0.035433,1.409812,1.043960,-1.093378,1
0.009093,-1.182719,0.499509,-1.833706,1.264217,-0.995053,-0.511853,-0.988047,0
-0.273959,0.831628,-1.792622,1.581349,0.536890,-1.006235,-0.901071,0.267368,1
-1.725668,1.717645,0.657661,1.106012,1.031858,1.318770,-1.626847,0.111747,1
1.941243,0.258102,1.605404,1.255002,-1.195203,-0.064578,0.405773,-0.409739,1
1.123770,-0.487843,1.117578,0.238836,-0.246979,0.399231,1.755276,-1.540836,1
0.763660,-0.226241,-0.425944,-0.514912,0.889485,-1.053295,0.181882,-1.954380,0
1.569877,-1.032967,0.101499,0.741819,-1.390231,0.359219,-0.728180,-0.574489,1
-0.044712,0.577010,0.370203,-0.230041,-1.903118,0.710344,0.190707,0.084212,0
-0.038872,0.463151,2.609279,-0.551372,-0.235538,-1.106467,-0.034258,-1.707452,0
-0.046653,-0.463759,-0.754285,-0.361009,-0.432468,0.677661,-0.125572,0.376743,0
1.710561,-0.868165,1.077112,-1.510664,-0.358906,-0.159834,-0.217565,-1.888301,1
-0.254011,-0.140556,-1.148392,2.401401,-1.895419,-1.417746,0.490930,-0.782256,1
-0.239775,-0.288022,1.297681,-0.942006,0.361382,-1.053631,0.304837,1.052171,1
-1.142492,1.006831,0.023621,0.023152,0.716778,0.184773,1.020088,-0.746256,0
1.993959,0.260861,-1.256982,-1.025562,-0.706746,-0.612592,-0.204627,0.325884,0
-0.285822,1.259012,-0.787089,-1.427150,-1.124552,1.771567,-0.458773,1.107296,1
-1.073965,-0.938821,0.897514,-1.043464,-0.063434,0.073476,0.679392,-1.224118,0
-0.123555,0.427752,-3.033952,-2.073454,0.500645,-0.119778,0.090785,-0.426623,0
-0.632948,0.491715,-0.164624,-0.421403,-0.342584,0.942193,0.958592,0.950625,0
0.837608,0.653158,-0.093754,-0.702888,-0.137817,0.843931,0.075776,0.657668,0
-0.777590,-0.118077,-0.359054,-0.079891,-0.478457,0.663958,0.685310,-1.571589,0
-1.280595,-0.018981,-0.336639,1.133145,1.213159,1.613153,-2.544846,0.092561,1
-0.967601,-0.959102,1.745452,1.966048,-0.789563,-0.051550,0.978628,-0.117686,1
0.633064,0.168806,0.831941,-0.686475,-0.547299,-1.109484,-1.866408,2.093154,1
-0.037011,1.863682,1.115887,0.705876,0.406454,0.208909,0.494062,-0.164846,1
-1.197977,0.094845,-0.341035,1.398542,-1.207274,-1.087020,0.025466,1.528019,1
-2.247774,-0.371667,-0.217400,-0.447788,-0.281412,-1.529561,-0.820879,1.509671,0
-0.490674,-0.132179,0.812125,0.710289,-0.596284,0.127044,-0.947573,0.019400,1
0.028763,-2.831917,-0.304249,-0.190478,0.164635,0.271708,-1.061961,-0.904426,1
-0.230965,0.101591,0.555069,1.148003,0.208358,-0.839370,0.461853,0.827230,1
-0.456194,-0.094338,1.347446,0.253512,0.226202,-0.228180,-0.215830,-0.694690,0
-1.746468,0.019812,0.582157,2.176889,-0.455778,1.106353,-0.577703,0.909829,1
0.763603,0.341859,1.988504,0.541253,-0.251145,0.329562,-0.417544,0.530379,1
0.562615,1.016253,0.704303,1.013004,0.372824,0.277956,-0.729137,0.329128,1
0.022413,-0.082036,-1.169435,-0.413172,-0.533255,-2.371760,-0.243075,-0.668559,0
1.088366,-0.409309,-0.142323,-0.358428,-0.974392,0.482269,0.156626,1.785860,1
-2.219260,1.842081,0.774792,1.410392,0.638913,-0.244358,0.519714,0.013799,0
0.904254,-0.487819,0.072859,-0.339316,-0.423446,0.896212,0.999396,-1.114468,0
0.554182,0.646328,0.718759,0.913646,1.979213,0.356330,-0.756747,-1.653145,0
0.161106,0.863192,-1.591761,0.195181,0.899598,1.594968,0.588972,-2.890877,0
-1.821537,0.841469,1.649816,-0.326840,1.678120,-1.526248,-0.187782,1.372218,0
0.584499,-0.561019,-0.020442,-0.333724,-0.154989,-0.396815,0.097759,-1.602631,0
0.669475,-0.880074,-0.313636,0.121710,0.315650,-1.259912,-0.468993,0.306234,1
0.092833,0.924062,0.502660,1.219425,1.423224,-1.547590,-1.280008,-0.556853,0
0.707520,-1.121571,-0.858488,-1.124782,0.637392,0.198545,-1.752536,0.804516,1
-0.465096,1.224975,0.368805,-1.944199,1.249148,0.182452,0.651965,0.240048,0
0.398768,-0.418249,1.304384,0.126315,0.030633,1.380457,1.410056,-0.872574,1
1.341870,0.046427,-0.771400,1.026959,-1.101757,0.716477,-0.578840,1.266790,1
-0.520583,-0.687493,0.215400,0.185942,-0.572144,-0.475950,1.400446,1.018283,1
1.305238,-1.517947,1.757318,0.899527,-1.670246,1.350089,-0.167831,1.281889,1
-0.437056,0.873306,-0.682165,-0.319820,-1.253922,-1.555054,-0.132202,-0.701804,0
0.165760,0.717254,-1.034120,-1.355744,-0.153283,-1.422989,-0.492412,-1.186007,0
0.768048,0.753969,1.832331,-1.583334,-0.350599,1.259789,-1.092883,-0.126672,1
1.588142,0.111607,0.800524,0.190438,0.627360,1.067902,0.585060,0.675457,1
-0.810959,-0.807378,-0.636770,-0.543494,-1.488472,0.342878,0.351280,1.587473,1
-1.386951,-1.629929,-0.516648,-0.230815,0.937494,-1.483994,0.671170,-0.123023,0
1.162324,-0.131397,1.392962,-0.039368,-0.319268,0.282886,1.329709,0.145623,1
-1.356273,-1.515725,0.642330,-1.126354,-0.861801,-1.415209,-0.443806,-0.405100,0
-0.303364,-1.012375,1.124892,-0.215240,0.600475,1.035244,-0.377781,0.468007,1
-0.402554,0.580586,1.057643,0.431068,-0.008719,0.069169,-0.084753,2.165062,1
-0.719886,-0.844812,0.483683,0.803356,-1.882493,0.730102,0.938377,0.817792,1
0.226318,-0.717201,-0.516620,1.297317,-0.379635,-0.167527,1.248057,0.207306,1
-0.821695,0.064297,0.391397,0.611694,-0.967371,0.400447,-0.638218,-0.472331,0
-0.775371,0.246837,-0.693182,1.244176,-0.182023,-0.390204,0.659821,-0.248249,0
-0.074233,1.982441,-0.183284,2.012136,-0.937704,0.381749,-1.074826,-0.569844,0
-0.380547,-0.019829,-0.439781,0.176314,-0.013474,1.746814,0.600960,-0.039088,1
-1.925929,0.057719,0.596560,0.074673,0.330571,0.026460,-0.462462,1.066143,0
-0.282785,-1.848732,-1.185858,-0.343499,-0.656350,-0.794521,0.821735,1.751003,1
0.357818,1.106762,0.271834,-0.751582,-0.373559,-0.229106,0.034901,0.643265,0
-0.052275,-0.498509,-1.231043,0.017110,-3.296238,-1.677633,2.903800,-1.146883,1
1.239865,0.732332,0.212265,0.160450,1.079727,0.630994,0.260409,0.737166,1
-1.081164,-1.390933,-2.927870,-0.781467,-0.753027,-1.512986,-0.370249,0.923483,0
0.087898,-0.459578,0.823899,0.858878,0.512976,1.176710,-0.507561,2.342307,1
0.748462,-1.635370,0.502644,-1.008519,0.049242,1.041386,1.031894,1.345048,1
-0.927228,-0.147619,-1.335318,1.086511,1.145225,0.048212,-0.562495,-0.042069,0
-0.760012,0.018380,1.348835,-1.376192,0.639463,-1.559848,0.792727,-0.446957,0
-0.015719,0.840947,1.083166,-0.366575,-0.040765,-0.580965,-0.344431,-0.364851,1
0.513822,2.159032,-1.420259,-0.107718,0.117806,-0.148244,-1.467112,1.636671,1
0.184292,1.727038,0.078882,-0.726093,-1.792800,-0.093146,-0.970814,-0.739732,0
0.344319,-1.330535,-0.205882,-1.377808,0.351096,-1.325519,-0.563476,-1.628575,0
2.133507,-1.993843,0.807800,-1.518383,-0.466583,-1.178729,0.007003,0.464765,1
-0.640303,-1.301876,-0.417078,-0.668009,0.318081,-0.510974,1.457980,0.659990,0
-1.002534,0.341147,-1.131353,-1.241179,0.202045,-1.808508,-0.410437,-2.639211,0
0.344938,-0.734714,1.731134,-1.109603,0.629827,-0.944311,-0.117748,0.805798,1
0.517717,-0.163840,2.198770,-1.537972,0.206954,-0.782796,2.046329,0.248139,0
0.350751,-0.859816,-1.652950,0.314361,-0.541940,-0.445385,-0.012433,-0.847531,0
-0.361547,1.437032,0.487076,0.596379,1.230328,0.474648,-1.353736,-0.814720,0
1.135570,-1.848680,-0.846825,0.355135,0.751659,-1.282474,-0.429817,1.449030,1
1.054370,-0.384883,0.467124,1.629417,-1.360434,-1.416345,-0.728659,-0.243380,1
0.206775,-0.496966,-0.276031,-0.009669,0.502075,1.203063,0.206863,-0.079354,0
-1.138655,-0.922994,-0.482676,2.085772,-1.114802,1.577275,0.091563,2.462360,1
-0.572250,0.551891,0.817929,-0.652416,0.624085,-0.382443,0.451575,-0.358621,0
-0.957913,1.254239,-2.436688,1.185526,1.136757,-1.073748,1.196927,-1.861312,0
-0.437643,0.863687,0.400448,-0.656791,1.230981,1.673348,0.078516,0.935855,0
0.772547,-1.185074,0.888353,1.185969,0.129470,1.379562,-2.137728,1.292883,1
0.250644,0.892892,-0.243866,0.055865,1.236348,-1.144397,-2.082388,0.784123,0
-1.532187,0.045131,-0.201169,-0.391695,0.593826,0.194051,-0.211093,0.598127,0
0.479465,-1.664313,-0.258149,0.239560,0.374828,-0.055451,-0.402990,0.739905,1
0.258945,-1.159454,-0.957728,-0.141467,1.826343,0.321162,-1.439496,1.198634,1
0.656988,0.221495,0.324455,2.170095,-0.931707,1.253881,-0.000090,-0.146149,1
0.676066,1.263899,-1.411729,0.526826,0.805522,0.217657,1.288097,1.104477,0
0.107532,-0.821456,-0.107097,-0.047924,0.038430,0.254197,0.101482,1.994030,1
1.160573,-0.451192,-0.196042,-0.427517,-1.265682,0.535555,-1.223237,0.786774,1
1.214971,-1.054698,0.069127,-0.332040,-0.054975,0.075468,1.583970,0.572369,0
-1.255768,-1.035116,0.342958,-2.605525,-0.763663,0.651244,0.006893,-0.227210,0
0.155279,-0.216459,-1.975181,-1.532602,-0.066788,1.290149,0.700710,1.249526,0
-1.027792,-0.070831,0.285998,0.598136,0.333380,-1.157204,1.341572,0.330695,1
-1.268923,0.605042,-0.188714,-1.108580,-0.057944,0.397594,0.680275,0.235835,0
-0.904189,-1.173831,-0.024962,2.461647,-0.978436,0.511582,1.299008,-0.637956,1
0.353201,-0.135919,0.355147,-0.185976,-1.649747,-0.402828,-0.294280,-0.022176,1
-1.025896,-0.985999,0.849003,0.432785,-0.052029,-0.482782,1.002512,0.247938,1
-1.126484,1.658740,0.935567,0.854028,-1.298688,0.446247,1.606167,0.613946,1
0.259286,-0.072058,0.864991,1.378470,0.060873,-0.787552,1.740485,0.904178,1
-0.405116,1.413055,0.835699,-1.115097,-1.522548,0.070027,-1.180023,1.101197,0
-1.146563,-1.337894,-2.027307,-1.244327,-0.287791,2.109943,0.665250,-0.638205,0
0.242446,1.237557,-0.319536,-0.273561,-1.665846,0.726259,1.292546,-0.646382,0
-1.059473,1.237512,-0.832633,-0.282531,1.654759,0.598913,0.045885,-1.901988,0
-0.352122,-0.816538,0.195143,0.302815,-0.605010,1.090824,0.099907,0.228815,1
-0.990634,-0.762470,1.159322,0.548642,-0.843341,-0.122107,0.097838,0.573806,1
0.100835,-0.369300,-0.714075,-0.604277,-0.482276,-0.018458,-0.675393,-1.353816,0
-2.163621,-0.424157,1.766729,-0.153881,-0.497067,0.610645,-0.367241,-0.374051,0
0.399361,-1.712777,1.468136,0.427989,-1.154858,-0.473664,0.740537,0.458839,1
-0.038321,0.122966,0.970560,-0.121676,0.169795,-1.085448,0.401504,-0.080714,1
0.240971,0.789021,-0.451085,-0.177600,-0.364654,0.374662,0.201223,0.575108,0
-0.429470,-0.083815,0.202398,-1.172009,0.287305,-1.388844,-0.559986,-0.247647,0
0.322748,-0.601732,2.409286,1.608709,0.509610,0.340550,0.319281,0.623129,1
-0.869452,-0.512917,-0.323420,0.445156,-0.322797,-0.908865,-1.489416,-1.094418,1
0.481633,1.268338,-0.576050,0.362091,1.046702,1.196535,0.109824,0.493378,0
-0.672221,-0.163645,-0.748291,-0.432075,-0.096050,-0.313599,0.592959,-0.916495,0
0.733728,1.824769,1.240142,0.185704,1.011375,0.991074,0.486098,0.624417,1
-1.367960,-0.414764,0.438043,0.550332,-0.587002,-0.450268,1.516848,0.266466,0
-1.332420,0.200374,0.837780,-1.118961,-0.813338,-0.891272,-0.903528,0.075251,0
1.234184,0.466261,1.752001,1.055789,0.543969,-0.143319,1.366705,-0.296780,1
0.035288,-0.135313,0.347532,0.007731,0.186716,-1.086582,0.365553,0.260974,0
-1.798813,0.004746,-1.011180,1.331467,0.162140,-0.917313,-0.056821,-0.928698,0
0.923097,-0.151747,-0.746315,-1.818617,0.027422,-1.783596,-1.268154,-0.232857,0
-0.816907,-2.086406,-1.218389,-0.823240,-1.175416,-0.381400,0.787846,-0.304730,1
1.096751,-0.317793,-1.385830,0.684488,0.008739,-0.735895,-0.683761,-0.479540,1
-0.998411,-2.503168,1.159683,0.754875,-1.042028,-0.900558,-1.188089,-0.040360,1
-0.135735,0.573526,-1.368682,1.195982,-3.307325,0.622317,0.299431,0.207410,1
0.170735,1.140098,1.230761,-1.024066,-1.808125,-1.098505,0.387720,-0.201430,0
-0.176884,0.016079,-0.833950,-0.752943,2.036989,0.703754,-2.647471,1.166728,0
1.548093,-0.434829,-0.086820,0.452887,0.359521,0.685769,-0.797411,-0.378730,1
0.342277,0.203076,-0.471418,-2.790756,-0.240223,-0.793705,0.948655,0.081567,0
0.248746,-1.613573,-0.641844,0.970334,0.331312,-0.129854,1.243242,0.705938,1
-0.167052,-1.708618,0.438587,-1.351655,-0.573912,0.631725,0.213378,-1.378893,0
0.731846,0.468424,-0.773774,0.460635,0.188536,0.344024,-1.514412,-1.961639,0
-1.673974,-0.711391,-0.633877,0.773686,-1.107607,-1.673518,-1.455291,0.522466,1
1.101999,0.655075,0.250274,1.528302,-0.076809,0.098380,0.396789,-0.335739,1
1.203644,0.220590,-1.571942,1.030500,0.936667,0.849661,0.888765,0.677672,1
-1.400231,-0.401822,0.810180,-0.400272,-0.402959,0.554160,-0.074179,-0.953911,0
0.634725,0.554689,-0.919160,0.439559,-1.040234,-0.669486,-0.376618,-1.351996,1
-0.731980,0.217276,-0.230286,0.878810,0.419923,1.241599,0.713924,0.185544,0
0.629657,-0.813347,-1.926824,0.433018,0.478011,-0.462378,1.098529,0.955117,0
0.234045,0.025628,-0.547944,0.905115,0.928128,0.036770,1.412764,1.464020,1
0.848959,0.282889,-0.398482,-0.655559,0.261636,0.076949,3.228892,-0.363630,0
2.566126,-0.365967,-0.472684,-0.540194,1.196008,0.377801,-1.985852,0.169551,1
-0.019091,1.370759,-0.132947,0.663232,0.161884,1.722412,-0.457620,-0.087968,1
0.775558,-0.325443,0.168552,-1.233868,-1.219012,0.090441,1.655393,-0.929598,0
1.204810,-0.513599,0.714163,0.968298,0.295158,2.631821,0.035641,0.471083,1
-0.141330,1.715346,-0.120632,0.428962,-1.178755,0.580456,0.681588,0.694057,0
-0.575796,0.767458,-0.041920,0.000292,-0.406428,1.080662,-0.637743,0.852799,0
1.417034,1.507600,0.906662,-0.239429,0.401667,-1.544874,-0.903694,-0.403736,0
1.697546,0.354039,-0.126495,-1.414938,-0.666379,0.041666,0.201550,1.366937,0
-0.532967,0.932360,0.169654,-0.409371,-0.267228,-1.544535,-2.404736,0.570771,0
-1.526546,-0.696641,0.453846,-1.675002,0.016858,2.192980,-0.118642,1.640306,0
-0.035191,-0.435116,-0.968811,0.636267,1.699301,1.322362,-0.520674,0.535523,1
0.610304,1.344048,-0.453373,-0.529741,0.249475,1.455142,0.461627,-0.890940,0
-1.841759,1.159507,0.681712,0.247737,0.237769,-0.837196,-0.522919,0.926459,0
1.618111,-1.487573,-0.541732,-0.896008,1.345924,-0.855570,1.103360,0.699439,1
-0.853834,-0.719378,1.211098,0.288165,0.527775,-0.596254,0.361076,1.345292,1
0.461039,-1.462661,-1.460531,0.179358,-1.322684,1.371042,-1.375834,-0.113594,1
1.338681,-0.505773,-0.626961,-0.667419,0.752594,0.482356,0.169742,1.403507,0
-1.167901,0.679020,0.002828,0.778081,0.564001,0.961935,-0.579599,0.193689,0
0.251335,-0.794147,-0.166910,-1.342139,-0.135820,-0.201306,-1.843732,2.223732,0
0.570143,-1.303964,-0.826202,-1.390146,0.142263,-0.617076,0.511852,-0.183992,0
0.425181,0.261347,-3.027295,-0.134000,0.291077,-1.457912,-0.035844,-0.679092,0
-0.012313,0.485385,0.099692,0.668282,0.633363,-0.693295,0.108728,0.449956,0
2.203748,-0.209637,0.438981,0.507829,0.128064,-0.121888,0.859572,1.164108,1
-0.506842,-0.670220,1.481933,1.976914,-0.831201,1.666095,-0.310354,0.356219,1
-2.065938,-1.020797,-0.204274,-0.098964,-1.914506,0.656657,-0.292373,-1.109986,1
-0.675636,-0.606361,-1.926258,2.349470,0.098302,-1.765857,0.805849,0.875410,1
0.296242,1.434054,0.411879,-1.388789,0.415109,-0.263691,-0.231845,0.985933,0
-1.578318,0.855950,-0.882466,-0.121600,-1.842832,-1.495898,-0.191616,1.143037,0
1.539339,0.293121,0.260519,-0.593675,0.996013,-1.355097,0.297351,0.498313,0
-1.169106,0.583323,-0.380966,1.207336,-2.089594,1.127217,1.069134,-2.114447,0
-0.620258,0.382380,0.501149,-0.721602,0.224629,-0.140278,0.150134,-0.126270,0
-2.412614,-0.868969,-0.559614,1.753337,0.761432,-1.797482,0.071647,0.581733,1
0.087883,-0.198501,0.964489,0.136530,-1.464762,1.265673,0.467627,-0.574091,1
-0.939135,-0.205360,-0.321673,-1.030580,0.198274,-1.231931,0.321198,-0.369514,0
0.705728,-1.336358,0.190205,0.510493,-0.331955,2.435444,-1.561216,1.338557,1
-0.340350,-0.036975,-1.180103,1.127675,-0.347042,-0.994785,-1.148372,-0.429050,1
-1.359312,0.657626,0.103380,-0.671924,-0.526079,0.561539,1.127310,-0.278215,0
0.800173,0.748032,-0.916115,0.674706,0.689673,0.873672,0.508349,-1.088934,0
-0.589564,-0.122815,0.652440,1.360732,-1.021532,-0.102392,-1.026094,0.041050,1
-1.204874,-0.758432,0.020569,-0.968276,-0.553038,0.176496,-2.577984,-0.069607,0
1.226927,1.056475,0.320167,0.923206,-0.677542,-0.395149,0.820896,-0.952214,1
-0.036236,-0.577556,1.173641,-0.798707,-1.072213,1.001908,-0.398407,-1.142688,1
-0.266865,2.240260,0.060166,0.390106,-2.134843,-0.519644,1.125878,-1.456516,0
-0.766432,0.550802,0.931029,0.634004,-1.101383,1.781707,-0.208602,-1.287798,1
1.577600,-1.043339,0.936173,1.940113,-0.417544,-0.847759,-0.034345,-1.045612,1
-1.112136,1.848892,-1.002437,-0.982113,0.122261,-0.323807,-1.447481,0.986316,0
-0.361565,-0.484636,-0.226261,0.727693,-0.245412,1.267877,0.934884,-1.084107,1
-1.347796,-1.305523,0.635001,0.449513,1.611248,1.813794,-0.981839,2.040038,1
0.947616,1.011013,-0.358553,0.516440,-0.965197,-0.778628,-1.165348,-0.273168,0
-1.160250,-0.512509,-1.803192,-1.403763,0.266080,0.313430,0.268591,-1.444983,0
0.799811,-0.208085,-1.122782,0.061871,0.568020,-0.105355,-0.013998,1.418008,1
0.698318,0.937406,-0.537470,-0.660602,-0.355434,0.435025,-0.185820,-0.119373,0
-1.115960,2.186574,-1.772480,0.715213,0.721208,0.134282,0.957244,-0.081486,0
0.184760,-0.966038,-0.168252,-0.382513,1.067812,-0.623836,0.122737,-1.303004,0
-0.068875,-1.096477,0.551719,2.328956,0.628091,0.574028,-0.894328,0.514423,1
1.926003,-1.311538,-0.399188,0.724614,0.776746,0.840154,0.925980,-0.242838,1
0.838847,0.723969,-0.485771,-0.837273,1.097151,-0.400619,0.254250,-0.272642,0
0.994057,-1.976613,0.059253,0.064042,-1.030612,-0.310579,-1.164592,1.628559,1
0.570291,-0.459217,0.047186,-0.276266,-0.848841,0.000929,-0.982106,-0.033111,1
-0.329476,-0.441548,-0.675348,0.235288,0.698194,-0.486222,0.932552,-1.701182,0
-0.058862,0.834156,-0.116733,-0.013512,-0.183188,-0.207760,-1.104685,-0.740466,0
2.052170,0.472698,0.051455,0.098863,1.633269,-0.062094,-0.932476,0.442830,1
-1.112551,-0.533250,0.216005,-0.831820,1.152568,-0.818716,-0.485418,-1.213528,0
1.250259,0.891445,0.084398,-0.274147,0.716426,0.194052,-1.432669,1.036748,0
0.179255,0.078026,-1.657070,-1.229220,-1.128951,-0.368796,-1.077143,0.715584,0
-0.706114,-2.025839,0.442834,0.142706,-1.183724,-0.269799,0.801202,1.416403,1
-1.047039,-0.136668,-0.664256,-0.474595,0.947814,-0.647832,0.366828,-0.683290,0
-0.815821,-2.188650,0.954428,-1.142183,-0.474169,-0.723082,0.836768,-0.137016,1
0.844093,0.443260,1.455295,0.251947,1.795639,1.219154,-0.325312,0.726421,1
-0.254841,-0.751265,2.125051,0.329525,0.088513,1.129194,-1.028027,-0.121032,1
-0.800640,-0.041543,-1.401085,-0.359577,0.437194,-0.633026,-1.171082,-0.550646,0
-0.813655,0.912069,-0.466345,-2.188148,1.469288,-1.079578,-0.589668,0.235446,0
-0.425694,-0.652426,-0.095042,0.091611,-0.341518,-1.831962,-0.233409,-2.658327,0
-0.475850,0.420662,-0.224644,1.285569,-1.238592,0.411934,0.548213,-0.166576,1
-0.635339,-0.119803,0.780826,-0.961978,0.999849,0.083392,2.170098,0.141371,1
-1.035222,0.724318,-0.297201,-0.992210,-1.378094,-0.462689,-0.179621,0.044698,0
-1.653902,1.625975,-0.483664,0.311323,-0.543959,-0.750860,0.235545,-0.923821,0
-1.643576,-1.039613,-0.314560,1.581973,1.540418,-0.751214,1.152086,2.278992,1
-0.212975,-0.484308,-0.585204,-0.960528,-0.692088,0.117084,1.117629,1.574197,0
-1.008655,-1.028524,0.733772,-0.475793,1.379132,-1.587857,0.737620,-0.254249,0
0.674220,0.168749,1.044938,0.110972,-1.502272,1.420823,2.795812,0.767766,1
1.058381,0.036938,1.372964,-0.111474,0.142098,1.028178,1.102782,-0.600991,1
0.110377,-0.909370,-0.803971,-0.080159,-1.883352,1.167755,-0.011341,1.050848,1
-0.596456,-0.906531,-0.197654,-0.270084,-1.429496,-2.572374,2.400069,1.632278,1
-0.282748,-1.097153,-0.002210,-0.300127,-0.962553,-1.757839,-1.376422,0.896432,1
-1.112330,-0.503825,0.049854,-1.655341,-0.240156,0.570633,0.955344,0.082972,0
-0.563589,0.764784,-0.413174,-1.238407,-0.136712,0.565573,-1.844454,1.003398,0
-0.051715,-0.851422,-2.044814,0.297184,0.474080,0.110930,-0.166185,-1.004945,0
-0.505513,-0.504574,1.039335,0.445986,-1.063235,-0.359267,-0.311509,-0.174405,1
1.454102,0.236533,0.580884,1.868655,-0.759969,-0.739846,0.502090,-1.398683,1
1.882315,-0.581400,-0.212432,-0.451106,0.565763,-0.215045,-0.063613,-0.937857,1
0.334112,0.481182,-0.408829,-0.530245,-0.930716,0.777794,0.239087,-0.629311,0
0.553153,-0.237391,0.233092,0.938462,-0.290650,0.614316,0.001694,-0.105211,1
-0.123545,-0.290400,1.075779,1.514351,-0.610312,-2.737252,1.295496,-0.014310,1
0.201658,-1.591966,-1.600299,-0.071180,-1.209834,2.112520,-0.107548,-1.793349,1
-0.554456,1.031840,-0.327554,0.833135,-0.265248,-1.275490,-0.130068,-1.831783,0
0.650325,1.422871,-1.004800,-0.164099,1.636278,1.458282,1.601368,-0.112079,0
-0.179445,-0.202810,0.374045,-0.676020,0.675286,-0.322769,0.196361,1.659986,1
0.117634,1.086011,-0.751815,0.873678,0.729775,1.482003,1.283676,-0.575622,0
-0.461610,-1.517562,-0.211805,-0.267845,0.295030,-1.759843,0.546473,-0.129979,0
1.157293,0.351249,0.372149,0.758421,0.164445,1.372157,-0.506530,-2.014282,1
-0.012935,0.450304,0.266939,0.376571,0.748708,1.143488,1.579501,-0.725679,0
0.498383,1.068819,1.113434,0.294549,1.164285,-0.563605,-0.457214,1.340882,0
-0.014953,-0.507410,-2.040866,2.524160,-0.370388,0.561397,-1.407297,0.202304,1
0.588988,-0.892822,1.639217,0.213479,0.530705,0.595079,0.570672,-0.307896,1
-0.697911,-0.943898,0.872228,-0.643282,-1.454744,0.394448,1.438296,0.376798,1
0.592757,0.847050,0.997246,0.867294,0.427477,0.844551,1.076181,-0.144290,1
-0.001461,1.093531,0.859107,0.353557,0.514370,1.021451,1.286440,-0.479212,0
-0.206786,1.242622,-0.483239,-0.226023,0.800576,1.152692,-0.276242,1.454431,1
0.405748,0.774253,-0.969023,0.931323,0.114548,-0.476120,-0.516715,0.049145,1
-0.576571,-0.292263,1.252768,-0.101993,1.141933,1.228518,1.489963,0.266706,1
-1.229008,1.733236,0.736211,0.453230,-0.650389,1.649464,-0.798719,1.627359,1
-0.308993,0.611102,0.291504,1.140438,2.489458,0.738058,0.373821,1.467168,1
1.792216,-1.690072,0.041076,-1.012485,-0.416269,0.830661,1.589274,-0.771729,0
-1.603601,0.365220,0.487566,0.808339,-0.526589,-0.566712,3.050211,-0.071947,0
-1.259967,0.275561,-1.965974,-1.248618,0.328493,-0.427704,-0.624392,0.608095,0
-1.284865,-1.490747,-0.067618,0.602251,-0.522905,0.289382,-0.064662,1.157019,1
-0.433215,-1.193521,0.218948,0.659364,1.312987,-2.359428,-1.014104,1.347216,1
-0.787940,-0.110030,-0.071349,0.390432,-0.528379,-1.362979,-0.112054,0.715565,1
-0.060191,0.061777,2.387884,-0.233741,-1.169510,0.816869,0.692774,0.678499,1
0.519264,0.436193,-1.424795,2.198888,0.530770,0.891513,-0.299108,-0.061968,1
-0.147070,-1.502674,3.070002,-0.780106,0.320064,-0.403527,0.742181,0.457678,1
-0.433708,0.577119,1.709315,0.419991,-0.237129,0.758204,1.524166,-2.152795,0
-0.118467,0.015033,-0.186625,-0.445903,1.845336,-0.616094,0.094608,0.687643,0
-1.007202,-2.765757,-0.053222,-0.192874,0.689209,0.088710,-1.288237,-2.177508,0
0.985870,2.121952,0.397689,-0.376127,0.892418,0.329492,-1.207782,-0.242104,0
1.102701,1.502465,0.219133,-1.430207,-1.677802,-2.162724,0.757894,-1.394079,0
0.122431,0.273113,0.116336,-2.581517,-1.751488,-0.644940,0.231069,0.588868,0
-0.460874,0.643654,2.774809,-2.644246,0.654698,-0.089295,-0.195370,-0.565731,0
0.277086,0.149441,-0.688183,0.553886,-1.611838,-0.274221,-0.288444,1.309178,1
0.098029,1.478717,0.100077,-2.013599,0.444278,0.510981,1.418974,0.591005,0
1.204011,-0.514911,-0.609591,-1.237100,0.503794,0.620876,-0.199051,0.066165,0
-0.136726,-0.393370,1.134016,-1.761783,0.299311,1.537479,-1.635773,-2.221017,0
0.027683,-0.235090,2.199027,-0.663696,0.778128,0.860463,-1.444280,0.588655,0
-1.034506,0.749874,-0.888260,-1.324988,-0.756227,0.621375,0.620769,1.257712,0
1.539590,0.035022,-0.590132,1.262128,-1.367040,-0.282905,0.359182,0.167727,1
0.076379,-0.206083,1.277789,0.069291,-1.216595,0.357116,1.033904,-1.601703,1
1.971918,-0.562249,0.107016,0.045121,0.640411,-0.241045,1.230119,-0.039213,1
1.994264,0.926535,-1.016298,0.413505,1.954263,2.103579,1.746110,0.139663,0
0.222163,-1.499924,0.432300,-1.406282,-0.664822,0.760723,0.339529,-0.174763,1
0.408431,0.329194,0.311660,0.125179,-1.551672,-2.056292,-0.552246,-0.367962,1
-0.749883,0.259918,-0.736562,-0.105098,0.286479,0.113119,2.259351,-1.602395,0
-0.090477,0.931380,-0.857461,-0.049220,-0.224026,-0.021402,-0.376609,0.321740,0
0.165748,1.473083,-1.519171,-0.786337,0.283780,0.289461,-0.412064,-0.259765,0
-0.069757,-2.282605,0.746559,1.750874,-0.407583,-1.186389,-1.697012,0.628621,1
0.411830,-0.836441,0.920754,-1.945455,0.920922,0.615011,-0.803446,-0.588679,0
-0.707428,-1.199689,-1.479094,-0.197764,1.140169,0.043513,-0.562180,-1.516356,0
-0.656489,1.365793,-0.269132,0.285107,-0.597748,0.266562,0.647566,-2.068516,0
1.721820,-0.766268,0.235212,0.067330,1.177099,-0.015433,0.358393,-1.955940,0
0.165205,0.917484,-0.421410,-0.081046,-0.129291,1.276633,-0.510118,1.512465,1
0.515703,1.085670,0.814783,-0.929465,-0.683620,-0.171610,0.444452,0.588645,0
1.065202,-0.097154,0.713293,-0.136604,-2.353801,0.075617,0.838959,-0.304354,1
-0.712224,-0.239047,0.187785,1.799777,-1.280118,0.147739,-0.917332,-1.368253,1
-1.261509,-0.013543,-0.224178,0.563165,0.523752,0.394949,0.417878,0.190608,0
-1.263337,-0.011407,-0.018801,-1.336704,0.981853,0.516908,0.330112,1.078695,0
-0.092896,-1.277477,-0.721808,-0.343203,0.941716,-2.304523,0.020255,2.000873,1
0.860272,-0.499662,-0.127181,-0.175831,0.249349,1.425115,-0.578649,1.060270,1
-0.137278,-0.701325,-0.299397,0.974370,-0.086174,1.040627,0.156945,-0.583981,1
2.135057,1.048994,-0.814801,-0.107225,-1.277748,-0.396608,-1.397082,1.167485,1
0.627369,-0.209905,-0.557652,-0.794035,-2.671837,0.115773,-0.276139,-0.013032,1
1.151469,-0.996871,-0.644235,-1.071390,-0.156659,-1.248111,0.176656,-0.554715,0
0.259058,-2.053695,-0.848551,1.388032,0.850142,-0.407992,-2.059900,1.392751,1
-1.063210,0.171802,-0.728489,-0.541972,0.377893,-1.199374,-1.104043,0.478685,0
-1.839433,-0.190769,-0.723849,0.507190,0.001013,1.026575,0.600819,1.001842,0
-1.892186,0.742920,-0.731984,0.888867,-0.049555,0.527200,-0.454191,-0.241447,0
0.662810,0.693624,-0.092810,0.154161,2.638899,-1.560931,-0.865287,1.468110,0
2.097958,-0.241068,2.622172,0.047303,-0.432860,-0.583676,-0.836114,0.136448,1
-0.998240,0.688488,-0.574611,0.711974,1.377874,0.931494,0.995326,-0.478250,0
-0.118114,-0.317695,1.162186,-0.848747,0.758970,-1.542814,0.417539,0.761406,0
1.612761,-1.325967,-0.659336,1.199809,-0.178964,-0.756472,0.295580,0.508495,1
0.138686,-0.188089,0.392552,1.162402,0.082480,0.981916,1.467551,0.235679,1
0.373601,-0.234139,-0.659919,-0.244920,-0.087291,-0.837509,-0.369832,0.549673,1
0.240951,-0.260812,-1.150574,0.067889,-0.154369,0.586754,-0.244157,0.001911,1
0.048977,-0.080191,1.572480,-1.181310,0.694168,-1.330742,-0.842961,1.167983,0
-0.373096,-0.138829,0.619093,-1.059131,1.598025,0.404100,-2.426264,-0.020503,0
0.561711,1.543645,-0.747724,-0.998573,0.362605,-0.188548,-2.125062,-1.502826,0
-0.657614,-0.220761,-0.152656,0.752321,0.227379,-0.022818,0.130111,0.661595,1
-1.365834,1.171606,0.929095,-0.031525,-1.432095,-0.296456,-1.317470,1.749972,0
0.487434,0.853211,2.723805,-0.281416,0.785543,-1.756523,1.122688,1.703164,0
-0.599610,0.864257,-2.051239,0.353949,-0.263779,0.876911,1.584023,0.429706,0
0.488144,-0.884123,-1.316700,0.804447,1.405826,-0.038234,-0.423765,0.607916,1
1.269329,0.284493,1.626067,-1.032755,-0.795906,-1.015426,-0.168940,1.236802,1
2.042726,-1.744479,-0.354619,-0.473509,0.653838,-0.801151,2.339758,-0.548130,1
0.175520,-0.525645,-1.038430,-0.631782,-0.621573,-0.372534,-0.246813,0.439859,1
1.092664,0.949585,2.328734,-0.246109,1.164289,-1.069409,0.581491,0.028872,0
-0.608924,1.375730,0.267529,1.508804,0.732583,0.977404,0.615376,0.401867,0
0.168957,-0.824545,-0.803542,-0.955854,-1.344639,0.045307,-0.917402,0.331400,0
-1.437941,1.610058,-0.796142,0.911375,0.754878,-1.766525,0.033510,0.558644,0
1.866588,-1.993639,-0.712944,1.152930,-0.739353,0.649912,-0.999758,-1.164002,1
-0.555371,-2.782880,0.890979,-2.223107,-0.240788,0.236711,-0.047241,0.066073,0
-0.277045,-0.294962,-1.351183,-0.726632,-0.719449,1.015611,-0.457109,0.348740,0
2.379757,-1.749567,-0.461135,0.869316,-1.437301,-1.011574,0.728298,-0.160233,1
0.844826,0.466102,0.514921,-0.691202,0.176665,-0.109779,0.640992,0.880756,0
-1.336676,0.271113,-0.580356,0.307263,-0.016070,-0.905873,0.192733,0.666443,0
0.902720,-0.171803,1.637677,-0.001091,1.329519,0.279564,0.225835,0.774949,1
-0.667675,0.879736,0.031869,-0.162309,0.463381,0.836983,0.585924,2.043490,1
-0.243993,0.268672,0.246806,-0.598796,0.854095,0.444445,1.906534,-1.168186,0
0.274801,1.373831,-0.958326,0.045495,1.913897,0.615258,0.969564,-0.293177,0
-0.739634,-0.207525,0.488224,0.048165,0.262349,-1.057194,-1.463972,-0.114380,0
0.645504,0.015133,-1.622585,-1.323522,0.341901,-0.074756,2.430942,-1.150106,0
-1.385545,-0.747361,-1.656426,-0.340715,-0.242378,1.735820,-0.499844,1.095033,0
0.797197,0.634115,0.122145,-1.412983,-0.384607,-0.587651,-1.405437,-0.255938,0
-0.780731,-0.222592,1.188888,0.041533,1.107064,-0.176901,0.089987,-1.394377,0
0.292941,-0.477918,-0.691370,1.230519,-0.835795,1.771467,-0.796470,-0.972595,1
-0.827821,1.775798,2.097066,2.164507,-0.572699,0.911679,-0.669206,-0.545250,1
-0.210737,1.603979,1.248489,1.106872,-1.365894,0.002125,-0.642817,-0.324839,1
0.162223,-0.668274,-0.408306,0.153796,-0.767008,-1.344211,1.280869,0.506421,0
-0.432792,-0.026201,0.180311,1.453931,0.845130,0.700218,1.853970,-0.382344,0
-0.249076,0.468782,0.847569,0.020505,-1.136284,0.279595,-0.357526,-0.203659,1
0.036492,-0.353631,-2.092467,-1.363539,-0.917623,0.125646,0.678365,-2.915692,0
0.163192,1.408741,-0.233835,0.914226,-0.643661,3.220370,-0.831125,0.745934,1
1.001449,0.352466,-0.651115,0.026636,0.291507,-1.513673,1.986616,-0.578620,0
0.210832,1.669064,1.926589,-0.410427,1.687985,0.437058,0.433374,-1.725090,0
-0.225244,-1.008109,-0.559911,0.068340,-0.631266,-1.004423,0.995019,2.434512,1
-0.082637,1.043580,-1.097064,-0.172345,0.839395,0.455127,0.881185,-0.407952,0
-1.449618,2.371137,-1.367365,1.334194,0.080022,0.825979,-0.245845,-0.373843,0
-1.234010,-0.519888,-1.750758,-1.219800,-1.256433,-0.134121,-0.854935,0.294696,0
-0.277209,1.207021,0.762840,1.086467,0.308440,0.240261,0.968020,0.128388,1
0.555486,0.520988,-0.087407,-0.454684,0.586047,-0.846553,0.405756,1.672494,1
0.670304,1.022763,2.119885,-1.067924,0.039253,-0.366094,-0.231418,1.155763,0
-0.836513,1.807908,-0.278599,1.051209,0.425537,-1.908053,-0.541930,2.784457,1
0.761990,-1.153194,-0.473091,-1.702603,0.353702,-0.010147,1.068623,-0.946246,0
-0.690798,0.890189,-0.133919,1.190785,0.678153,-0.268141,1.021324,-1.830943,0
0.064461,-1.837737,-0.588661,-0.565100,0.518645,0.277866,-0.515078,-1.572004,0
-0.360412,1.302019,-0.769209,1.272329,0.509879,-1.725869,0.076510,-0.508659,0
1.473526,0.843346,-0.670401,0.363855,0.145208,1.185208,0.374699,-0.123175,0
0.849414,0.366577,0.235306,-1.499535,0.501688,2.510060,-1.759234,0.605113,0
0.679197,1.206955,0.469520,-2.203176,-1.411289,-0.626310,-0.463418,0.818969,0
-1.493601,2.035394,0.277938,0.617332,-0.573082,-1.035799,0.747129,-0.485027,0
-1.033314,0.572742,-0.320869,-0.784249,0.818736,-1.314881,0.248135,-0.206830,0
0.457991,-0.921294,-0.093244,0.757079,-0.395429,-0.316669,0.203843,0.821666,1
-1.526528,0.557344,0.749996,3.128998,1.249896,-1.849723,0.467352,0.019461,1
-1.159032,0.985403,-0.837159,-0.281837,0.551591,0.575979,0.076298,-0.618914,0
-0.100066,1.865005,0.032859,1.433985,0.397023,-1.030873,-0.017330,-0.163321,0
0.149717,-0.233141,-0.380068,1.875838,0.184196,0.527758,1.021534,-2.855178,1
-0.049092,0.500793,0.032517,-1.199595,2.237876,0.021850,-0.631224,-1.004994,0
0.608801,0.230830,-0.084993,0.262919,2.662154,-0.427929,-1.050226,0.185526,0
-0.628183,2.198134,-1.205117,-0.222787,1.295190,0.819183,-0.232807,1.177058,0
0.827560,0.566604,-0.375760,-0.563554,0.988172,-0.185453,-1.583861,-0.711056,0
1.436886,0.140533,-0.863508,-0.703265,1.120601,-1.069225,0.369363,-1.540989,0
0.122000,0.504883,-0.675136,-0.078054,0.615207,-0.287930,-1.616586,0.553015,0
0.399202,-0.259177,-0.890120,0.547053,-0.195773,-0.383450,1.103396,-0.422688,1
-1.661312,-0.058132,-1.961853,2.108685,-0.683116,-0.658520,-0.537607,0.602289,1
0.635946,0.114012,-0.387181,2.144075,0.408973,-1.027635,1.234708,0.581454,1
0.161470,-0.833320,-0.044089,-0.000610,-0.935394,-0.535895,0.165352,0.633182,1
-0.951447,-0.374069,0.829835,-0.554177,0.812302,0.176965,-0.045429,-0.823248,0
-0.798176,1.384541,-0.513878,0.248230,0.577582,-0.361658,-0.653074,-2.209086,0
1.469735,-1.270074,1.831139,0.779807,0.924570,1.209775,-0.161926,0.720775,1
-1.566881,0.140883,-0.152968,-1.585076,0.042192,-0.691978,-1.019426,-1.456888,0
-0.626218,2.649174,0.243376,-0.448162,-0.602422,-0.693701,-0.518418,-1.645267,0
1.458098,-0.163920,-1.169984,-0.284542,0.151244,0.212650,2.071096,-1.732795,0
-0.567400,0.296559,0.831201,0.586893,-2.239320,1.733411,0.133985,-0.380338,1
-0.975863,1.333985,0.174676,0.585203,-0.604985,0.082154,-0.047379,0.581939,0
0.450694,-0.288980,0.466880,0.444228,0.914079,0.757091,0.362135,1.575195,1
-0.531429,0.104659,-1.107232,-2.457381,-0.119459,-0.405881,0.202589,0.565850,0
-0.275843,0.240883,-1.879293,-0.928714,0.468585,-0.867996,1.166946,-1.555936,0
0.743255,-1.129253,-0.133310,1.038328,0.248687,2.214069,0.969533,0.294455,1
0.586043,-0.252556,-0.471422,-0.149206,0.853344,3.288340,1.644273,2.003135,1
1.211341,-0.573670,-1.037702,-0.321215,-0.852726,-0.272441,0.590858,1.188000,1
-2.646693,-0.535139,-0.414077,-0.555364,-0.215021,1.066488,-1.295718,-0.629491,0
-0.370367,0.156954,-0.515764,-0.910792,1.456857,1.323813,0.162533,0.630732,0
-0.135604,-2.195443,0.708047,-0.896098,-0.573136,1.119784,-1.995083,0.196551,1
0.252024,-1.557516,-0.208718,-1.450856,0.615960,2.228727,0.203912,-0.712785,0
-0.133460,-0.386350,-0.391267,1.384679,0.072685,-1.633146,-1.450783,0.849729,1
1.554249,-0.927390,0.649717,0.923897,-0.522769,-1.289269,-1.238567,0.134549,1
0.345998,-0.555485,-0.028632,0.620736,-0.553614,1.436614,0.117012,-0.848923,1
1.295009,-0.760871,1.628442,-0.719051,-0.157523,1.050012,0.381369,1.361325,1
0.719165,0.595187,1.194941,-0.140841,-0.916290,0.951898,1.000700,-0.902570,0
1.582217,-0.611998,-1.923452,-1.375058,-1.112900,-0.468421,0.239772,0.848574,1
0.593612,0.190334,0.427555,-1.004047,-0.370482,0.529352,-1.517100,1.983780,1
-1.245953,-1.912765,0.473104,0.270552,0.621841,0.081195,1.942655,-0.674805,1
0.074170,0.585720,-0.661166,-0.854389,-0.401403,-1.247663,0.678803,0.340392,0
-0.397293,-1.713375,-0.566251,-0.581688,0.710957,0.121231,-1.972634,-0.781894,0
-0.711401,0.003837,-2.648818,-1.416866,0.231078,-0.750970,-0.147535,0.328461,0
1.158251,-0.597540,-0.526764,0.435814,-1.154423,1.192852,-0.581060,-1.264911,1
-0.295671,-1.663389,-1.595183,-0.533623,-1.900109,0.100404,-0.186491,-0.486295,1
0.420091,-1.759375,0.350270,0.898859,1.029988,1.569111,-0.359011,-1.228085,1
-0.491275,1.057407,2.245233,0.173874,-1.156673,-0.629656,-0.259729,0.033671,0
0.301290,-0.719158,0.363782,0.999919,-0.354346,1.644185,0.014079,0.775113,1
1.112796,0.408644,0.366667,1.409508,0.473159,-0.342097,-0.496784,-0.395279,1
-0.216761,-1.864781,-0.496150,-0.721382,-0.145716,-2.254660,-1.303218,-0.496522,0
-1.363892,-0.593676,-0.993340,0.823102,0.812397,-1.337473,0.698129,-0.740796,0
-0.005972,-1.300896,0.081091,-0.649852,-0.468934,0.166156,0.431836,0.820077,1
2.446964,-0.439958,-0.035604,0.351749,-0.307626,0.540134,-0.683297,-0.285986,1
1.335145,0.650481,-0.785176,-0.164589,-0.925908,-1.269374,2.027581,0.880389,0
-1.262177,-0.290249,0.438019,-2.028499,0.931885,-0.206149,-0.434324,0.008050,0
-1.205492,-1.627609,-1.565521,0.812511,-1.586858,-0.748880,0.324652,-0.462571,1
1.231248,-0.007881,0.025732,-3.287162,1.222231,-0.584511,0.378101,-0.942579,0
0.587454,1.069510,-1.013911,1.160490,0.247111,0.261630,1.420359,-0.872516,0
-1.066390,0.643344,0.873665,-0.452785,-1.018403,-0.407167,-0.001136,0.701091,0
0.822422,-2.276888,-0.738697,0.808152,0.617049,-0.979646,0.513527,0.474540,1
0.065447,1.488560,-1.172013,0.402844,-0.749224,-1.369199,1.923149,1.008414,0
-0.061386,-1.519261,2.602769,-0.096851,-1.748953,-1.390534,-0.555211,-0.392196,1
-0.041421,0.147685,-0.440280,-0.851136,-1.158354,0.074315,-0.557289,-0.418113,0
-0.604073,0.717115,-1.008818,0.654161,0.938438,0.786436,1.383705,0.705783,1
0.257840,0.474838,-2.343272,-0.034076,-1.102491,-1.631670,0.391086,0.830264,0
0.514902,0.979963,-0.324391,0.440950,-0.908038,-0.566537,0.871367,0.878071,1
1.281939,-0.268887,-1.323372,0.905080,0.015329,0.048814,-0.905416,0.256770,1
0.011097,-1.053678,-0.421090,0.053386,-0.213734,0.749461,0.519153,-1.674542,0
-1.241442,-0.599284,-0.722651,1.211814,0.106850,0.841475,-0.817401,0.809165,1
0.573389,0.891905,-0.177119,0.449195,-0.950659,2.283868,0.197662,-1.025954,1
1.166160,-0.594699,-0.552510,-1.229628,-1.183310,-0.133794,0.694795,-1.190246,0
0.427441,-1.027473,-1.759340,0.067720,-0.451618,-0.231252,-0.364897,0.335593,1
-1.526147,0.959844,0.342939,1.507202,0.166217,0.011213,-0.669353,-0.068355,1
0.625418,-0.310633,-1.386571,-1.877890,0.114293,-1.096920,-0.913297,0.440632,0
1.448770,0.098048,-1.138326,0.067786,0.770068,1.172818,1.079899,-0.986555,0
-0.617784,0.704842,0.138737,0.794945,0.012577,1.196615,-0.986013,0.544738,1
-0.798736,-2.421578,-0.171952,-1.901368,-1.313597,-0.420974,0.502302,0.485900,1
-0.488335,1.878264,1.439723,0.597683,-0.555512,0.442398,1.867629,-0.661035,0
0.518031,2.163177,1.073198,-0.408164,0.770284,1.088457,0.394169,-0.483199,0
-1.847678,-0.156185,1.771009,-0.979013,-0.856186,0.345875,-0.665410,-0.776676,0
0.209823,1.132629,0.853026,2.415371,-1.486835,-0.069552,0.673727,0.403694,1
-0.544473,0.789064,0.518839,1.464052,0.893578,2.310006,2.262855,0.334748,1
0.581073,0.170934,2.220716,-1.245544,-0.147769,1.019954,-1.059576,0.265379,1
0.280346,1.164680,-0.156746,2.128271,0.251191,0.960240,-0.722563,0.492285,1
-1.126767,-1.139518,1.523392,0.512710,-0.876948,2.114905,-0.883104,0.201513,1
0.267719,1.994210,-0.608336,1.751305,-1.723480,1.673412,0.699813,-0.681786,1
0.109422,-0.632732,2.132967,-1.069716,0.601109,0.253424,1.600812,-0.547950,0
-0.093924,0.534019,-0.177955,-1.028541,0.359536,-0.989702,-1.502052,-0.532188,0
-0.425174,-0.572914,0.071248,0.253200,-0.877276,-0.261870,0.331736,-0.139590,1
0.196353,0.789659,-0.083313,-0.504643,-1.446156,-0.044515,1.831318,0.253010,1
-0.748482,1.826449,0.898736,1.320829,0.356856,-1.257367,-0.752208,-1.039053,0
0.020291,-0.460487,-0.136617,1.158743,-1.186861,0.695376,-2.048743,1.637184,1
2.197416,0.180136,-0.428546,-0.251154,1.021217,0.449641,-0.286015,-1.765792,0
-0.651104,-3.710021,0.246296,-0.717672,-0.575941,1.122579,0.005941,-2.809766,1
-1.423648,-0.484422,-1.966650,0.190012,-0.583434,0.153382,1.010287,0.846882,0
-0.433937,1.507750,2.089519,-2.169494,-1.213055,-0.584029,0.957484,1.699231,0
0.504325,-1.101509,-0.157839,0.819361,2.112621,-0.774948,-1.843005,-0.883487,1
0.166644,0.108617,-0.780896,-0.526684,0.927816,-1.421019,-0.639885,-1.140483,0
1.318772,-0.050949,1.117686,1.354550,0.633633,-0.639250,0.288784,-0.443239,1
1.322970,0.059935,0.408380,-0.127197,0.442208,-1.290956,-0.044913,-0.153993,0
0.179903,1.573691,-0.119339,-1.432409,-0.962600,1.961079,2.118333,-0.799239,0
1.996202,1.110252,0.396336,1.114223,-0.246216,-1.599488,-1.431371,0.550237,1
-0.581467,-1.362670,-0.708079,-0.231182,-0.105257,0.036733,0.939668,0.923006,1
-0.766290,-0.340891,1.506827,-0.317737,0.723544,-0.684118,1.198873,1.292026,0
1.774030,0.855554,-0.982916,-0.149756,-0.189643,-0.092993,0.497322,1.137809,1
-0.583039,0.019341,0.679293,1.663365,1.409191,-0.117778,-0.472418,-0.414068,1
0.959217,-0.539250,0.515322,0.095985,0.562771,-0.096569,-0.904277,0.877559,1
-1.128864,1.291917,2.669339,1.055730,0.022145,1.640634,-0.082973,0.167803,1
-0.124645,0.070119,0.311694,-1.287880,-0.319990,-0.995199,-1.228866,2.061602,0
-0.002087,-0.108700,-0.171128,0.655294,0.585337,-0.534582,-0.545959,0.413164,1
-0.504109,0.022379,-0.947470,0.178738,1.185221,0.593892,1.498859,0.285627,0
-0.105006,0.107759,1.443789,-2.011206,-1.015670,-0.670540,-0.804975,-0.500216,0
-0.346298,-0.159889,0.540989,-0.297652,0.108359,-0.451734,1.106012,0.817796,0
0.631904,-2.825697,0.658432,-0.603409,0.663412,1.397551,-0.068947,-1.020522,1
-1.299437,1.912222,0.022470,0.528774,-0.503154,0.418835,-0.660552,1.108233,0
0.544345,0.370528,-0.704964,-0.220366,-1.847301,1.731442,0.506721,-0.313259,1
1.510999,2.535843,0.141316,0.172476,0.385461,1.402347,-1.238616,1.057669,0
2.185086,-0.055701,1.248787,-1.990342,-1.268026,0.933072,1.139689,-1.460654,0
-1.097695,1.923761,-1.019669,0.448373,-0.457785,-0.624894,0.986519,0.816057,0
1.147748,-0.179087,-0.484033,-0.051425,-2.259868,-0.534978,-0.525507,1.363674,1
-1.006998,-0.141890,-0.608669,-0.382806,0.615746,0.687429,0.292748,0.815016,0
0.903927,0.788912,-0.318107,1.373320,0.587048,-0.742357,-0.871113,1.658709,1
-1.203944,0.324535,-0.162353,1.596368,-0.117555,0.564118,0.230432,0.667952,1
-1.448674,-1.341641,-1.146275,-1.987495,0.449206,-0.433097,1.818707,1.075681,0
2.044508,-1.291435,1.114129,0.295587,1.159847,1.005100,0.980554,0.659637,1
1.368987,-0.191374,-0.375023,0.607727,0.244114,-1.136007,-0.267348,-0.117929,1
0.839565,0.090257,0.304931,-0.680265,-0.165527,0.465027,0.114212,-1.047603,0
-0.091005,-0.307160,-0.317058,1.125930,0.094171,2.603284,-0.583599,0.936408,1
-0.371766,-3.040776,0.458273,0.421518,-0.752682,2.040110,1.012436,-0.125615,1
0.081173,-0.960739,0.770665,-2.227725,-0.970658,-1.824828,-0.356826,-0.223797,0
-0.689178,0.895118,-0.673410,-0.088603,-0.303586,-1.308104,-0.667108,0.331002,0
0.094569,-1.374116,-2.533605,0.825603,1.824761,0.870669,0.566842,0.483007,1
-0.272022,-0.639521,1.664641,-0.621050,-0.453009,0.571703,-2.163626,0.111872,1
0.995329,0.447928,-0.247624,1.202601,1.113737,-1.221553,0.091750,-0.327053,0
0.096093,0.092498,-0.079834,0.581905,-0.681535,1.360505,0.284665,-2.482370,0
-1.705615,0.340455,0.929817,-0.766622,-0.602270,1.324527,0.933913,-1.271770,0
-0.404936,-1.301654,-0.936035,-0.269641,0.070599,-0.037884,1.338450,0.495588,1
0.507659,0.635001,-2.098181,0.689270,-0.089791,-0.455126,-1.411634,1.149433,1
0.000072,-0.000951,0.165322,-0.323548,0.831337,-0.203660,-0.342184,0.802293,1
-0.798311,-0.540637,-0.524707,0.880553,-0.959740,1.496768,1.118804,-0.659484,1
-1.767059,-0.229065,0.045605,0.074553,-2.117273,0.688307,0.790459,-0.890762,1
-0.763228,0.494064,-1.689958,-1.269950,1.098400,0.590528,-0.960331,0.235462,0
1.025121,-0.381956,-0.742759,0.518380,-0.537663,0.155518,0.626191,-0.272756,1
-1.418448,-0.141655,-0.766940,0.972489,1.540900,1.320112,-1.020342,0.518802,1
0.723215,0.391108,-0.040095,-0.245951,0.320302,0.353581,1.126464,1.290695,1
0.092262,-0.909561,-0.597702,-0.682754,-1.131026,-2.736706,0.657646,1.361686,1
-0.721753,-1.191943,-0.088547,-1.295927,-1.087573,-0.908485,1.567730,-0.175176,0
-1.888567,0.578384,0.870935,-0.870741,-1.149655,-0.210562,-0.003114,-0.212305,0
-1.162983,0.292542,-0.377930,-2.452141,-0.181491,0.042722,1.383508,-0.291381,0
0.350645,0.419766,-0.620164,0.889383,0.704417,-2.286204,-0.410969,-0.140976,1
0.612352,-0.735060,0.281924,-0.418046,-0.548189,0.616869,0.178924,-1.033758,0
0.337737,1.410880,0.204687,-0.101621,-0.681641,0.037488,-0.582276,0.509127,0
-0.769758,0.224145,0.804886,-0.330775,-0.394345,0.421977,0.796984,-0.960259,0
-0.291327,1.253919,0.953398,-0.106733,0.212032,0.183275,-2.333814,0.713599,1
-0.558855,-0.496135,0.481967,-1.592189,0.642994,1.190176,0.235324,0.305021,0
0.090236,-0.919356,0.134298,-0.101457,-0.158564,0.541910,-0.465212,-1.051184,1
-0.205101,-0.005521,-1.446112,0.933866,-0.513573,-0.867791,-0.605839,0.598196,1
0.225537,-0.939296,-0.417771,0.184453,1.144772,-0.283048,-0.590532,0.109954,1
0.500146,-0.606928,0.711087,-0.246245,-0.303021,1.923994,-0.085848,1.098282,1
2.035299,0.535506,0.370857,-0.074782,-1.163175,2.353865,-0.351191,1.596595,1
-0.086382,-0.897290,1.634776,1.309164,0.709448,1.350899,0.208315,-2.260870,0
0.682052,-1.390843,-0.958743,0.933471,-1.463494,0.754616,1.450015,-0.220885,1
1.011568,0.702663,-0.530087,-1.226795,0.931164,-0.923833,-0.712402,-0.579149,0
-1.130859,0.480120,-0.130584,-0.997597,-1.290303,2.168532,0.574879,-0.373504,0
-0.721975,0.352048,-1.171588,0.970508,-0.445597,0.964313,0.254216,-0.241664,0
0.202807,1.472417,1.564586,0.114352,0.279479,0.949300,0.461104,-0.092093,0
1.204491,-1.113500,-0.500996,-1.392316,0.356661,0.221419,-0.494320,-0.738610,0
1.116007,0.905866,1.826634,-0.183816,-0.370088,0.827077,1.850829,-0.141505,1
-0.231801,-0.007370,-0.957323,-0.317442,-0.508280,-0.478206,-1.101248,0.403706,1
-0.977343,0.772781,0.611330,-0.214776,0.423341,1.155066,0.017273,0.100289,0
-0.039610,-0.390291,-0.023270,-0.408661,0.161162,1.757522,0.906594,2.086890,1
-0.897162,-0.772270,-0.866013,-0.128766,0.777530,-0.801066,0.809597,-0.490085,0
1.426202,-0.702032,0.060754,1.220707,0.711374,1.283901,1.446924,-1.552377,1
0.619966,-0.408527,0.363374,-0.019631,-0.069523,-0.839855,1.261759,-0.510271,0
-1.250886,-0.202942,0.953628,-0.182643,-0.300656,-0.157378,0.643707,0.343420,1
-0.979025,-0.364534,-0.157583,-2.537781,-1.199378,-0.839854,2.027270,-1.566405,0
0.700045,-0.742531,0.189028,-0.028762,-0.760996,-0.434330,0.993271,1.839733,1
1.423866,1.587841,0.031576,-0.205989,0.193316,1.013335,0.725291,0.086300,1
2.322237,-0.219217,-0.654045,-0.107456,-0.109244,0.046256,-2.268662,2.481705,1
-0.413922,1.072456,0.632739,0.020664,0.860444,0.321724,-0.001453,0.379086,1
0.246248,1.250901,1.439121,-0.381627,0.193741,0.409638,-0.457836,0.048872,0
-1.246679,0.426026,-1.952284,-0.141406,1.466663,-1.038956,-1.513919,-0.309574,0
1.950578,0.883788,0.143838,0.785850,-0.270390,2.123672,1.992782,-1.175115,1
-0.055961,0.880300,1.057160,-0.473774,-0.326792,-1.340911,0.058644,2.174776,1
-0.271463,-0.087631,-0.564468,0.775335,-0.857224,-0.798646,-0.080317,-0.813909,1
-1.981743,-0.443109,-0.563072,-0.968188,0.182545,-0.255271,0.220579,0.932227,0
0.060932,-1.433154,0.268738,0.882647,2.007317,0.801815,-0.428037,0.292939,1
-1.127438,1.018004,0.221254,-2.133323,-1.393783,-1.228185,-0.241962,-0.327046,0
0.649641,-0.089601,1.485197,-0.045877,-1.091437,-1.373646,-0.405819,-0.425109,1
-1.307288,-0.176955,0.726982,0.838376,-1.691270,-0.015678,-0.555080,2.465829,1
-1.374842,0.434952,0.802501,-0.418472,1.057592,0.184449,0.091256,0.128344,0
-2.425726,1.687413,-0.448227,0.693251,-1.399910,0.132127,1.086448,-1.075517,0
0.991410,1.469233,1.127019,1.645229,-0.985449,0.778354,-0.357951,-1.136971,1
-1.653845,-1.256224,-0.524784,-0.830481,0.969978,-0.340551,1.750123,1.349277,0
1.286485,0.300853,-1.499128,-0.539017,1.061488,-1.428969,1.124375,-0.420165,0
1.332133,1.149988,-1.419913,-0.500149,-0.315789,-0.677153,1.066085,-0.894294,0
0.371357,0.809280,0.180791,0.161486,0.187731,0.439737,0.151338,0.090478,1
0.459664,0.363415,-0.847412,-0.472986,-0.293047,-0.663115,-0.472247,-0.661506,0
0.331354,0.772870,-0.008760,1.383427,0.022981,0.435875,0.160938,0.095268,1
-0.438431,0.738840,0.170107,-0.965089,1.257855,-0.915317,0.795269,-0.706448,0
1.125382,1.329400,0.721860,0.575049,-1.129637,2.519868,2.488342,-1.052618,1
0.910678,0.834065,-0.240427,0.825369,1.665236,-1.359661,-1.299747,-0.667894,0
-0.938996,-2.446558,-1.949777,0.677789,-1.974364,1.091580,0.259380,0.494573,1
0.747906,-0.810526,-1.753629,-0.655849,0.244852,-1.996790,0.449914,0.104481,0
0.212583,-0.323623,0.438697,0.016392,0.517487,-0.022307,-1.255378,0.001062,1
0.126823,0.365714,0.323473,-1.853568,-0.624384,-2.452490,0.100976,-0.023347,0
0.881816,-0.422446,0.556022,-0.267782,2.708728,-1.044720,0.045250,-0.100733,0
0.180276,-0.839348,0.038529,1.180328,-0.055205,-0.787985,0.423462,-0.281147,1
0.980892,0.585080,0.636767,1.354431,0.070951,-0.530453,-0.167083,-0.059395,1
0.881339,-0.781643,0.698679,0.568906,1.193764,1.717562,0.029830,0.383322,1
0.273818,0.703672,0.098615,-0.189750,0.438905,-2.113468,-0.177016,1.174924,1
-0.369576,-0.432783,-1.357110,-0.310477,1.222490,-0.427573,-0.009789,0.423614,0
-0.934537,-1.439162,-0.393601,-0.123091,-0.095557,0.763853,-1.258164,1.014216,1
-0.119839,0.914687,0.794537,-0.351873,0.658106,-0.412182,-2.488538,0.692051,1
-0.934421,-0.417977,0.326284,-2.529446,-1.114981,-0.147558,2.298395,0.547547,0
-0.146677,-0.586939,0.854690,1.082934,0.583627,-0.614776,0.181489,-1.419178,1
1.119079,0.534763,0.968930,1.986458,0.445092,2.811351,0.648575,2.094962,1
0.300626,-0.023876,-0.780771,0.822981,0.799101,1.298116,0.451424,-0.989640,0
0.305615,0.981853,-0.079393,2.010818,0.175372,-0.080657,-0.277473,-0.950056,0
-2.075737,-0.996643,-0.800765,0.457882,-0.424301,-0.078925,-0.719132,0.487833,1
1.707094,-0.259356,-1.338414,0.128824,0.798010,0.559422,1.292110,-0.182744,0
1.870225,1.992553,-0.706386,1.319537,0.743691,-0.070918,0.650187,-0.619524,0
-0.242557,-0.690362,-1.561656,-1.118127,1.058716,0.847336,-0.841377,-1.096548,0
-0.609376,-0.488761,-1.606484,1.653056,-0.216262,0.873556,-0.743841,-1.139042,1
-0.421266,0.249290,0.494307,-1.347976,1.054289,0.326644,-0.577642,-0.163429,0
0.514646,0.527770,0.625331,-1.462928,-2.086982,0.075699,0.642042,0.539097,0
-0.468341,-0.558549,0.274057,-0.127371,0.767482,-0.876362,-0.244026,-0.811379,0
0.995345,-0.961046,0.566076,-0.963369,1.838627,1.076354,0.126358,0.372618,0
-0.445095,-0.292979,0.142689,-0.471037,0.141874,-0.596488,-1.827124,-1.115344,0
-2.151888,-1.522960,0.118519,1.341285,2.219476,0.189566,0.991582,0.364123,1
0.933990,0.518797,1.108592,1.051366,-2.420217,-0.640471,0.387129,-0.218371,1
0.178687,-0.515895,0.995300,-0.618564,-1.177101,-0.780390,-0.005150,-0.691359,0
0.997527,-0.122287,-0.704029,0.497540,1.413983,-2.425666,1.229478,2.444410,0
1.340649,-1.172366,1.691770,0.576740,0.327897,-0.517011,1.656218,1.384206,1
0.278867,-0.496276,0.688922,0.427364,1.018671,0.147777,-0.222240,-2.345976,0
1.277688,0.226319,0.198368,0.542461,1.477988,-1.656190,0.176900,-0.003979,1
0.092800,1.723500,1.391751,-2.846057,0.622088,1.077907,0.315966,2.114764,0
0.697003,0.620921,1.322829,-0.232252,-1.107031,0.809230,-1.897097,0.352057,1
0.705898,0.847281,0.157356,-1.173160,0.668855,0.616587,-1.086411,2.134627,1
0.170363,-0.455283,1.168679,0.905960,-1.562445,1.143875,0.439782,0.174534,1
0.538253,0.574287,0.938554,0.302655,-1.742035,-0.747857,0.542503,-0.093702,1
-0.139073,-0.475314,0.211059,1.240928,2.131269,0.071981,0.578039,-0.900011,1
0.571360,-0.651745,0.850462,0.221562,0.277718,0.490562,0.256093,0.344439,1
0.801927,1.047087,-0.739266,-0.325708,-0.341480,-1.185033,0.528144,1.920889,0
-0.233171,0.820500,0.250532,0.756721,-0.650186,-0.255884,0.000841,-1.890329,0
-2.810959,0.717995,0.481734,-0.068690,0.325045,-0.680058,-0.903842,-0.692201,0
0.649327,0.702838,-0.753649,0.635506,-1.411918,-1.305672,1.296324,0.497966,0
-0.436078,0.546610,1.376219,-1.138498,0.227140,1.202398,0.941577,1.434468,0
2.066200,-1.438991,1.665919,-1.307188,0.399508,0.176802,-0.116851,0.864772,1
-0.055963,-0.666688,0.063433,0.030022,0.679565,0.019211,0.980066,-0.357509,0
0.633445,0.028004,0.690302,-0.998721,0.295768,1.033591,-0.169209,0.336609,0
-1.320772,-0.230662,0.810155,-0.218296,0.444968,0.928202,2.026113,-0.599550,0
-0.660435,-0.664398,0.181405,-1.420105,-1.023297,-1.837268,-0.724935,0.116875,0
0.839186,-0.945049,-0.333142,0.926336,-0.161364,-0.814175,1.533487,-0.256684,1
-0.020284,0.386241,-2.626862,1.665531,1.220892,0.884878,-0.379252,-0.303853,0
-0.876134,0.401968,0.577938,1.837423,2.214810,0.547014,0.707620,0.809776,1
0.350345,0.144786,0.126101,0.028497,0.866001,-2.043830,-0.765235,-1.987937,0
0.392471,-0.623945,-0.528939,0.484577,-0.832781,0.812235,1.665448,-0.170889,1
0.456631,-1.758925,-1.998047,0.343305,-0.184533,0.339005,-0.267853,-0.348899,1
-0.517055,0.457163,-0.791379,0.107713,-2.779787,-0.468187,0.438408,0.151502,0
0.582093,0.452752,-1.039476,0.303179,-0.003437,0.606235,0.159855,0.598057,1
0.802120,-0.613870,-1.430290,-0.980649,0.071562,-1.284861,-0.311644,0.517110,0
1.274759,1.153504,-1.117373,1.148014,0.117619,1.188914,-0.115361,-0.831946,1
-0.665220,-0.959525,-2.123995,1.217716,-1.024067,0.945699,0.796859,-0.242317,1
0.109534,0.143396,1.146497,2.137356,0.332515,-1.302941,-0.598834,0.815672,1
2.111982,-0.519459,0.215657,-0.785330,0.160501,-0.117164,0.940723,0.831055,0
0.132467,-0.312137,0.437537,0.408103,-0.465413,0.552535,-0.802281,-0.155781,1
0.382084,-0.090640,0.517430,0.204157,0.749176,-0.247287,0.058002,0.951830,1
0.226529,1.065166,-1.615665,-1.360403,-0.103588,0.892551,-0.318327,1.147789,0
0.786301,1.502203,0.206983,-0.009792,1.074949,1.355840,0.313162,-0.476543,0
0.901224,-1.102586,0.718919,1.976986,-0.784903,-0.722564,2.734854,-0.188469,1
0.178319,-0.260835,1.544753,-0.895452,-1.070431,0.083078,0.019565,-1.781905,0
-0.188025,-0.403368,1.041106,0.495766,-0.390052,0.962083,-0.272931,-0.303302,1
0.017838,-0.744706,-0.548821,-0.777784,0.499727,-0.118416,0.449885,0.277211,0
0.096058,-0.885952,-0.641406,0.480441,0.197232,1.350662,0.262409,-0.275977,1
0.744830,-0.834365,0.305325,1.747995,-1.371013,0.107995,0.345225,-0.183951,1
0.767556,0.916602,0.243918,-0.096524,-2.827959,1.259984,-1.580509,0.118531,1
0.263851,-0.045959,-0.919092,0.271447,0.392768,-1.741161,0.146178,-1.768362,0
0.172292,-0.111846,0.247023,1.048046,-1.853637,1.273452,0.139064,-0.492252,1
1.122931,-1.488724,0.445710,1.286334,0.286441,0.396466,-0.376228,-0.964963,1
-1.377899,-0.534943,0.089878,-0.065217,0.121756,-1.778308,-0.117198,2.443287,1
0.852220,-0.139086,-0.151821,2.284941,-1.113844,0.167034,2.492239,-1.226530,1
0.253299,-0.921815,-0.431117,0.139763,-1.587095,-1.100767,-1.525309,-0.814117,1
-1.415812,0.823669,0.797591,0.159391,0.943748,-0.039723,1.535691,-0.374585,0
0.731174,-0.251507,-0.779272,-1.544940,-0.118476,-0.935698,-1.624034,-1.948310,0
-2.328835,-1.171577,-1.023867,-0.645612,0.325405,0.104461,0.928727,-0.766586,0
0.395873,-0.875004,0.727488,-0.314205,-0.448595,0.196300,0.949858,1.197685,1
1.146007,-0.818768,0.342482,2.173550,-1.568902,-0.962828,0.155958,0.312820,1
0.175314,-2.018606,-0.178108,-0.758222,-0.906495,2.149650,0.208157,-0.263744,1
0.289676,-0.195555,-0.610672,-1.144753,0.767029,0.000008,0.835953,0.758365,0
0.138859,0.103623,-0.168723,-0.556876,0.474481,-0.951387,-0.143078,-0.207406,0
0.094580,-0.797201,-1.391958,1.045667,-0.392445,0.398198,-0.435034,0.244037,1
-0.051276,0.533306,-1.210933,-2.010923,0.658492,0.568993,0.531093,-0.160662,0
0.872518,0.188283,0.468213,0.173070,-1.785612,1.236000,-0.704943,1.147878,1
0.106446,0.226700,0.497679,0.143811,0.925220,-0.160557,0.693019,0.430387,1
-0.431488,-0.458998,-0.358593,0.554704,0.374683,-0.703572,-0.165154,0.491590,1
-0.315452,-1.059586,0.843371,-2.246426,-0.365345,0.024348,1.956606,0.482654,0
0.849546,0.112631,-0.487674,0.316678,0.004085,-0.487186,-0.573929,0.307877,1
-1.488230,-1.345785,-0.224138,0.857631,-0.582544,0.783710,-0.267745,-1.781189,1
-1.502316,0.540467,-0.196659,-0.119557,-1.337483,1.308528,-0.824903,0.336137,1
1.662057,0.046387,-0.814567,-1.874589,0.208119,0.543109,-1.623976,0.254744,0
-0.758146,-0.312620,-0.809072,0.567901,0.912590,-1.428424,-1.533488,0.646957,1
-0.758593,-0.341029,-0.037117,-0.132661,-0.909764,-1.785754,1.069034,0.066063,0
2.207616,0.156579,-0.287940,-0.150806,0.139389,-0.775491,-1.315399,1.743239,1
0.473319,-1.303994,0.128238,3.063948,0.813829,-1.303652,-1.506698,0.428288,1
0.063083,-0.331749,1.901555,-0.862513,-0.664100,0.747058,-0.940004,-0.904520,1
0.939762,0.682262,-0.049325,0.761098,-0.932506,-0.966913,0.091252,0.716231,1
-0.327357,0.261849,-0.272316,0.722579,1.069835,-0.300286,0.006488,-0.209630,0
1.620733,0.974159,-0.237170,0.419645,-0.431838,-1.156427,-0.326647,-2.107197,0
-1.954819,-1.344611,-0.259430,0.878258,0.862562,-0.120072,0.372221,-0.033653,0
1.362005,0.663446,0.082036,0.627406,0.095185,-0.728602,-0.089106,1.114754,1
1.948303,-0.362553,1.772310,-1.391497,1.754440,-1.048933,-0.015648,0.129885,0
0.045683,-1.433700,0.657087,-0.340562,0.252165,-1.245435,0.843665,-0.182277,1
-0.118085,-0.606537,-1.075626,1.396576,0.453680,-0.681565,0.647765,0.327504,1
-1.649204,-0.527201,0.902075,-0.919349,0.058603,0.957583,0.269633,-2.143877,0
0.343568,-0.970337,0.495423,1.724547,0.685049,0.027343,-0.829964,0.250296,1
-0.248873,0.188404,0.136873,0.104987,0.453170,0.695089,0.672994,2.823852,1
0.056480,0.998873,0.592309,1.541568,-1.376310,0.186418,-0.634466,0.291705,1
0.452013,-0.260004,0.027853,-0.638521,0.346770,-0.887807,-2.185998,-0.329229,0
-0.870709,-0.562219,-1.750725,-0.736045,0.071272,0.947169,-0.008044,-0.370934,0
-0.568096,0.592970,-1.613801,-1.412795,0.839639,0.613911,1.219611,-2.147403,0
-0.734872,-0.103739,1.115616,2.180125,0.633504,0.485361,-0.295700,-0.124494,1
-0.617981,-1.417051,0.433939,1.867276,0.100145,0.722762,-0.916704,-0.380873,1
-1.363791,1.011134,0.616164,-0.150543,1.404501,-0.503829,1.117588,1.365623,0
0.253238,1.682161,1.313193,0.266005,0.695540,1.023129,0.521775,-0.722853,0
0.527734,-0.256604,-0.048022,0.663740,-0.928389,0.519263,-0.757163,1.020353,1
-0.711892,-1.240458,-0.007627,-0.767415,0.005844,-0.650370,0.605058,-2.580036,0
-0.221174,0.297551,0.483269,0.578318,-1.336111,-0.483520,-1.412337,1.208339,1
-0.090091,-0.723612,-0.080806,0.743840,0.883706,-0.437368,-0.877915,-0.818480,1
-0.977963,1.038413,0.178144,-0.490509,-0.511723,-0.727234,1.197359,-0.369658,0
-0.302533,-0.329463,0.714495,-0.047054,0.465229,1.873442,-0.110882,-0.301755,0
-1.384212,-0.153913,0.454803,2.163899,1.000071,0.237416,-2.183763,1.065309,1
-0.496048,-0.110061,-0.187942,1.495317,-1.594829,-1.066488,0.248896,-1.290828,1
0.139261,-0.916294,0.523820,2.281072,0.887465,1.414092,-0.755335,-0.140213,1
0.553071,-0.423779,-0.120265,-0.480619,-0.149535,1.873010,-0.607443,0.117034,1
0.919157,1.057325,1.504983,-0.423583,1.289831,-0.475900,0.083824,-0.498403,0
0.238629,0.498218,-0.380703,-1.891441,0.618380,-0.427437,-0.924939,1.619835,0
-1.021005,-0.653621,-1.079519,-0.682338,0.472720,-1.668728,1.719162,1.293825,0
0.237067,-0.718461,0.794402,2.413989,-0.057629,-0.187086,-0.841023,-0.607613,1
-1.167895,-1.219473,-0.166224,0.109650,-0.481412,0.648763,-0.650321,0.585221,1
1.651579,-0.670655,1.088895,-0.440883,1.394965,-0.031209,-0.939335,-0.286156,1
0.176397,-0.438944,-1.132854,-0.317407,0.057708,-0.714978,-0.685275,-1.050104,0
-1.495442,-0.785777,-0.207926,0.450010,-0.926575,-0.371603,0.827811,0.421703,0
-0.747339,-1.536825,-1.235216,-1.478497,1.167968,0.280107,-0.207470,-0.806043,0
-0.262320,0.762672,1.233328,0.179735,-0.571716,0.813326,-0.747090,0.872503,1
-0.389107,0.945943,-1.728811,1.470501,-0.020868,1.674247,-0.867920,-2.168547,1
-1.056952,1.959070,-0.547610,-0.469632,-0.775721,1.326538,0.284966,0.612226,0
-0.498777,1.997387,1.438640,-1.931932,-0.632428,-1.167666,-1.126604,-0.489530,0
0.347345,0.499589,-1.018818,0.433200,-2.023576,0.115182,0.328704,0.082263,1
0.627082,0.798759,-1.026245,-1.705794,0.025349,-1.004684,0.933804,-1.079846,0
-1.303453,0.785556,-0.878079,-1.642105,-0.362530,1.057190,-0.308477,-1.274226,0
1.449732,1.233409,0.150410,0.440572,1.611386,0.383867,-1.541417,0.221488,0
-0.797245,0.802512,0.009514,-0.075113,0.989141,1.997369,0.818581,-0.568215,0
-1.192814,-0.832614,0.429745,0.102686,-1.509739,0.722238,0.717946,0.939939,1
0.130595,0.620706,1.026698,-0.393095,0.172083,1.033668,0.957358,-0.948166,0
-0.334961,0.528899,-0.154746,-2.205679,0.712881,-0.470332,1.948285,1.837211,0
-0.216772,-1.454815,-1.966745,-0.143117,-0.318364,-0.166797,0.072827,0.868978,1
-1.711886,0.450794,-0.736571,1.002988,1.202743,0.286587,2.296568,0.394635,0
-0.729269,0.849368,3.131285,-0.619042,-0.877003,1.907078,-0.682231,-0.017308,1
0.796618,-0.926958,-0.822432,-0.488332,-0.501262,-0.589521,0.191300,-1.369953,0
-0.962746,-0.089696,0.247608,-0.174165,1.006389,0.342654,1.066062,-0.296330,0
-1.314212,0.362563,0.548241,0.387169,-0.486789,1.022907,1.817354,1.211383,1
1.683628,0.674776,-1.178991,-1.183855,0.345351,0.726191,1.903884,1.073558,0
0.466824,-0.980692,-1.469520,-0.448035,-0.366655,3.296628,0.261775,-0.591351,1
-0.628885,1.762606,-0.867112,0.127365,0.726726,1.323770,-0.249422,-1.331561,0
-2.367846,-1.029294,-0.314058,0.768104,-1.031589,-1.126480,-0.352075,-1.331148,0
0.032769,0.359251,0.422611,0.849683,2.312885,-0.349198,1.971995,0.016778,0
1.708768,0.423907,-0.493758,-0.543520,-1.179615,0.779265,1.220969,-0.748600,0
-0.158116,1.111137,-1.618598,-0.129300,0.419354,0.648334,2.204176,-0.931968,0
0.011826,1.281858,-0.513873,-1.133127,0.682204,-0.314698,-1.585830,1.293430,0
0.781708,-0.178925,1.681630,-1.609676,-1.305891,-0.365047,-0.659713,1.112934,1
-1.356987,1.542452,0.222155,0.219565,-1.467617,-0.396918,-0.165065,-0.433695,0
-2.197650,0.606140,-0.220837,-0.496884,0.830187,0.351095,-1.295946,0.855473,0
0.628413,-1.066966,0.086478,-1.175755,2.334783,-1.540436,1.360899,1.215077,0
-0.160779,0.355477,0.322318,0.054815,0.364392,-0.228904,0.992558,-1.392067,0
0.344093,-0.217746,-2.629906,0.784186,-0.008002,0.439817,-1.306706,-0.223545,0
-0.075311,-0.828941,-1.121070,1.067615,1.381159,-0.295767,-2.031911,-0.202116,1
-0.337779,-0.631501,-0.460141,-0.711835,0.941320,1.920938,-1.273683,-0.818398,0
0.212418,-1.966205,-1.247986,-0.802964,2.259784,0.411386,0.943642,0.052296,0
-1.391245,-0.411975,1.196085,1.199511,0.685229,-0.568572,0.132688,0.222272,1
-0.373213,-1.108993,1.118025,-1.356292,0.141217,-0.160456,0.562076,0.377704,1
1.445584,-2.172509,-0.156881,-1.481536,1.210968,0.468885,0.474813,0.328048,0
1.161201,1.092861,0.407800,-0.602825,-1.251078,2.569017,-1.243972,0.401732,0
1.277526,-1.991510,1.650753,0.079605,-0.595788,2.083278,0.855116,0.838493,1
-0.315189,0.448687,1.063002,0.981448,-1.246766,1.806128,0.582646,0.967043,1
-0.747684,0.547780,0.969741,1.602262,1.018164,-1.191631,0.881632,-0.366906,1
0.974979,-1.011023,1.391105,-1.235225,-0.158104,-0.126972,-0.605264,-0.079455,1
-0.425930,1.352417,-1.395520,0.533104,1.070509,1.393956,-0.833580,-0.970809,0
0.787844,2.615404,1.834799,-0.418144,0.670040,0.138540,-0.989320,0.772669,0
-0.613085,0.716199,-0.238508,-0.038771,2.316193,0.664515,0.951384,-0.371466,0
0.797070,-1.198286,1.438807,0.697317,-0.243770,-0.601585,0.092789,-0.888382,1
-0.803662,-1.571017,1.749117,0.713325,1.544328,-0.661785,-0.079839,-0.685255,1
-0.546491,0.273433,1.412191,-0.397225,2.174923,1.175980,-0.870353,-0.318989,0
0.748191,1.427854,0.401720,1.844287,-0.597498,2.491036,0.873594,-1.436915,1
-0.368413,1.142217,-1.537600,0.500920,-1.724976,0.350099,-1.074689,0.945446,1
0.095302,-0.632616,1.054432,1.875577,-0.437704,-0.695809,0.046287,-1.167672,1
-1.037190,0.246650,-0.406524,0.227215,-1.235850,0.855357,0.309051,0.469565,1
-0.471056,0.010453,0.598814,0.489133,1.100471,0.029932,0.573522,-1.583908,0
-1.853716,-0.613103,1.147416,-0.381805,-0.569397,-0.463890,-0.910119,0.301656,0
-1.202352,0.787966,-0.140425,-0.803846,1.236867,1.995333,0.983869,0.064643,0
-0.618812,-1.332184,-0.195485,1.127536,1.344917,-0.145253,1.584827,0.408817,1
0.509327,0.157431,-1.289587,-1.287774,-0.395708,-0.528162,0.384061,-0.618197,0
0.706837,0.074416,0.825634,0.310741,2.086369,-0.093962,0.257634,1.638593,1
-0.681762,-0.023139,-0.329954,-2.095548,0.767314,-0.013225,-0.298927,-0.921228,0
-0.002831,0.244720,-0.708643,0.687262,0.016183,-0.064935,0.472080,-0.633668,0
-1.962497,-1.108989,0.439982,0.789767,-0.800171,0.939361,-0.248894,-0.170541,1
-0.469036,-0.935624,0.240511,-1.034330,0.589100,-1.221936,0.057121,-0.372786,0
-1.700053,0.214737,0.143250,-1.013608,-1.467279,-0.878991,-0.922839,1.441958,1
-0.748951,-0.179938,1.432940,1.096021,-1.002160,-0.505216,-1.263350,-1.407874,1
1.924302,-0.528484,-1.051349,-0.856040,-1.047748,1.092864,-0.934708,-2.497624,0
0.501355,-0.429288,-0.030625,-0.347375,-0.971067,-1.073710,-1.234474,2.093495,1
0.662716,-0.464529,-0.762982,-1.457670,0.457962,0.219526,1.672575,-0.888239,0
-0.531629,-1.994280,-1.345153,-0.308429,0.484798,0.150946,-0.136743,-0.262329,0
0.280424,-0.430569,-1.184038,0.486216,1.824395,0.521746,-0.951503,0.177001,0
0.421669,1.848789,-0.569689,1.502428,1.243613,0.745388,0.550089,0.088350,1
1.071243,0.745375,1.019672,-0.726648,-0.325771,0.685124,-0.674000,-1.080803,0
-0.657185,-0.106288,-0.906874,-0.967870,0.767206,-1.442259,0.359536,-1.001361,0
0.610137,-0.028512,-1.422245,1.059015,0.034422,-0.143536,-1.489828,-0.432568,1
0.250798,1.676082,-1.869186,-1.387682,-0.233459,-1.179618,-1.033421,0.310543,0
0.985619,-1.263964,-1.669769,1.123857,-1.013111,0.188489,0.567355,0.116320,1
0.652013,3.366022,0.014473,-0.398445,-0.256002,-0.989558,0.092525,-0.514065,0
0.877663,-2.054617,-0.280407,-0.455674,0.499537,0.143927,-1.333915,-1.244642,1
-0.704178,0.744280,0.180340,-0.378907,-0.374771,0.741488,0.518837,-0.045858,0
-0.190184,0.401653,1.122552,0.969025,-0.642740,0.846905,-0.014969,-0.711967,0
0.751959,0.502452,-1.014744,1.058356,1.135856,-1.518311,-1.459576,-0.264555,1
-0.229739,0.726279,-1.094602,-1.332747,0.256712,-0.126134,-1.162237,0.704601,0
-1.643935,1.295938,1.543857,-1.117373,0.728344,1.881459,0.352531,-0.882845,0
-0.154792,-0.813677,0.352920,0.924950,1.336592,-0.123599,0.345023,0.014990,1
-1.093558,2.159421,-1.256227,0.296787,-0.051827,-1.270910,1.676237,0.050490,0
2.220036,-1.111668,0.044729,-0.313305,1.970368,0.827104,-0.775340,0.506942,1
-1.339946,-0.801368,0.615507,0.534516,-0.125776,-1.061827,0.294064,1.014695,1
-0.788097,0.278624,-0.029830,2.612014,1.155857,1.434800,0.705238,0.227557,1
2.548919,-2.779281,-0.264126,1.309626,1.055240,-1.097748,-0.551898,-0.160843,1
1.436032,0.364538,0.437743,-0.372991,-1.382236,0.323383,0.011071,-0.694431,0
0.747094,0.963565,1.606430,0.150121,-0.764016,-0.800785,-0.616429,0.800073,1
-1.001493,-1.460322,0.894467,0.469044,0.965148,-0.946931,0.234573,-0.179707,1
-1.389093,0.091319,-0.835166,0.160719,-1.027849,-1.553305,-0.178486,-2.096647,0
0.468167,0.874113,-0.683318,-0.698922,-0.118015,-0.105754,1.790713,0.619998,0
0.132773,0.406846,0.071833,-0.809866,0.306499,-0.103349,0.395655,-0.845900,0
1.493163,-0.843737,0.879092,0.751322,0.524035,0.712843,-0.218700,-0.242838,1
2.892130,0.171411,-0.038200,-0.001348,0.578150,-0.029270,-0.679281,1.639433,1
-1.448700,0.491800,1.542865,-0.379164,0.434180,-0.442778,-0.017192,-0.122802,0
-1.640638,-0.407875,-0.585659,1.111603,-0.929472,2.644455,-0.035989,0.444848,1
-0.007842,-0.336161,-0.413834,0.080855,-0.555426,-0.422510,0.668256,0.680560,1
1.122035,0.178165,-0.318537,0.610492,0.852821,2.315317,-0.880139,0.984830,1
-1.000669,-0.124693,0.288291,-0.102069,-0.153417,-0.166321,2.071696,-0.973777,0
-0.881265,-1.196578,-0.011304,-0.770720,0.537630,0.252323,-0.578294,-0.168229,0
-1.280051,0.554475,-2.175476,1.248594,-0.600134,-0.469951,1.345829,-0.037729,0
-0.506488,-1.271403,0.523114,-0.751893,2.114334,0.366882,1.157176,-0.859745,0
-1.517721,0.865889,-0.492242,-0.575438,2.116286,0.130652,-1.112487,0.588342,0
2.749887,0.886111,0.864532,0.729360,0.633587,-1.732335,1.106944,0.758293,1
-0.007277,1.031772,0.998403,0.112768,-0.625872,1.006950,-0.674046,-0.641507,0
0.198425,0.334770,0.619331,-1.424912,0.197763,-1.219350,0.167807,-0.523695,0
-0.428848,-1.254144,-1.257362,0.967558,0.669566,0.779003,0.948978,0.065911,1
-1.065971,1.277459,0.327109,-0.991765,-0.419175,-0.502579,-0.533076,-1.453157,0
0.745585,0.300637,-2.113161,-0.034970,-1.396036,-1.343978,-1.079301,1.152934,1
-0.423765,-0.515418,0.492071,0.911905,-1.267737,0.735310,1.120716,-0.207825,1
1.048207,-1.730710,-1.369700,-0.599173,-0.469452,-0.418709,-0.338222,1.753689,1
0.690121,0.420788,-0.855533,1.314207,0.340501,-0.742869,-1.485518,-0.281079,1
-3.039843,0.182531,0.915570,-0.925317,0.349614,1.649373,-0.084784,-0.125003,0
0.350610,0.062271,-0.832124,0.399511,0.445061,-2.301684,0.774671,-0.903474,0
0.732055,0.831487,-0.723414,0.449911,-0.327112,-0.603815,0.097108,0.966319,1
-0.896588,1.297581,-0.079423,-0.554569,0.755658,1.340258,0.015002,1.642599,0
-0.710023,1.453650,-0.326935,1.092805,-0.314686,-0.538485,-1.230443,0.395973,1
-2.891654,-0.124899,-0.430477,-1.050451,0.278477,-0.734659,0.958767,-0.175930,0
-1.651658,1.076686,1.812803,-0.878546,0.033397,0.954717,-0.049699,0.894784,0
0.731973,1.583284,-0.074512,0.002889,1.825781,-1.231754,0.392416,-0.959467,0
0.183403,-0.979056,1.045630,0.220757,-0.159608,-0.904925,-0.153405,-0.406535,1
-1.407424,0.156483,0.397565,0.796335,-1.050137,-0.141193,-0.430288,1.215411,1
0.612149,1.231320,-1.247077,-0.032982,-1.164379,-1.367866,-0.918058,0.916942,0
1.565795,0.731658,0.304177,1.001189,0.707714,0.998823,0.851473,-0.332144,1
0.484965,1.248800,0.716011,0.622906,-0.726728,0.952311,2.146257,-0.339916,1
-1.867679,-1.184816,-1.381298,2.412122,0.256547,-1.015877,-2.195817,0.048348,1
0.709593,1.106238,-0.243117,0.527459,0.691774,1.952806,0.251140,0.369786,1
0.417825,-0.190666,-2.312878,-0.402194,-0.759061,-0.083060,1.066603,-0.317900,0
1.195248,-1.255836,-1.893729,-1.623615,0.634146,-0.489067,1.396965,-1.654999,0
-2.185805,1.351344,-0.555491,0.639939,1.528302,1.018432,-0.859712,1.434804,0
1.383393,-2.229059,0.585542,-1.116946,-0.277843,-0.700681,0.182038,0.448645,1
1.247645,0.271167,-0.773884,-0.822195,1.875220,1.543847,1.464922,0.387025,0
1.232159,-0.460523,0.080787,-0.537530,0.276042,-0.088484,-1.082914,-1.279946,0
-0.738791,0.218970,0.752193,0.036677,-1.858242,0.406473,1.749229,-0.997606,0
-0.899095,-0.983168,1.528826,1.697209,0.923663,-1.113329,-1.732848,-0.877744,1
-0.846219,1.391632,1.864118,1.502336,-0.550350,-0.058983,-0.429415,0.244447,1
-0.164807,0.279348,-2.278108,0.005889,0.522412,-1.019369,1.207287,-0.560654,0
0.854883,-0.465952,-0.406015,0.392810,1.457589,-0.714761,-0.128360,0.120613,0
0.425588,-1.768119,-0.062843,-0.373152,1.399966,0.726259,-1.268554,-1.385254,0
-1.044307,0.288449,-0.091057,-0.889466,-0.844410,-1.461266,0.007248,-0.457357,0
1.073283,-0.402528,1.261485,-1.451944,-1.882035,-0.713702,-0.527947,0.808472,1
0.068582,1.109124,0.799264,0.292618,1.183148,-0.562706,0.863654,-1.411310,0
0.115536,0.108139,0.814707,1.107198,-1.897258,1.251910,0.361105,0.869484,1
-0.431283,-2.238924,-1.082602,0.495963,-0.922004,1.396201,-2.316444,-0.498392,1
-0.328119,0.216032,-0.628563,1.467426,0.328336,1.244765,0.853913,0.647772,1
-0.337560,0.104315,1.068320,-0.067116,-0.144071,-1.182224,0.428121,1.217936,0
1.492410,-1.360369,-0.560494,-0.063810,-0.079618,0.428137,0.974079,0.458214,1
-1.524747,0.168046,0.516074,1.156942,0.231608,-0.442828,1.591988,0.035357,1
-1.983447,-0.047466,1.245258,-1.052185,-0.359617,-1.439480,1.530591,0.254224,0
0.016158,-0.505800,1.627625,-0.214284,-0.670469,0.208514,-0.033328,-1.839103,1
-0.517479,-0.613619,-0.216514,-0.070555,-0.064149,-1.323101,-0.534970,0.244468,1
0.700744,-0.432908,0.613382,-0.834731,0.210450,-0.457150,-0.872098,0.556366,1
-0.925278,0.630297,-0.432221,1.204918,-0.131042,-1.105226,-1.899151,-1.124976,1
0.014487,-1.759961,-0.616981,-1.371698,-1.023298,-1.937539,1.375131,-0.755227,0
0.374055,1.518417,0.317906,1.556896,-2.571749,-0.848102,-1.200487,0.211880,1
1.742217,1.975977,1.449893,0.858973,-0.205617,0.512434,0.864693,0.135155,1
-1.198179,0.474051,-1.054874,1.139913,-0.665805,0.457606,-1.062246,0.537937,1
-3.261798,-0.583457,-0.203388,0.265138,-1.709731,-0.739813,0.042825,0.713437,1
0.677396,-0.812235,1.673772,-0.915625,-0.432008,-0.104367,-0.135962,-0.930629,1
-0.003574,-0.349144,0.112145,0.767452,0.724998,0.010547,0.040849,0.579169,1
1.592028,-0.138013,-0.706779,0.564178,-0.284880,0.924690,0.385847,0.228833,1
0.818699,1.092160,1.622597,0.034986,0.171733,-0.706762,-0.360940,0.238913,1
0.801813,1.532086,0.657877,-1.915355,-0.076669,0.990799,-0.790784,0.203155,0
1.148172,-0.993689,-0.101788,0.965208,-0.082276,1.299848,0.169886,-1.501939,1
0.195851,0.851908,-0.273387,1.571987,-0.995411,-0.324307,0.518206,-1.589447,1
0.340253,-0.625488,0.641754,0.062330,0.276169,-0.998585,-0.464251,-2.385358,0
-0.689045,0.612616,-0.193314,-0.830411,0.198090,1.343338,0.286441,1.171213,1
-0.797411,-0.406599,0.240709,-0.156589,-0.325764,1.352595,0.891026,1.382813,1
-0.327286,0.790713,-0.345505,-0.856463,0.746928,-1.062961,0.895061,0.351773,0
1.545984,-0.253211,-0.716428,0.397897,-0.332665,1.413507,0.446112,0.288170,1
1.120025,-1.425846,0.749579,-1.468790,-1.507986,1.462868,0.261362,1.992686,1
-1.492063,1.178556,-0.435303,-0.414048,0.480615,-1.596507,-1.031343,-0.302429,0
1.444353,-0.518248,1.270554,1.212420,0.002885,-0.243804,1.314624,1.749251,1
-1.821226,0.787372,1.381440,-0.197854,-0.956464,-0.782417,0.565038,-1.141041,0
-2.036618,-1.988942,0.012933,0.447113,0.737364,1.555841,0.041196,-0.104404,1
1.445319,-0.895639,-1.567775,0.668525,-0.014234,0.391754,-0.626424,-0.656810,1
-0.200188,0.142763,-1.393481,-1.138426,-0.945813,1.160822,1.061903,0.357862,0
-1.058693,-0.233843,1.459959,0.655316,-0.766376,0.922664,-0.229179,0.698529,1
-1.323713,-0.935647,-0.426810,2.152940,-1.409770,-1.366356,-0.021618,-0.586494,1
0.213928,-0.510763,-1.263981,1.805076,-0.767040,0.547773,-1.262257,0.083201,1
0.376350,1.033950,-0.911385,1.096218,0.398340,-2.373193,-1.052528,-1.171999,0
0.450119,-0.346151,-1.370310,1.117188,-0.352169,-1.029354,0.871211,1.538228,1
0.020461,0.105232,-1.728897,0.668920,1.003091,-0.219560,0.240469,0.159108,0
-1.750869,-0.829272,1.289289,-0.407452,-1.508833,-1.904225,-1.283733,0.121999,0
1.211279,-0.369289,0.463087,-0.059395,-0.241492,0.144972,0.710807,0.228740,1
-0.430853,0.409398,-1.057619,-1.683484,2.055791,-0.392567,0.641817,0.653925,0
-0.491197,-0.830907,-0.230661,0.191373,0.267686,-0.310042,-1.364702,-0.841732,0
-0.012859,2.914103,0.397278,0.078492,-2.063271,0.757670,1.804647,-0.539601,0
-0.310116,-0.285659,0.576229,2.222254,1.469695,-0.075880,1.562418,-1.133586,1
1.269740,1.141099,2.230606,-1.677659,0.725200,0.794506,-0.206996,1.354502,0
-0.214828,0.123801,0.009152,0.058885,-3.106533,-0.414774,0.549997,0.414980,0
1.004296,0.177090,-0.154647,1.665189,-0.004230,-0.759524,-0.095594,-0.299702,1
-0.768401,0.759223,-1.060098,-1.369094,1.670039,-0.606023,1.500934,-0.772211,0
-1.126715,0.451853,-1.670625,1.340704,0.531105,0.748859,-2.230827,-0.659731,0
-0.205636,0.319766,-1.122544,0.410159,-1.717511,0.131328,-0.062216,0.652073,1
0.095407,1.367353,-0.002093,2.227543,-1.028303,-0.823135,-0.149376,0.708363,1
-1.042658,0.668575,1.486145,-1.068703,-0.895658,-0.760483,1.810572,-1.502192,0
-1.345158,0.136007,2.087030,-0.367677,-0.837709,-0.027627,-0.524252,1.172630,0
-2.760891,-0.090521,0.305708,0.547306,-0.099946,1.011536,1.202209,-0.145066,0
1.543235,0.589086,-0.138295,-0.172710,-1.998538,-0.092340,-0.091102,2.563605,1
-1.235867,-0.166258,0.306140,0.820504,1.171396,0.128077,0.360420,-0.626676,0
0.063540,0.105878,-0.870525,0.055873,-0.062893,-0.145477,-0.241263,1.235729,0
-0.127299,-1.176293,0.657431,-0.035416,-0.964727,0.550223,1.228045,-0.042978,1
0.673574,-2.050955,-1.332342,1.002543,-0.346422,-1.091279,0.144106,-0.732801,1
0.593553,0.043792,-0.721783,-0.716076,0.684342,0.262307,-0.050258,-0.072954,0
0.974004,-0.155572,0.087764,-0.087691,-0.873343,1.244929,0.720012,0.102086,1
-0.057172,1.317133,0.430550,-1.375435,-0.073930,-0.467071,1.023542,-0.668947,0
0.871553,0.094729,0.340291,-2.361898,0.431691,0.644823,0.953219,-2.028029,0
-0.057939,0.576249,0.278505,0.087071,0.703423,1.480843,-0.674536,-0.485225,0
-0.839020,1.914614,-0.730997,0.000158,-0.713314,-0.111579,0.422738,-0.327274,0
0.999939,0.092344,-0.761551,0.552053,0.385521,-0.922857,-0.593438,0.246568,1
0.211723,1.145612,-0.924212,-0.621036,-1.506932,-1.604730,0.741256,-0.394889,0
-0.180231,-1.004366,0.250875,1.956299,-0.411607,-1.230384,1.266909,-0.013447,1
-0.696323,0.248871,-0.877146,-0.765929,-1.335375,-0.514868,-0.589000,-0.989998,0
0.250667,0.443514,0.654343,-0.100350,-1.925435,-0.048132,0.657398,2.165537,1
-1.105769,-0.840016,-1.240200,-0.189293,1.303936,-0.116431,1.631787,-0.148028,0
-0.036792,-1.024704,-0.571390,0.784087,0.413313,-2.304604,1.005755,0.870441,1
0.518044,1.545649,-0.484613,0.441670,-0.028443,1.189731,0.127430,0.332220,1
-0.234022,-0.567178,-0.418585,0.650697,1.038357,0.020253,-0.744454,-0.162647,0
-0.108898,-1.365066,1.229377,0.144250,-0.179350,1.157387,-0.430634,-0.120186,1
-0.867523,1.397304,0.806626,0.476104,-0.474638,-0.875933,-0.824825,1.362255,0
0.191326,0.505826,0.295916,-0.194409,0.167847,-0.371582,1.380618,-1.007744,0
0.853937,0.246273,0.895453,0.079731,-0.875636,-0.842620,1.355000,0.394963,1
-0.266214,0.826963,0.828643,0.944313,1.068203,-0.506054,1.629791,-2.040004,0
0.929158,-1.016593,-0.885611,1.898017,1.480874,0.288470,1.515316,0.557232,1
0.345268,0.543562,-1.004896,-1.232495,-0.041959,0.127601,-0.829221,-0.076673,0
0.035645,1.194450,0.056568,-0.536531,-0.215048,1.478073,0.111761,0.219443,0
0.508673,-0.266073,-0.039812,-0.535758,-0.841848,0.197530,-0.263405,1.079787,1
0.427979,-3.024110,0.612204,2.622836,1.582013,0.401785,-0.179469,-0.606532,1
0.712461,-1.450595,-1.701540,0.028712,0.391433,0.575976,-0.337712,0.604083,1
0.560732,1.144822,-0.505054,-0.378710,0.435678,-0.170815,1.288139,0.867179,0
0.304030,-0.365953,-0.363067,0.110265,2.281985,-0.226075,-1.208148,-0.184547,0
-0.176494,-0.416109,-0.568562,-0.066574,-0.392510,1.348655,2.590814,-0.097492,0
-0.268445,0.005174,1.610440,0.671576,1.462290,0.860815,1.752674,-0.169180,0
-1.183543,-1.330870,-0.743995,-1.521464,-0.016887,2.102838,-0.117179,0.698375,1
-0.169502,0.622849,-0.976109,-1.167972,-0.341162,-0.703069,-0.150616,-1.556418,0
0.219936,0.432870,-0.663170,-0.108374,1.177224,2.555364,0.502264,-0.705047,0
-0.658439,0.152172,0.863339,0.245768,-0.000483,1.747110,0.765783,-0.924638,0
0.734664,-0.060993,-0.717676,0.356746,-0.576064,1.231038,-0.035885,0.754326,1
-0.799445,-0.436520,1.278526,-1.222440,0.241051,-1.203734,-0.605225,0.389426,0
1.680308,1.169140,1.367387,0.582827,-0.700114,-0.851551,0.803873,1.018154,1
1.031370,1.209693,0.913082,1.084311,-0.599098,-1.999064,-1.413017,-0.355334,1
1.680189,0.301053,-0.552719,-0.436951,0.960107,-0.994338,-1.217759,0.004954,0
-0.194081,-0.783352,0.062519,0.507771,0.000450,1.337635,-0.455640,-0.877344,1
0.616171,-0.276525,-0.148495,-0.726267,0.262644,0.973991,-1.368011,-0.627962,0
0.286491,1.251592,0.337845,1.360717,-0.127247,1.099313,0.630820,-0.480619,1
-0.010301,0.015233,-0.020596,0.309052,0.734422,2.032892,-2.308923,2.055060,1
0.705333,1.036553,0.619358,0.235951,0.121433,0.739025,-0.587933,-0.464013,0
-1.337336,0.803315,0.024822,0.678510,-1.542259,-1.333317,-0.178837,0.597624,0
1.276469,-0.464201,0.289655,-0.167869,0.409510,0.749336,0.790648,-0.666396,0
-0.004757,-0.098770,-0.685671,0.615603,-0.685673,-1.010881,1.315915,0.346493,1
1.122819,-0.782130,-0.919833,1.349719,-1.712185,1.122052,-0.549835,0.714002,1
-0.263060,-0.576613,0.250496,-0.159312,0.653201,-0.229105,-0.380832,0.278975,0
-0.267367,0.800262,2.325864,-0.516515,0.639024,0.237511,0.060074,1.172154,0
2.428583,-1.781905,-0.570519,-0.555503,0.398645,-0.917723,-0.311551,-0.390992,1
-0.001359,-1.428464,-0.523018,1.529178,0.259514,-0.069048,-0.758076,0.334136,1
0.200854,1.692237,1.395190,0.354956,-1.042397,1.855723,0.001186,-0.813032,1
1.274802,-0.633684,0.856505,-0.930893,0.061422,-0.975117,-0.327369,0.685129,1
-1.209644,1.475977,-0.078865,0.011914,-0.744324,-0.426372,-0.059572,-0.132314,0
0.283974,-0.398584,-0.065433,0.975710,0.113284,-1.288073,-0.156031,-1.438507,0
-0.341276,0.068103,0.359750,0.951282,0.255114,3.064458,-0.714892,-0.669801,1
0.415577,-0.573415,-0.577884,0.144883,0.599559,-0.235634,-1.122832,-0.012400,1
-1.172457,0.712948,-0.485487,0.280790,2.279007,-0.421432,-0.411312,0.632254,0
0.465741,-0.856285,0.459737,0.232985,-0.024884,-0.237290,0.075468,0.782753,1
0.218996,-0.521307,-0.761497,-2.765769,0.328093,0.490402,0.692186,-1.181400,0
-1.715686,-0.876646,1.096148,-0.952640,-0.262448,-1.350746,0.484655,-0.871801,0
-0.322155,0.019600,-0.341014,0.804770,-0.463456,0.208081,-0.222813,1.701806,1
1.305602,-0.536302,0.718698,1.530500,0.437555,-0.077175,-1.712903,1.565363,1
0.443244,-1.047451,-1.104158,-0.181903,0.641079,-0.685767,-0.681144,-0.988646,0
0.686130,0.086033,-0.340198,0.274455,0.170994,0.281357,-0.219382,-0.198932,0
0.752518,0.259491,-0.601345,-1.393418,1.217492,0.681037,1.690331,-0.829196,0
0.752660,1.285208,-0.428578,-1.082044,-0.699642,0.932367,-0.720517,-0.421242,0
-1.786855,2.258682,1.568605,0.392061,0.626392,1.426148,-1.032823,0.036229,0
-2.404853,0.117779,0.888829,0.218090,1.969292,0.970598,2.099431,0.234512,0
-0.667480,2.010923,-0.349297,0.379840,-0.258348,1.182498,-0.750180,-0.759737,0
-1.545705,0.321512,2.059568,1.137798,-0.619467,0.000524,-0.599075,-0.690085,1
-0.646398,0.486993,-0.274203,1.782900,1.399728,1.186701,-0.544475,-1.579278,0
-0.510384,-0.766589,0.553372,0.175311,0.457999,-0.154990,-1.951555,0.667814,0
1.096929,0.866281,0.951963,-0.088570,-0.264510,-0.485604,-0.484470,-0.223204,1
1.584467,-0.246370,-0.019455,0.604674,-2.105238,-0.602791,-0.101917,-0.376122,1
0.083026,-0.454021,1.435954,0.180284,-0.026888,0.923928,-0.556488,-1.386936,1
1.140009,0.320793,0.618296,0.226342,0.083891,-0.536703,0.098183,-0.907686,1
-0.342977,-0.075997,1.359158,-0.732468,0.812888,-0.095832,-0.436895,0.224506,0
-1.550479,-1.085798,-1.097866,-0.831149,-0.316327,0.965104,-0.937967,-1.973814,0
-1.115413,-0.921139,-0.553045,-2.082621,0.198224,-1.280810,-1.347668,0.385193,0
0.474957,0.521010,-0.970609,-0.925454,-0.118980,0.480075,-1.119323,0.863514,0
-0.139493,-0.451417,-0.500963,0.344107,1.970407,0.544738,0.500158,-0.571032,0
0.137748,0.330000,-0.678037,0.011285,-0.799350,-0.896314,-0.281924,1.034908,1
-0.122024,-0.066864,0.859686,-0.856361,0.549328,-1.516014,-1.448113,0.857072,0
-0.965498,0.077667,0.278033,0.563592,-2.627342,1.390933,-2.089106,0.266070,1
-1.445637,1.163479,0.271819,0.976107,-0.841810,-0.329592,-1.246386,1.714193,1
-2.351785,-1.449614,2.602835,2.208167,-0.279079,0.368247,1.024606,0.900173,1
0.112844,-2.262184,-0.072676,0.988007,1.070168,1.064574,-0.481559,-1.196167,1
-1.029932,-0.247221,-0.309062,-0.262350,0.307326,-0.377317,0.149822,0.859465,0
-1.661368,1.282258,-0.668759,0.489169,-1.902843,-0.325505,2.342782,2.117999,1
0.332054,1.068547,-0.425264,-1.609966,0.025034,0.712472,-0.054687,-1.496425,0
1.478108,-0.529618,-0.195310,-0.427778,-0.200899,0.275838,0.974801,0.504222,1
-1.093893,2.010840,0.863897,0.759809,-0.059329,-1.035819,0.462853,-0.009603,0
0.274154,-1.102276,0.915099,-2.410759,-0.938093,-0.813480,-0.118803,0.239150,1
1.634947,0.334819,0.153416,0.033771,-1.643646,0.669960,-0.878007,2.929199,1
2.701544,0.397525,-1.168727,0.572133,-1.070448,1.356907,-0.332915,-0.350010,1
1.600316,0.280237,-0.303484,0.485974,-0.567752,-1.402443,0.434144,-0.906428,0
0.464969,-0.454954,-0.311097,0.067914,-0.494731,1.419984,-0.729916,-1.077960,1
0.120027,1.714687,0.272750,-0.617735,0.162538,-1.041646,0.625592,-0.730398,0
-0.806936,-0.589657,-1.060294,1.747428,-1.282142,-1.013025,-1.554385,0.248243,1
0.692495,0.101994,0.076365,-0.219043,1.059138,1.810238,1.077693,-0.659116,0
0.410344,1.388692,0.739831,-1.703309,-0.372731,-1.272576,0.291373,-0.058838,0
0.327643,-1.302626,-0.602615,0.327655,-0.224436,-1.912654,0.493572,-0.515146,1
0.074166,0.089705,-0.159181,0.522316,-1.418313,1.460161,-0.941378,-1.012355,1
-0.008189,-0.053236,-0.986072,0.130076,1.177474,-0.805267,-0.158425,0.328456,0
0.992126,0.448561,-0.270520,0.603007,-0.817507,1.147331,-1.766484,1.506791,1
-0.538227,0.309431,-0.698580,0.673999,-0.450177,0.945240,0.686249,-1.233896,0
-1.407048,-0.505354,0.383407,0.785848,1.872387,-2.055227,1.878504,1.007073,0
1.390058,-0.062773,-1.878679,-0.458172,-1.850139,-0.494409,-0.908526,0.976496,1
1.894663,0.085353,1.656757,-0.202739,-0.094345,-2.059022,1.325498,-0.414188,1
-0.638297,1.161785,-1.448557,0.934494,-0.212981,0.890263,-2.463318,0.077642,1
0.449628,-1.129759,1.137976,1.810317,0.172593,0.194714,-0.617328,0.598013,1
-0.539526,0.300183,-0.161770,0.782032,1.399201,0.811231,-0.497826,1.278811,1
1.047786,1.339968,-0.532115,0.212482,0.478972,0.540191,-0.475897,0.048388,0
1.622115,0.658254,-1.226134,-0.459832,-0.417334,0.452160,-1.776405,-1.041807,1
0.903034,0.231303,0.799278,-0.447975,1.994872,-1.286030,-0.113904,1.113723,0
-1.166853,-0.019783,0.523944,-1.138091,-0.442773,-0.141094,-0.690398,-0.611148,0
-0.444464,-0.688035,0.177794,0.300321,2.488864,0.049757,-0.156233,-1.073783,0
-0.461760,0.436876,1.348632,-1.092566,-0.481241,0.387874,1.188204,1.628113,0
0.639705,-0.346630,0.669407,0.234257,-0.412406,1.306671,0.875090,-1.285891,1
-1.405070,0.433002,1.211729,0.306183,0.558798,-0.583916,-0.145836,-1.316432,0
0.999914,-0.576605,0.494905,0.112635,0.596752,1.200286,0.140059,-0.559193,1
1.834990,-0.206132,-1.459876,1.667924,-0.170316,0.360685,1.097602,0.736556,1
0.091921,-1.475652,0.066049,0.056964,-1.157093,-1.376938,-0.669038,-0.059521,1
-0.785448,0.287552,-1.391530,-0.410932,-0.911158,-0.279938,0.923883,-0.696579,0
0.388849,0.847754,-0.454873,-0.148911,0.883381,1.809088,-0.564200,0.858995,1
0.642974,1.172784,0.343295,-1.331670,0.166236,-0.575683,0.448781,1.359603,0
1.225567,-0.996447,0.908619,-0.818377,0.339712,2.007432,-0.122536,-0.708579,1
0.590453,1.072059,-0.062507,-1.952883,-0.101743,-0.721816,0.410525,-0.908735,0
-0.068269,-0.062129,0.144336,0.325562,-0.287001,1.097191,0.046267,0.121523,1
-1.688706,-0.607610,0.327686,-1.149109,-0.354775,0.267299,-0.476443,-0.436132,0
-0.127618,1.415443,-0.702199,-0.377635,1.726438,-0.313860,1.412547,-0.812367,0
0.994366,0.064786,-1.265481,1.149787,-0.425930,2.023046,0.121503,-1.663689,1
-1.086018,0.334984,0.685614,0.866925,0.553066,-0.862962,-1.898423,1.675425,1
0.387557,-0.760415,-1.240582,0.991547,-0.948023,0.184873,-0.060324,0.826655,1
0.075571,-0.414836,-0.079761,0.593754,0.016039,0.636859,-0.214485,1.349354,1
-0.256865,0.856334,0.099536,-1.656933,-0.377940,0.393751,-0.112840,-0.769783,0
-0.336508,0.243465,-0.002538,2.650362,1.055001,2.207784,1.114341,-0.273601,1
1.731506,0.097999,0.498304,-1.293147,1.323590,0.379271,-0.359119,-0.239193,0
0.183960,2.117826,0.347491,0.595010,0.722066,0.543306,1.390564,-0.615815,0
-0.729507,-1.814155,0.936236,0.719217,1.097068,-1.195929,1.094971,0.241643,1
0.753711,0.231259,-0.013879,-1.781880,-0.003131,-0.741578,0.803859,-0.084648,0
-1.636888,-0.328811,1.186238,0.990284,-0.367416,-0.789420,2.484936,0.417670,0
-0.405674,-1.147607,-0.801411,0.338926,-0.128911,0.715616,0.353233,0.026610,1
0.537372,0.558989,0.889753,-0.178552,0.542054,-1.597887,0.333008,-0.101994,0
-0.589573,0.287300,0.354899,0.886867,-0.869357,1.452070,-1.452794,1.160140,1
1.325378,0.853559,0.999261,-0.476839,1.023964,-0.104351,-0.839725,-1.881610,0
1.416960,0.493873,-1.043664,-1.635634,0.069597,-0.360369,1.141485,-0.501947,0
-1.445264,0.350275,0.194657,0.550050,-0.733437,-0.003419,0.524076,0.413247,1
-1.129999,-1.136950,0.344623,0.704490,-0.590644,0.922946,-1.171534,-0.505418,1
-1.042465,-1.154233,0.144656,1.526438,0.603038,-1.109907,2.390331,-0.511622,0
1.242576,-0.469061,4.192854,0.010230,0.771792,-0.751924,-2.037069,-0.207049,1
0.089599,0.007400,-0.648975,0.772591,-0.315752,-0.083939,2.596740,-0.623475,0
-1.429866,0.350796,0.438707,1.041460,0.313354,0.535212,0.736232,1.751345,1
0.426296,-1.208814,0.953099,-0.209460,-1.261965,-1.242273,-0.258445,-0.651561,1
-0.664392,1.339638,0.872766,0.264180,1.042993,-0.057113,0.253779,1.246070,0
0.144277,-0.508831,-0.811399,-0.510779,0.338335,0.960107,0.521034,-0.028338,0
1.105894,-2.072324,1.875476,2.149108,1.175111,0.390894,-0.292924,-1.050927,1
1.417893,0.665419,1.656408,-0.619966,0.926078,0.667742,-0.953614,-2.312290,0
-1.030873,0.123723,-0.514778,-0.145629,0.362085,-0.011986,0.827481,1.746255,0
-2.801634,0.478544,-0.821480,0.207146,-1.132894,0.836799,0.042359,-1.913719,0
1.151564,-0.044180,-1.596346,-1.134082,0.143026,0.354030,-0.926010,0.962185,0
0.474317,-2.072022,-0.405868,2.415461,-0.870359,0.472700,0.157765,-0.266536,1
-1.771983,1.338906,2.178739,-0.823736,-0.411173,0.543345,-1.412765,0.188859,0
0.066706,-0.625933,0.481645,-0.989226,-1.141025,0.010479,0.486336,-1.280094,0
-0.085704,0.870991,-0.220808,-0.318447,-0.149309,1.378648,-1.903636,-0.434781,0
0.517942,1.661669,-1.366047,2.489267,0.933404,-0.903583,-0.310459,-0.416092,1
-1.500808,-0.307966,-0.285673,0.286552,0.188371,-1.153232,-1.349589,-1.058585,0
1.811979,0.633709,-0.937884,-0.422544,0.424860,0.825879,-1.827698,-1.571780,0
0.412228,-0.080885,1.542249,-0.666110,1.331382,0.876026,-1.197268,-1.357603,0
0.483359,-0.826438,-0.546067,0.972657,-0.392054,-0.629502,0.631925,-0.917400,1
0.512075,0.197329,-0.663801,0.815148,0.567097,1.027776,-1.899785,0.404700,1
0.038056,1.426747,-1.808313,-0.867829,-1.268290,-0.240875,1.310885,2.226871,0
1.389418,-0.520654,2.035230,-0.409022,-0.540722,0.328097,-0.016675,-0.567326,1
0.721329,0.362567,-1.884042,1.772274,-1.116286,0.684816,0.726557,-0.369503,1
-0.826127,1.124573,1.211609,0.102370,0.209330,-0.473809,1.232000,0.936126,0
-0.924601,0.167320,-0.572022,-0.667709,-0.870558,-0.236579,-0.539437,-1.841336,0
0.635017,0.561626,1.488378,0.475563,0.694191,-1.091490,0.541054,0.149692,1
-1.166390,0.351430,0.812957,-2.220848,-1.548038,-0.228035,0.248729,-0.029441,0
2.036028,-0.662430,1.217150,0.727939,-0.689898,0.831622,-0.008688,-0.589911,1
0.294810,-0.103703,0.367304,1.401788,0.184888,-1.067699,0.762733,-0.364166,1
-0.785134,0.105218,-0.111685,0.438395,0.511049,-1.698968,-1.142547,0.368779,0
0.909005,0.298631,-0.330094,0.816232,-0.023650,-0.278130,-1.456509,-0.651157,1
-1.086231,-1.317353,1.665756,-1.123775,0.207553,0.181362,0.369439,0.429489,1
0.459294,0.462519,0.341147,-0.135327,2.892799,-1.108022,-1.138562,2.252289,0
0.999326,-0.941876,-0.055232,-0.630173,-0.841307,-1.118131,-0.101671,-0.580452,0
0.561118,-1.017591,2.595153,0.219325,1.320844,-0.275670,-0.712928,0.084022,1
0.055777,-0.648947,0.270072,-0.360189,0.280436,-1.523850,0.674703,0.466114,1
-0.081759,0.050335,-0.908539,-1.980667,0.067420,0.341438,0.772127,0.676548,0
0.587724,-1.918389,0.053867,-0.230158,1.598953,1.017284,-1.106317,0.061745,1
0.254508,-2.018013,-0.580039,-1.135548,-2.444042,0.441557,0.505909,0.769237,1
-0.163851,2.622969,-2.026796,-0.426168,-0.136700,-0.682981,-2.269283,-1.505441,0
-0.879299,1.631135,-0.807017,-0.863180,0.290993,0.707059,-0.923654,-0.059266,0
0.981800,1.246875,-0.056181,0.921726,1.374055,0.393796,1.810650,-0.760418,0
-0.652109,-0.215439,0.628470,0.753677,-0.017452,-1.037274,-0.391841,0.698526,0
-0.979338,1.113691,0.090213,-0.102204,-0.207021,-0.992772,-0.866754,0.196862,0
0.849026,0.862941,0.119916,-0.663596,-0.502814,-1.098355,-0.005652,-0.408191,0
-0.156746,-1.155102,1.571013,-1.424682,1.719085,2.191513,-0.820333,0.747348,1
-1.257685,0.276775,-0.464018,0.457762,-1.259273,1.350541,0.761774,0.630933,0
0.461542,1.253506,-0.194451,-1.091317,-0.660878,-1.934278,-0.797200,-1.980479,0
1.682485,1.632796,0.892646,0.919201,0.006119,0.864509,0.754845,0.821761,1
-1.383670,0.350011,0.156945,0.506256,-0.692172,-0.190296,0.049610,-0.583726,0
1.038591,1.201994,0.893023,-0.602134,2.346141,0.265345,-0.489946,0.494335,0
-1.422573,0.388923,-1.102233,-0.120159,0.787655,-2.053258,0.840631,0.693306,0
1.476052,-0.959689,-0.300897,-1.342812,-0.784156,0.844499,-0.591088,0.080246,1
-0.127024,-0.042947,-0.107582,-0.147594,0.946916,0.422303,1.274452,-1.693506,0
-0.821834,-0.403012,0.469746,-1.027919,-0.347301,-1.827939,0.870230,0.317402,0
-1.854387,-0.547348,0.874942,-0.158628,0.821480,0.576409,-0.197327,-1.515254,0
-1.219240,-0.197886,0.724225,1.383804,1.378260,0.225892,1.412224,0.747435,1
-0.558135,-0.638347,-0.940257,0.098472,-0.074697,0.082817,0.119268,-2.194616,0
0.469925,-0.234241,0.660255,-0.057640,1.166734,-0.096246,-1.443192,1.089980,0
0.281463,0.420901,-0.735999,0.013997,-0.497615,-0.349153,0.563590,-0.438392,0
0.551195,-1.174781,-1.399117,2.001709,-0.556022,-1.303984,0.697211,1.010174,1
-0.045334,-0.210489,-1.257353,-0.162894,0.017774,-1.075464,1.046715,0.212007,0
-0.251939,-1.298638,-2.052098,0.558509,0.639233,-0.502589,1.694021,0.321807,1
-0.819766,-0.006799,0.426404,-1.969619,1.089960,-0.273545,-0.628194,0.899615,0
0.102156,-0.620031,0.084956,0.526453,1.233207,-2.642806,-0.596853,-0.682742,0
1.349502,0.505531,0.014884,1.477861,-0.290652,-0.934341,0.160157,-0.351476,0
-0.725276,0.070009,-0.543764,-2.758053,0.351226,0.882266,-0.066543,0.216297,0
0.495661,1.346970,1.335529,1.014008,-2.244734,-0.353029,-0.801720,-0.586711,1
2.051970,-0.628049,-0.208879,-0.003546,0.003636,-0.287358,-1.564785,-1.034712,1
-1.326833,-0.912815,2.038630,1.114483,-1.457321,1.502323,0.990521,-1.518338,1
0.363366,0.840111,-0.226836,-1.023870,0.184092,0.921340,1.587451,-0.915354,0
0.685507,0.923740,-0.054150,-0.780128,-1.867135,2.004450,-1.869199,0.061883,1
-1.767912,1.301398,1.431776,-0.587354,1.140866,0.303524,2.907813,1.253952,0
-0.693924,-0.400621,0.461795,-0.983083,-1.887149,-0.041925,0.423632,0.692684,1
0.625526,-1.785616,0.325718,0.146436,-0.134364,1.407183,-0.748772,1.095076,1
0.556200,-0.539236,0.401163,-1.519020,0.983558,0.724550,1.072792,0.578735,0
0.129269,-1.737045,0.055731,-0.463535,-0.250742,0.222520,0.076543,1.078631,1
-0.074111,2.146029,0.844317,-0.294155,-0.717412,1.070722,0.154397,0.440899,0
0.085121,1.688080,-0.853521,0.684565,1.453323,-1.079109,-1.514414,-1.963075,0
0.655351,1.127632,0.448084,0.575596,0.009477,-1.631324,0.242426,1.187967,0
0.040365,0.196471,-0.214493,-0.554053,-0.222846,1.452896,1.776081,0.237653,0
-0.033458,-0.030609,-0.935231,-0.088234,0.835607,0.676547,-0.193372,1.296112,0
0.090567,-0.307220,-0.622900,-0.209436,0.383462,-0.117249,-0.960241,0.690959,1
-0.275482,0.385514,-1.322285,1.929476,-0.195870,1.812834,0.733228,0.757982,1
-0.627673,-0.568506,0.465239,0.425768,-1.912306,1.227079,1.002729,-0.204749,1
-0.216682,-0.146776,-0.035395,0.263903,0.866588,-0.044969,-0.539119,-0.728621,0
-0.443460,0.092164,0.806052,-0.287832,-1.501407,-0.730424,-1.016488,0.327866,1
0.571202,0.446541,-1.171308,1.432741,-0.583999,-0.327159,-0.003636,0.497909,1
-1.304005,-0.505004,-1.078442,-0.491964,0.306565,1.370212,0.031088,-0.818789,0
0.460005,0.743797,1.028974,0.899532,-2.227495,-0.665976,-1.020290,0.347826,1
0.328376,-0.355485,-0.682316,-1.075782,0.753499,-1.450340,1.955834,-1.455681,0
0.508612,0.408212,-1.407488,-0.541184,-0.551978,0.550190,-0.553277,0.088468,1
1.774147,-0.915552,0.509914,1.034943,0.547685,-0.445346,-1.186486,0.697590,1
0.994341,0.983737,1.906932,0.127149,0.814408,-0.312023,0.613086,0.125480,0
-0.126280,0.407476,-0.499107,-0.096309,-0.891398,1.368993,0.571434,-2.389815,0
-0.472218,0.889592,0.752748,0.792594,2.273706,-0.255849,0.196362,-0.564270,0
0.851788,0.583346,2.119959,-1.009819,0.159710,0.931714,1.334912,0.646183,0
-0.487233,-1.716195,1.362560,0.269211,0.249642,0.285740,0.190491,-0.700922,1
0.502407,0.447418,2.631135,0.760125,1.480667,1.214648,1.943597,-1.190835,0
0.112492,-0.165112,0.178123,0.298735,0.776120,1.567186,-0.189097,-0.483269,1
1.217705,2.048546,-0.375504,1.008426,-0.508288,0.021405,0.546752,-0.966676,1
0.417358,-0.183501,0.303473,-0.434730,-0.030682,0.183997,0.837000,-0.491126,0
0.207744,0.599485,0.663728,0.352252,0.733899,1.113535,0.677265,1.098696,0
1.613523,1.546500,-0.350173,0.743864,-2.312982,0.468294,-0.236005,-1.096566,1
1.050584,1.465148,0.833258,-1.402621,-0.514001,1.085668,-0.746237,-0.932948,0
0.104787,0.130808,-0.051331,-0.193343,-0.345805,-0.765586,1.704582,-0.119872,0
0.956286,-1.950527,-1.366950,-0.156224,0.516162,-0.692625,0.261245,-3.049392,0
1.127997,1.044150,-0.153692,-1.216270,0.287978,0.730104,-1.080571,-1.260214,0
0.771138,1.347743,0.067534,0.833425,1.829086,0.910736,-0.367620,-0.047015,1
-0.327694,0.327080,0.270493,-0.080358,-0.840320,-0.389964,3.088655,-0.371124,1
-0.201605,0.484954,0.959634,-0.373657,1.918724,-1.420072,-0.440587,-2.118384,0
0.913701,0.711877,-0.672567,-0.365687,-1.671006,1.321033,0.234607,-0.710777,0
0.484707,-0.232678,-0.036254,-0.009796,0.354541,-0.968985,-0.777298,0.071748,0
-0.162209,0.352047,1.600578,-1.532443,0.579535,1.370834,-0.033195,-0.290081,0
-0.996438,-1.826417,-0.751634,-2.366230,0.367571,0.612440,1.666147,1.197249,0
-0.157568,1.626155,0.076946,0.300147,1.514865,0.319279,1.223808,0.261920,0
0.096997,-0.386596,1.892059,0.350208,1.149269,1.388639,-1.153700,0.236114,1
0.522388,-0.233679,1.032245,0.468073,-1.071587,0.094112,-0.160488,0.119081,1
-1.419628,0.468039,-0.726070,0.348799,0.376647,1.476046,0.314396,0.462008,0
-0.121345,-0.425874,-1.694850,2.082199,0.813140,-0.775425,-1.193000,-1.870163,0
0.272860,-1.547629,2.200722,-1.132961,-0.371819,-0.632522,-0.515945,0.564256,1
0.609667,1.001450,1.138821,-1.065012,-0.687951,-0.302237,-0.545134,0.438016,1
0.419000,0.579766,2.372300,0.671879,-0.376850,-0.575639,-1.753281,0.413254,1
-0.760429,-0.801109,-1.457305,0.684557,-0.417281,0.969348,1.361584,-0.851564,1
-0.680723,-2.033092,0.774403,-0.700358,0.233112,0.570428,-0.430411,0.404725,1
-0.671743,0.414441,0.110894,-1.545084,0.896445,1.632391,0.267193,-0.181179,0
-1.123804,2.145079,-1.475872,1.580662,1.217678,1.098397,0.106029,0.214151,0
0.438679,0.304447,-1.007547,0.294502,-0.059818,-0.322458,-1.156729,-1.682380,0
-1.000655,1.540710,-0.898764,-0.988143,0.201601,0.865124,1.577131,0.129944,0
-0.461317,0.749110,0.167805,-0.573032,0.070688,-1.795893,-0.963521,1.031720,0
1.511839,-0.063853,-0.424217,0.026214,-1.426100,1.497292,-0.777898,0.189598,1
-0.448018,1.105114,-0.399475,0.597767,-2.073826,-0.671384,-1.694777,-1.184411,0
0.375614,-0.546657,-1.682776,-1.015340,0.616617,0.543310,-0.489039,0.410038,0
0.328197,-1.942900,0.306274,0.849474,0.276728,1.336012,0.331904,-0.320319,1
-1.298689,-1.044857,-1.499911,1.131886,0.760882,1.456231,0.785885,0.022569,1
2.030642,0.366574,-0.044405,-0.364754,-0.904578,0.079800,-0.749430,1.218152,1
0.616949,0.591860,-0.768605,0.249386,-0.724798,1.325554,-1.043804,-2.044652,0
0.992839,1.071694,1.690808,0.210956,-0.306673,-1.449574,-0.952520,0.452745,1
-1.386979,1.562918,0.024024,0.980386,-0.347798,-0.425626,0.104453,0.538219,0
-1.667764,-1.021534,1.655370,-1.316495,-0.166906,-0.847882,0.913705,-1.280896,0
-1.510923,1.236781,0.706348,1.272186,0.898019,0.102855,0.376573,0.234175,0
-1.302693,0.870667,0.459191,0.292598,0.304924,1.288932,2.156024,-0.782619,0
0.007354,0.973482,0.215468,-0.332105,0.583880,1.028025,-0.562822,0.171207,0
0.156357,-0.134560,-0.933748,-1.290837,-1.608293,-1.253151,0.927528,1.676759,0
-0.176204,0.177442,1.304712,0.529969,-0.371267,-1.550202,-0.187032,0.673877,1
-0.426119,-0.583377,0.449027,0.085633,-1.444239,1.158026,0.536123,-0.813784,1
1.141315,1.722560,-0.048521,0.021265,0.575472,1.282920,1.550444,-0.263237,0
0.258015,0.842701,-0.160748,1.047713,0.342361,-0.486880,0.298932,-0.500541,1
-0.278924,0.620995,1.495185,0.581910,-0.170783,0.312560,1.192711,1.220930,1
0.952826,0.264306,0.653626,-0.501527,0.990021,0.210353,-1.546996,-0.445732,0
0.072934,-0.936775,-0.735749,-0.457386,0.216899,-0.445619,0.273224,1.136760,1
-0.327381,-0.805289,-0.586494,-0.731465,-0.101405,-1.409365,-0.663986,2.109363,1
1.965366,1.292532,0.498446,1.677385,1.380240,-0.218736,1.167150,0.307669,1
0.530501,0.402795,0.118349,-1.547228,0.458319,1.194048,-0.516508,0.451998,0
1.085267,-0.347067,1.971985,-2.331238,-0.260857,-0.300262,1.455432,0.367896,0
-1.806655,-0.464084,-0.708729,-0.066082,-1.190013,0.196086,-0.883464,0.159544,1
-1.107061,1.521382,1.004702,2.032169,-0.107915,-1.858787,2.497536,0.305268,1
0.388648,2.241542,-0.674951,0.134051,0.390729,1.752683,-0.218283,0.611262,0
0.679922,-0.118354,-0.816880,0.900438,1.016756,-1.413374,0.525407,0.565184,1
0.626969,-0.647543,2.207753,-1.139224,0.923864,-0.815706,0.155853,-0.305572,0
-0.974917,-1.288529,0.659746,0.952403,-1.967765,0.675238,-0.863219,-0.669202,1
0.093952,1.547532,0.502850,0.215859,-1.340664,0.575850,-1.923370,0.812993,1
0.551533,-0.943304,0.597846,-0.805287,0.667738,0.377177,-1.213016,-0.401489,0
-0.011720,0.546415,-0.337572,0.115387,-0.601469,-0.872373,-0.582954,1.263384,1
0.015104,1.701811,-2.073060,-0.420529,0.433767,-0.822486,0.073103,-1.844120,0
2.065083,0.876380,1.505843,2.174547,0.918359,0.253318,1.174955,-0.770453,1
-0.196434,-1.247824,1.548738,-0.077102,-0.822257,0.524834,-0.683555,-1.000050,1
1.322182,-1.640028,-0.323954,-1.455044,0.015713,-1.500187,-0.595845,-0.525843,0
0.132592,-0.455553,0.728993,1.337272,-2.083511,-1.246672,-1.167290,0.984685,1
-0.137136,-1.836536,-1.531759,0.168487,-0.637461,0.383776,-1.343507,1.115340,1
-0.685122,0.287049,1.087581,0.138404,0.089092,-1.448366,1.261468,-3.460319,0
0.402948,2.661022,0.389449,-0.180588,-0.657683,1.206734,-1.250093,-0.487911,0
-1.384719,-0.456039,0.260930,-1.446182,-1.206883,-0.028223,0.435970,-0.040979,0
-0.560293,0.468749,-0.919050,1.908808,-0.155367,-1.811414,-0.688404,0.496405,1
0.804677,0.578308,2.215990,0.513185,1.690950,-0.465656,0.518746,-0.579721,0
-1.209146,-1.283349,0.053361,-1.714950,-0.628647,0.122539,-0.890959,-0.130725,0
0.804537,0.172596,-2.264564,-1.748217,0.267168,0.713829,-0.704548,-0.018029,0
-0.873061,0.347137,1.964767,-0.280718,0.609886,-0.381740,-0.285438,0.565739,0
1.005748,-1.419974,0.780975,-0.245692,-0.548680,0.101246,1.579707,0.770161,1
2.880586,0.298834,-1.231012,1.064712,-0.158753,-1.632273,2.308953,-1.017108,0
0.261516,-1.638017,-1.903759,-0.202598,-1.443961,0.206510,1.292793,-0.192276,1
0.383039,0.232435,-0.080138,-0.336944,0.413348,-0.073121,-2.181076,-0.563005,0
1.090191,1.338876,1.609826,-0.392172,-1.355025,-0.280849,-0.196622,0.478889,1
1.584836,-1.182099,0.164337,-0.710224,-0.156722,0.264906,-1.238264,-1.954767,0
-0.378337,-0.007404,-0.000654,-1.036288,2.135079,-1.419547,-0.087237,-0.232739,0
-0.952323,0.506445,0.564466,-1.194226,-0.409204,0.137626,0.601791,0.465780,0
-0.236796,-0.729387,0.193534,-1.828610,-0.765325,-0.094164,0.210208,-0.274515,0
0.996457,0.854397,1.747859,0.164770,-1.101000,-1.083296,-2.199343,-1.828595,1
-0.430609,-0.612086,0.229414,-0.966681,-1.596617,0.035898,0.548504,-1.075879,0
0.441157,-0.495112,1.744100,0.496400,0.901316,-0.185658,-0.138937,-1.826220,0
0.680538,0.892239,0.905378,1.293035,-1.022236,1.305417,0.038256,0.076653,1
0.654413,1.198623,-1.029916,0.770604,0.467564,-0.095906,0.234791,0.705413,1
1.950022,-0.599202,-0.999312,-0.631081,1.483697,-1.257528,-1.424041,1.735089,1
0.519715,-0.780082,-0.010818,0.495334,-0.750487,0.136018,0.235308,-0.795493,1
0.620469,-1.092804,-0.892167,-0.636008,1.648225,-1.935122,0.008956,-1.671124,0
-0.111485,0.421900,-0.307727,1.926410,-0.290670,-1.664942,-0.013192,1.404579,1
0.201481,-0.028660,0.756913,-1.115196,0.349990,-1.118526,0.540339,-1.253851,0
-0.773780,1.756330,0.169804,2.152526,-0.028410,0.360411,0.617257,1.010452,1
-0.370851,-1.450626,-0.823421,-0.805058,-0.973763,-0.923976,-0.786788,1.425710,1
-0.081208,-0.585992,-0.033487,0.062325,-0.963641,-0.676510,-2.165699,1.793995,1
1.500557,-0.871295,-0.557036,-0.215954,-0.976717,1.167507,0.169782,1.818105,1
0.405790,-0.224628,1.261501,0.683988,-1.200342,-0.523484,0.317435,-0.906328,1
0.611675,0.611207,0.678559,0.270750,1.156265,1.590151,-0.195421,1.094378,1
0.264981,-1.086023,-1.428524,-0.295216,-1.755832,-0.287537,2.374625,0.668140,1
-1.537522,0.983223,-0.525708,-1.270919,-0.199802,-1.717194,-1.528895,0.422453,0
2.408731,-1.359475,-0.630052,-0.315151,0.465087,-0.105145,1.347081,0.357745,1
0.303123,-0.078572,-0.790127,-0.898358,0.516380,-0.017624,0.264385,-0.599791,0
1.650973,0.409928,2.348287,-0.493460,-1.371790,0.244109,0.070331,0.843872,1
0.656790,-0.673625,0.990989,-0.376786,-0.683810,-0.376972,-0.109670,-0.324087,1
-1.017312,-0.170579,-0.043398,0.514876,0.825768,-0.178803,0.151752,-1.229496,0
-1.933638,0.671547,0.624244,-0.635842,0.325546,1.135833,-1.234652,-2.421309,0
0.546625,1.574829,1.627604,0.828350,-0.626963,0.602241,0.476813,-1.621055,0
0.148584,-1.247012,1.075122,2.147161,-0.439863,0.685378,-0.184756,0.152594,1
-0.835849,-0.299604,-1.321137,-0.141719,0.171058,0.435804,0.929616,0.069366,0
-0.241400,0.789154,-0.401925,-0.046469,1.200057,0.592171,2.313698,0.363953,0
0.258881,0.696399,-1.029604,-0.046418,0.459858,-0.700758,0.538266,0.865925,0
0.610759,-0.921891,-0.792230,0.041646,-0.577006,-0.268322,-0.188761,0.819842,1
0.628530,0.799557,0.497165,-0.769256,1.527418,0.451202,0.702356,-1.013582,0
0.885015,-0.828184,-0.894073,1.462384,-0.914146,-1.107252,1.124298,-0.583943,1
-0.926166,0.347451,-0.884438,1.056106,-0.406166,-0.270563,-0.295153,1.780581,1
0.354573,0.925450,0.731370,0.109109,-0.191093,-0.268335,-0.478177,0.155156,1
0.632610,-0.098074,0.261004,0.589130,0.276624,-0.468787,-0.986756,-1.149289,0
1.250499,1.235901,-0.249780,0.814648,0.531289,-0.502927,1.258344,-1.661088,0
-0.894277,-0.278229,0.711593,0.109448,-0.090173,-0.406941,-0.067055,0.422772,1
-1.489055,-0.610919,-1.893050,0.751311,-0.140604,-0.003071,0.190939,1.249302,1
-1.524256,0.137228,-0.590681,1.543809,0.241199,0.545555,-0.039065,0.801824,1
-0.792516,0.502208,0.398350,-0.092583,1.885770,-0.127538,0.438516,1.156391,0
-0.190612,-0.479221,-0.901144,1.565320,-0.233937,-0.208574,-1.354689,-1.247432,1
0.904944,-1.319174,0.190311,0.383646,0.726505,0.534368,-0.813690,-0.161718,1
-0.065514,0.307146,1.219731,-1.014548,0.138378,1.244477,0.605604,-0.013060,0
1.504086,-0.104120,-0.579405,0.536400,0.318386,-1.713222,0.635210,-1.248041,0
-0.506204,-1.615411,0.581764,-1.325256,-1.245055,0.309608,0.521351,0.446378,1
-1.545249,-2.266024,-0.132461,-1.513632,-0.287627,-1.595000,1.326165,-0.500346,0
-2.432537,0.539012,0.008086,0.879037,-0.341346,0.139063,-1.219663,-0.930191,0
0.575533,0.056831,0.180668,0.236548,1.474670,-0.710476,0.353013,0.649565,0
1.067319,-1.744619,-1.167711,-0.967729,0.170777,0.643165,-1.815491,-0.066584,1
0.681951,-0.210516,0.368310,-1.329336,-0.332491,2.017125,0.833854,0.916859,1
1.073377,0.477913,0.413480,0.386546,-0.952255,0.738282,-1.380216,-1.032196,1
0.200195,0.901316,-0.784172,-0.898440,1.130502,0.190527,-0.295885,-1.470678,0
0.778078,-0.195864,-1.255038,-0.567172,0.304280,0.672637,1.259157,0.247367,0
-0.872134,0.015959,-0.811540,-1.009380,-0.383141,0.641833,-0.290944,1.754311,0
-0.831067,-1.178664,2.377982,0.953889,0.150939,1.282890,1.057897,-1.947582,1
-1.201461,-1.413161,0.568228,0.076175,0.717168,-1.919011,0.390342,2.247515,1
-0.413775,-1.465747,-0.868144,-0.673307,-1.020288,1.486392,-0.856903,1.955976,1
1.494786,-1.336689,-1.150389,-0.894864,0.011563,0.492230,-0.313634,1.588621,1
-0.143648,-0.177222,1.322471,1.000164,0.184682,0.290449,-2.812462,-1.137930,1
0.609274,0.034082,0.049443,0.386412,0.116855,1.637748,1.569550,0.063479,1
-1.733722,0.314792,-1.402508,-0.760402,0.061866,1.511612,-0.537349,0.270817,0
-0.078417,1.819243,-1.219571,0.332649,0.418772,0.583923,-2.447791,1.913159,1
-1.734774,-0.640547,-0.959442,-0.351178,1.722740,0.292141,-0.687478,-0.356392,0
0.127733,0.282096,-0.052244,1.508731,0.492622,0.958363,-0.365341,0.531039,1
-0.176610,0.720436,0.668907,-0.371648,-0.611794,0.134054,0.158932,0.495139,1
-0.634685,0.413673,-1.242428,2.067231,-0.738646,0.095505,0.534322,-1.087611,0
0.367643,-1.330972,0.331464,-0.375979,0.339887,-0.936244,-2.389353,0.699113,1
0.011265,0.925808,0.857317,-1.105754,0.332661,-0.468006,1.737330,0.222991,0
0.593110,0.097343,-0.886974,-0.410761,-1.151452,0.219471,1.857753,-0.892577,0
0.073756,0.499499,0.233246,0.532319,-1.631334,-0.952534,1.501508,-0.130695,0
-1.665215,-1.422377,-0.083055,0.264993,0.655335,-0.834708,-1.198826,-1.206805,0
-0.203592,-0.885376,-0.105843,0.691416,-1.796936,-1.827325,0.071648,-1.670253,1
2.462144,-0.193808,-1.445168,1.080648,1.740049,1.655173,0.108398,-1.672864,0
0.308722,0.323451,1.765029,-1.474256,-1.311080,-0.569000,0.137628,-0.738352,0
0.239236,-0.801809,-0.522101,0.332946,1.104173,0.375758,-0.454358,-0.210198,0
0.875122,1.276889,1.325498,0.572249,-0.974574,-0.731875,0.299208,0.171501,1
-0.116621,-1.784759,0.314189,-1.427979,-0.389361,0.370751,-0.546841,-1.549803,0
0.964840,1.736946,0.037038,-0.392237,0.231067,2.809113,1.800570,-0.863047,0
0.331346,-0.317532,-2.153028,-0.302391,0.094981,-1.593319,0.067706,0.302344,0
-0.169622,-1.222288,-0.368614,-1.478084,-1.702805,-2.183352,-0.150041,0.047053,0
1.104147,1.319504,0.213546,0.069372,0.220249,-0.372285,-0.033150,1.988481,1
-1.041188,-1.973502,0.055641,-0.166864,-0.224554,-0.922271,-1.200704,0.627294,1
-0.237725,0.775930,0.226725,1.546685,0.049725,-0.709798,0.224522,0.557689,0
1.881945,-1.202341,-0.900718,0.376425,-1.427513,0.500007,-0.187326,0.819527,1
-1.055060,-0.615211,-0.304253,0.995271,-0.266810,-1.217273,0.969031,-0.389024,0
2.220275,1.022734,-0.440664,0.226274,-1.092215,0.786942,0.645141,1.042657,1
-0.693844,-0.804919,-1.195319,-0.659514,-1.056694,1.307375,0.725551,0.425062,0
-0.365873,-1.618343,-0.265538,0.187305,1.017001,-0.323526,0.286745,0.745468,1
-1.272203,0.742851,-1.544665,-0.386901,-1.225266,0.084492,-0.952241,0.547747,0
-1.236828,-1.463969,-0.895936,-0.535836,-1.675133,-0.040621,-0.598172,1.146306,1
-1.026229,-0.912038,-1.051331,-0.518562,-0.763966,1.934667,0.077590,0.594147,1
-1.432323,-1.260524,1.912237,0.194211,-1.562900,-0.517159,-0.368889,0.190202,1
0.308225,1.173808,-1.034164,-0.977039,0.503396,0.988616,0.596077,-0.951529,0
0.843651,-2.315924,-0.663340,-1.316036,-0.946190,1.070423,0.904579,1.568214,1
-0.391261,-0.167536,0.856967,1.351547,-0.875274,-0.606346,0.409776,-1.777535,1
1.646757,1.066487,0.031762,-0.524961,-1.965491,-0.520210,-1.848655,-0.789758,0
0.614319,-0.959556,-1.627666,-0.670624,-1.611227,-0.490192,-0.203739,-0.861108,1
-0.594913,-1.077747,-1.562035,-0.758379,1.970137,-0.138158,1.015837,-0.635802,0
0.442321,1.027919,-0.943561,0.551262,0.316290,1.039681,0.880584,-1.860175,0
0.207236,-2.294472,-0.007141,0.226346,0.853359,0.387085,1.659024,0.098640,1
-0.300368,-0.974761,0.217790,0.147833,1.126671,-0.161311,0.416803,0.125838,1
0.372133,-0.277948,-0.309703,0.905352,-0.694345,0.514433,-0.246674,-0.501567,1
-1.093151,0.070524,1.548848,0.133121,0.304710,0.968184,-0.737714,0.045255,0
-0.394202,-0.609219,1.729670,1.144330,0.373988,1.568462,0.584736,-0.163265,1
1.247639,0.247698,1.363604,-2.154802,-0.443793,-0.984440,0.712465,0.632483,0
0.856095,-0.915855,0.398564,0.509413,1.698883,0.597064,-2.838809,-0.820026,1
-1.031979,-1.406071,0.922336,-1.031845,0.102568,0.118259,0.445775,-2.251852,0
0.206494,-0.742063,1.006009,-0.403552,0.996922,0.070471,-0.139818,0.179552,0
-0.391179,-0.142458,-0.424207,0.497443,-0.545954,-0.476553,0.478565,2.311507,1
2.291390,0.924231,0.283362,2.513642,0.492765,0.223651,1.089519,-2.149579,1
-1.370958,1.263618,0.941534,-1.414837,-1.384574,1.274815,0.762196,0.835986,0
0.722673,0.535885,-0.361266,0.408877,-0.300016,0.481809,0.713800,1.959264,1
0.607905,0.170768,2.087510,1.550329,-0.193797,0.576469,-0.341546,-0.002048,1
-0.500634,-0.319893,1.207863,-1.325159,-0.987458,-0.348630,2.063094,1.408505,1
0.790835,0.688581,-0.224828,0.268196,-0.687008,-1.501018,1.318081,-1.077085,0
1.910969,-1.709958,0.777625,0.486652,0.443245,-0.033158,0.917694,-1.239061,1
0.684835,0.425561,0.290436,-0.144306,-1.036559,0.122592,-0.745944,0.801460,1
0.641645,1.794700,-0.198366,0.851377,-1.242045,-1.293110,0.037663,0.278906,0
-0.845197,0.596463,-0.354081,0.719295,0.684843,0.692969,-1.039748,0.957699,0
2.111816,0.868338,-0.729211,-0.587599,1.027024,-1.520119,0.922810,-1.643586,0
1.083339,0.475545,0.508387,-1.751415,0.233772,-0.574854,-0.989647,-0.819644,0
-0.348391,-0.856686,0.045966,1.360278,-0.916660,0.231646,-0.922973,-0.970520,1
-0.431402,0.773445,0.393673,-1.380239,-0.609974,-0.522792,-0.596886,1.475788,0
0.487410,2.297592,-1.103393,0.157424,0.608764,0.953601,0.207811,-2.818512,0
0.933108,-1.661354,1.381065,-2.311370,-1.032588,1.269958,0.887037,-0.063855,1
-0.104173,-0.825911,0.740247,-1.215099,0.828872,-0.470630,0.164237,-0.331527,0
-0.089343,-0.025664,-0.331296,-2.371103,0.550029,1.184294,0.528928,0.075904,0
0.147362,-0.548218,0.834391,-0.565361,-1.407212,-0.923054,0.671748,-0.467440,1
-1.469986,1.599549,1.747922,-0.264698,-2.189103,0.654685,0.471211,0.066221,0
0.864291,1.023746,-0.079079,0.542198,-0.731223,0.430447,-1.047458,-1.260085,1
-1.621821,-1.078764,-0.577952,-0.596308,-0.274132,0.329952,1.502950,0.506593,0
-0.435491,0.376141,-1.558540,-0.836844,-1.196518,-0.491940,0.518420,-1.929244,0
-0.674716,0.426544,-1.274355,-0.754879,1.381044,-0.364640,-0.359817,0.052831,0
-1.201916,0.261490,-0.104661,0.938077,1.424727,0.833969,-1.226960,0.076748,1
1.387297,-0.667195,-1.450354,0.934036,0.349434,0.534896,0.545196,0.000331,1
1.234484,-0.241503,0.130841,0.562845,0.598665,-1.715024,-0.107779,-2.711819,1
-0.199681,0.545972,-0.651396,-1.149594,0.715488,1.660680,-0.242494,-0.074880,0
0.356262,-1.280502,-0.901946,0.375307,0.451910,1.190065,0.443591,-0.703921,1
-0.351462,0.200050,1.082411,-0.873140,-0.184855,-0.760011,-2.071084,-1.809396,0
-0.770335,0.312711,0.020940,-1.389178,0.971925,-0.053412,-0.555725,0.093126,0
-0.698719,-0.687863,0.382065,0.651405,0.203408,-0.316930,0.498241,-1.274952,0
-1.064212,1.030539,0.762370,0.158486,0.173237,1.384244,-0.136382,-0.166805,0
0.655483,0.727767,1.392252,-0.919713,-1.110681,-1.088050,-0.015164,-0.049458,0
-1.202507,2.380957,0.607311,-0.506577,0.578837,0.518372,0.794780,0.040855,0
0.524376,1.512385,0.202381,-0.320711,0.975402,-0.308531,0.544154,1.167484,0
-0.605208,-0.473283,-0.416935,-0.551459,1.708037,1.688044,0.705224,0.743064,0
-1.234378,0.330018,-2.744084,1.331771,0.265450,-0.768316,1.072530,-0.823324,0
-0.724024,-0.087074,0.284597,-1.691140,0.428173,0.167826,-0.676604,-1.353453,0
0.252507,0.669904,1.664570,-0.176885,-0.524248,0.012407,-1.847681,0.297336,1
-2.983099,-0.975562,-0.303038,-0.843815,-0.700179,-0.505826,-2.754743,-0.191706,0
-2.688603,0.847682,-1.444935,-0.717263,1.162107,-0.437569,-1.086441,-0.813726,0
0.343920,0.179608,-0.195415,-0.644375,1.100894,-1.195383,0.268745,-0.541275,0
-0.332032,-0.115891,-1.495689,0.086860,1.680250,-1.254211,-0.404134,-1.639099,0
-0.038773,0.464989,-2.048519,2.121596,0.699679,0.839343,1.044123,0.621982,1
0.437205,-0.047052,1.110232,-2.204855,-1.148342,-0.131019,0.588330,1.633676,0
-1.982191,0.683093,-0.466106,-1.869646,-0.312715,-1.639403,-1.619872,1.692853,0
-0.516203,0.329928,-0.098238,-0.073289,-0.506024,-0.482015,-0.694239,-0.333180,0
0.549161,2.195802,0.445645,1.676948,-0.607022,0.958953,1.359430,0.151394,1
-0.199387,0.966443,-0.006639,0.828421,1.857836,-1.602750,-0.436050,-1.107641,0
0.154250,-1.076743,-0.881898,-0.223966,0.432870,-0.507911,-1.022770,-0.758050,0
0.148373,0.820405,-0.387396,-0.516852,-1.815511,2.126073,1.179202,-1.044910,0
-0.603819,-1.504827,-1.005864,-0.348117,-0.252734,0.873936,-0.647388,1.134097,1
0.782289,-0.293948,-1.063367,1.087425,-0.725021,-0.337487,1.136765,-0.699171,1
-0.064921,1.468730,2.063954,0.995276,-0.133380,1.641261,-0.288605,1.546868,1
0.237570,1.174107,-2.230961,0.705055,1.027144,-0.262635,-0.786967,-0.444886,0
-0.571858,0.785124,-0.173701,0.747419,1.011473,-0.449857,-1.856958,-0.237447,0
1.813772,-0.506844,-2.407381,0.210897,-0.218758,1.193340,0.088032,-1.013749,1
-0.086554,0.946498,1.016134,0.359332,0.197871,1.637112,0.921044,2.087620,1
-0.397339,1.894047,0.115305,-0.795787,-0.275702,0.434225,-1.575743,-0.737420,0
0.789169,-3.257296,0.683691,0.013118,-0.494139,0.913866,0.736490,-0.144067,1
-1.135257,0.838803,-1.262160,-0.490576,-1.546980,-0.175850,0.266995,0.193208,0
0.016733,-1.031631,2.632536,-0.957250,1.504744,-0.063242,0.546141,2.093592,1
-1.929285,0.188059,-2.189950,1.000050,0.363236,1.468848,2.233604,0.591248,0
0.696289,-1.047081,-0.002971,-1.134808,-0.550285,-0.579822,-1.656664,-0.202385,1
-0.272161,0.073280,0.003141,-0.118926,-0.431560,-0.483571,-0.626626,-0.945892,0
0.971803,-1.421206,1.705229,-0.860344,0.402895,0.587002,-0.898412,-1.426778,1
-1.144368,0.640144,0.737616,1.732282,-1.019048,0.389752,0.881378,-1.200008,1
-0.592550,-0.778534,-0.894668,-1.543221,0.107210,1.046499,-0.071577,0.473454,0
-0.364646,-1.272608,-1.093400,1.913041,0.698461,-0.032983,0.244547,-0.429454,1
1.463451,-0.238881,-0.163816,0.776044,1.011324,1.533638,0.239283,-0.605233,1
0.148987,0.518581,-0.238219,-0.398593,0.113666,0.846364,-1.481431,2.025884,0
0.125826,0.885420,1.463553,1.538032,1.901239,0.682350,-0.386221,0.553474,1
0.595842,0.079022,0.820880,0.663152,0.057646,-0.572728,-1.417052,-1.823683,1
0.467612,0.552098,-0.745197,-1.186935,-0.558997,-2.304678,0.551131,0.295728,0
-0.342159,0.787636,-0.429353,-0.206509,-0.184216,1.050777,-0.698400,-0.106638,0
-0.517100,0.161010,0.491964,-0.129696,-0.688407,-0.564222,-0.444366,0.066874,1
0.718991,-1.368286,0.204492,-1.075660,-0.564810,1.295474,-0.615704,0.440369,1
0.068175,-0.740650,1.464689,-0.303794,-0.168301,0.154391,0.175897,-0.487567,1
-0.483114,-1.012731,1.087404,1.856364,0.556089,-0.688010,-0.411503,-0.182866,1
0.139577,1.039377,0.765783,-0.789590,-0.693577,0.414158,-0.105240,1.630968,1
0.505488,-0.240086,0.522252,0.233925,-0.602530,-0.796547,0.677045,-1.019052,1
-0.355344,-0.759370,0.329001,-1.566928,0.884522,1.532066,-1.486011,1.173428,1
0.186316,0.719857,0.530632,-0.701921,-1.854342,-1.447396,-0.252659,1.690289,1
-0.169430,0.713658,-0.617993,-0.160347,-0.038680,-0.518160,1.159145,0.839938,0
-1.158274,3.479761,0.431299,-0.918148,2.042286,-0.461239,0.163557,0.043432,0
0.420557,1.302544,0.067725,-0.009867,-1.850454,1.165721,-0.077374,-0.840243,0
0.428668,0.243813,0.786338,1.424303,0.282280,-0.975020,0.012020,1.143723,1
0.263678,0.991399,-0.337707,0.579960,-0.163416,-0.854123,0.839507,0.570311,0
1.550347,-1.701808,-0.258732,1.294219,0.854370,-1.386470,-0.626233,-0.830332,1
1.517938,1.478858,1.482769,0.951266,0.541670,-0.680396,-3.105345,-0.273686,1
-1.263104,1.036516,1.249325,-0.684976,0.069900,0.506343,1.113320,0.334785,0
1.903348,1.165637,0.593299,0.605065,0.177593,-0.934423,-0.224167,0.002458,1
-0.748506,0.892816,1.982779,-0.056450,0.231371,-0.230027,0.933160,-1.698917,0
-0.644509,2.110359,0.211635,1.268429,0.732886,0.240557,1.785708,-0.585013,0
0.538703,0.864954,0.089832,0.177499,1.081121,-0.431765,-0.074831,-0.887525,0
1.692970,-0.127777,-0.636464,-0.390208,0.375278,-1.017589,1.747141,0.850318,0
0.282242,0.919764,0.617875,1.355938,-0.403147,1.210501,0.137819,1.635911,1
0.850395,-0.339645,-0.805054,0.356934,-0.327003,1.599805,-0.481070,0.836191,1
1.759754,-1.180957,0.622521,-0.732189,-0.875363,-1.427185,-0.451164,-0.087296,1
-2.769419,0.336548,0.947475,-0.593107,1.215471,-0.887613,0.496928,0.125872,0
0.955658,2.076673,-0.359743,-0.348168,1.543927,-0.985932,-1.011473,-0.535449,0
1.131838,1.884361,-0.454095,-0.524515,0.461548,-0.883933,1.322725,-0.567251,0
-0.974745,-0.283162,0.624899,0.469470,-1.967753,0.924465,-0.433373,-1.011656,1
-0.816669,0.379281,0.337498,-0.239764,-0.927757,-0.904438,-0.158361,0.658735,0
0.215038,-1.476295,1.826376,-0.369846,1.965872,-1.372917,0.995695,-0.170811,1
-0.961933,0.046004,0.035769,2.223162,-0.196040,0.702249,2.350963,-2.719059,1
0.113478,0.348769,0.010522,-1.281975,0.914245,-0.429040,-0.968189,-0.906908,0
0.232901,-0.932998,0.300729,-0.384382,0.346844,-0.074798,-1.097800,2.130153,1
-0.199174,1.993169,0.308907,1.009915,-1.419846,-0.328942,0.724003,1.049104,0
0.029394,0.052052,-1.254968,0.370062,2.620902,-0.379204,-1.073592,-0.776476,0
0.120498,0.340318,0.308853,-1.720881,-1.271159,-0.117753,-0.906442,0.608758,1
-0.305838,1.087616,0.326121,-0.142804,-2.132901,-1.122693,0.477854,0.058229,0
-0.705165,-0.023743,-0.530456,-1.462757,-1.658438,-0.573532,1.273447,1.266068,0
2.269048,-1.102051,-0.805555,0.271125,-0.117503,-1.602888,0.606332,-1.884491,1
-2.268360,-0.291106,0.122528,1.335071,-1.062916,1.753589,1.900070,-0.476081,1
-1.042182,0.224545,1.140642,0.518014,-0.058494,0.000866,0.419250,0.196940,0
0.121538,-0.018089,0.224872,-0.822139,-0.532371,-1.243781,0.765558,-1.240399,0
0.669312,-0.243383,0.779769,-0.375978,0.547321,-0.732725,0.144340,1.011515,1
1.221995,0.316583,0.937270,-0.557161,-1.138988,-1.034965,-1.079324,-0.069440,0
-0.435873,1.073112,0.249075,-1.481908,0.936576,-0.390851,-0.134472,1.810889,0
-0.680921,0.946969,2.057418,-0.478146,-1.569338,1.291241,-0.432382,0.970713,1
-0.202492,-1.873185,-0.448123,-0.050052,-0.814141,0.705296,1.134491,0.398327,1
-0.748157,0.212844,1.237970,-0.067163,-1.312564,0.211759,-2.740013,-0.087354,1
0.708352,-0.459999,0.251580,-0.305639,-0.071621,1.543310,0.194656,-1.546652,1
0.959824,1.106566,-0.149861,1.896817,0.454070,2.322259,1.066227,1.594134,1
-0.108159,0.527755,-1.233010,0.708457,-1.385004,0.072595,1.531987,0.856776,1
0.474774,1.723287,0.130231,0.865145,-0.050443,0.136648,-0.999757,-0.093002,0
-0.648315,-0.337795,-3.403597,0.942231,1.731233,-0.018927,0.859628,2.125741,0
0.632202,2.414728,0.293569,0.216085,1.472450,-1.303664,-1.195372,-0.766611,0
-0.992470,-0.003282,0.319751,0.972659,0.816099,0.118985,2.790334,-0.292842,0
2.346742,-2.309980,-0.165389,-0.013114,-0.441316,0.596725,-2.057813,-0.204387,1
0.054223,0.969124,0.668425,0.386394,-1.461007,1.291982,0.528761,-0.016109,1
-0.027062,0.391826,0.959276,-0.456841,-1.236912,0.572463,-0.374009,0.681039,0
-1.513813,-0.088308,-0.009777,-2.631967,-0.252461,-1.225232,-0.534481,-0.674518,0
-0.061876,-1.615917,0.468809,0.510449,0.201417,0.459465,-0.614832,-0.080215,1
-1.034169,-0.314253,0.975300,-0.257299,-1.291304,0.373993,-0.163867,-0.749452,0
1.230258,-1.585079,-0.347021,-0.036852,-0.817094,-1.399880,0.021337,-1.894328,1
-0.440249,0.038343,0.826047,-0.056341,0.496963,-1.334883,-0.384903,-0.177663,0
1.210113,0.677810,-1.032373,-0.029975,-0.357324,0.613998,1.136667,-1.671964,0
-0.092374,1.376161,-0.206450,1.841586,0.523663,-0.287038,0.185543,0.075484,1
0.268008,0.117661,-0.835349,1.277638,0.267400,-0.534434,0.151489,0.774811,1
-1.477436,-0.534403,-0.459994,1.025211,1.095388,-0.218118,0.101747,-0.113005,0
-1.010889,1.307681,-2.116788,0.744104,-0.406184,-0.426246,1.326013,0.140197,0
0.555850,0.739100,-0.289603,-1.975179,0.801195,0.288342,1.082702,0.734614,0
-0.433132,0.778254,0.473925,-0.674396,-1.022991,0.106059,-0.370976,0.639942,0
1.076541,-0.116094,-0.812813,-0.197228,0.815396,-0.359060,2.033538,1.931153,1
0.270987,-0.076540,-0.432042,-1.131216,-2.492913,-0.372097,2.161499,-0.657443,0
0.808701,-1.432374,0.543880,-1.328177,-0.043642,-0.816541,-1.672069,-0.278550,1
1.168503,-2.323112,-0.986007,-0.524344,-0.533759,1.231077,-1.038205,0.031020,1
0.446521,-1.062419,1.215511,-0.696353,1.798010,-0.420378,-0.401801,0.889490,0
-2.303143,2.055019,0.944636,-0.781941,0.713565,-1.444137,-0.406585,-0.868956,0
-0.658669,-0.025553,-0.779021,2.115208,1.428312,-0.298287,0.639470,1.121278,1
-0.299368,0.226508,0.420181,-0.167510,-0.279320,1.453390,-0.558186,-0.344074,0
0.618150,1.139614,0.065329,-1.110220,-1.089150,-1.040154,-0.945255,-0.440644,0
-0.541343,1.345891,-1.925658,-1.345680,1.053718,0.849982,0.519787,1.326290,0
1.143645,0.613670,1.421428,-0.918142,0.960216,-0.293745,-0.410575,0.812559,0
0.361289,0.051228,-1.061777,0.819850,-0.435199,-0.879286,-1.441933,0.631544,1
-2.036563,-0.537532,1.282494,-1.118208,-0.051351,2.217716,-0.743910,-1.714299,0
0.406958,1.869332,1.655485,-0.710181,2.040525,-0.618502,0.352477,0.054211,0
-2.413467,-1.098446,0.926627,-1.249654,0.841664,0.451709,1.702269,0.356657,0
1.501038,-0.677040,0.542518,-0.720723,1.221506,-0.444861,0.430461,2.813077,1
0.618343,0.028229,0.997811,0.229965,1.353888,0.619378,0.937911,-0.347428,1
-1.401634,-1.505073,0.103956,-0.199867,0.421275,0.920029,0.656206,-0.716113,0
0.326305,-0.320706,0.456625,-0.334387,1.108256,1.228598,-0.338068,1.399191,1
0.238013,-1.515348,1.860056,-0.372610,-0.018053,0.009895,0.572933,-0.590506,1
-0.884459,-0.197820,-1.007270,-2.205833,-0.059023,1.778471,-0.250882,0.527476,0
0.233738,-0.509840,0.301958,-0.028611,-0.261440,0.104129,-0.531690,-0.082840,1
-2.237540,0.111694,-0.497387,0.127492,-0.371133,0.259439,-1.516059,1.216138,1
0.375460,0.757393,-0.975866,0.007731,-2.848866,1.051898,0.419753,-0.033575,1
0.951411,-0.085473,0.960384,-0.821952,1.790644,0.391824,-1.186389,-0.844043,0
0.144190,-0.608975,1.188331,0.674558,-0.622947,-0.191060,0.533253,1.390618,1
-0.850985,-0.641368,0.062053,-1.353028,0.465051,-0.467536,0.505036,1.975478,0
1.386816,-0.041243,-1.221662,-0.174676,-0.401485,1.926220,-0.727862,-1.089223,1
0.416143,0.601307,0.641520,-0.606858,2.136732,1.178426,0.461774,1.147805,0
-0.983269,-0.783251,-0.588077,0.572262,1.182060,-0.435265,-1.047901,0.554736,1
-1.545283,0.512184,-1.663432,-2.811764,-1.077116,-0.254274,0.354846,-1.074847,0
-0.290626,-1.366780,0.392482,1.094252,0.407585,0.836171,0.111622,1.642460,1
-1.032405,0.150222,-1.481445,-0.242855,-0.655736,-0.106541,-0.679366,-0.790198,0
-1.155681,1.569959,-0.090923,1.432797,-0.220128,1.055968,0.563039,-0.737053,0
-0.555629,0.597538,0.371858,-0.039380,-0.002260,-0.346305,0.854319,0.028967,0
-0.092427,-1.172478,-1.128369,-0.650006,1.055028,0.349585,1.234549,-0.372733,0
-0.002404,-0.536638,-0.623724,-0.585024,-0.199457,1.525311,-1.072635,0.405748,1
0.654535,-0.208463,-1.426095,-1.567140,0.566852,-0.371851,1.220508,-0.946405,0
1.530733,0.438178,0.449967,2.237840,-0.460645,0.705127,1.623120,-1.242961,1
-0.955500,0.635065,0.417033,-0.074280,-1.515758,-0.733293,-0.110593,0.754870,1
-1.792779,0.248133,-1.810136,0.283051,-1.387659,1.504001,0.013044,-0.717945,1
0.435586,0.880238,0.594084,-0.783366,-1.323641,-1.143707,-0.276722,-0.044182,0
1.208815,0.661772,1.594445,0.813221,-1.065011,-1.542041,0.592734,-0.228784,1
-0.171554,0.925794,2.076423,0.093003,-0.127265,-0.047427,-1.743626,-0.781820,1
0.405992,-0.492118,1.857076,0.428666,1.179435,2.087587,0.497246,-0.906477,1
-0.624231,-0.265912,-0.188701,0.612304,-0.857951,-0.950048,0.219624,-0.815489,1
-1.250978,0.624026,-1.097777,0.845131,-0.007147,-2.184545,1.459915,-1.081863,0
0.385263,0.086329,-0.425187,0.442116,-1.607569,1.469758,0.484050,-0.351477,1
-1.966748,-2.520008,-1.880318,-1.258699,-1.775605,-0.777764,2.414248,0.450560,1
0.668510,1.162163,-0.666396,-1.324024,-0.064637,-1.096763,0.895596,-0.141622,0
1.195823,0.016370,-1.761033,0.828240,0.079962,-0.176995,-0.189473,-0.065602,1
1.768716,-0.410085,0.618205,0.014453,-0.330765,-0.807788,1.065496,-1.025545,1
0.516109,1.757251,1.505361,0.043483,0.360790,0.537845,-0.284346,1.270618,0
-0.884437,0.311868,0.186664,0.904896,0.739451,0.138026,0.980884,-0.797035,0
0.461763,-0.082103,0.745436,0.066996,-0.196737,-0.614091,-0.772747,-0.279253,1
0.747548,-0.778911,1.486962,0.449996,0.972301,0.838395,0.790489,-0.101504,1
-2.022629,0.111219,-0.604968,-0.570906,-0.033690,-0.512534,0.251370,-1.767993,0
-1.887271,-1.135817,1.012582,-0.837784,-0.376441,-0.797532,-1.482376,0.912407,1
-0.631072,-0.205951,-0.021169,0.781213,0.044625,0.070123,1.517782,-1.056320,1
-0.567078,-0.951230,-0.911629,-0.246874,0.641165,0.629310,0.525237,1.468033,1
-0.189978,0.155816,-1.671503,1.563985,-0.975280,-1.480815,-0.588679,0.588859,1
-0.326963,1.959641,-0.987700,-1.020354,1.374923,-0.873247,1.341546,-1.469963,0
0.747701,0.729728,-1.006638,0.683656,0.343397,-0.145912,0.275148,-0.784343,1
-2.344691,0.757772,-0.882708,0.209991,0.200361,0.778591,-1.067081,0.973669,0
1.014457,-0.092961,-1.073057,1.245113,-1.263103,-0.819546,0.276229,0.997989,1
-0.360628,-1.317461,-0.014563,0.140668,0.330745,1.051683,1.067651,0.052797,1
-0.560285,0.847965,-0.390299,-1.587394,0.085535,-0.312380,-0.156832,0.107206,0
0.120845,2.846749,-0.384309,0.354335,-1.286816,-0.939860,0.286050,0.692251,0
0.599443,0.926966,0.057315,-0.597519,2.379872,-0.050554,0.375474,-1.595548,0
-0.783013,-0.757144,0.899926,-0.783204,0.654032,0.095519,-0.120863,-0.085560,0
0.418931,-0.293850,-1.206062,1.508139,-0.585074,-0.979194,-0.836619,-0.887537,1
-0.775550,-1.057127,-0.630672,-1.454992,-0.413748,0.405563,-0.717495,1.035661,0
-0.121113,-2.721165,0.007642,0.506078,0.739987,0.438746,-0.489860,-1.250655,1
1.146175,-0.641854,-2.209820,0.181308,0.561190,0.825033,-0.729448,-0.595855,0
-0.241939,1.129792,1.222192,1.759107,0.743737,0.845114,0.956103,-0.998256,1
1.386888,-0.584964,0.062333,0.022333,-0.794652,-0.817989,1.224771,-0.443539,1
0.161787,-0.742214,2.478757,1.137081,-1.513502,0.595812,1.135356,0.679015,1
0.062535,-0.284762,1.187270,1.798457,-0.856474,-0.525598,0.722095,0.083925,1
1.077425,1.106620,1.292682,2.124208,0.066959,-1.394848,0.740422,-0.404942,1
1.545350,-1.360186,0.177354,-0.878483,-0.032121,-1.119943,-0.050677,-0.341707,1
-0.480994,-0.018005,-0.701278,-0.411273,1.606451,-1.075516,0.901365,-0.731431,0
-0.920213,-0.040208,-1.078894,1.300391,0.217928,-0.835812,-0.484324,0.766011,1
-2.561755,0.136674,-0.662599,0.267169,-1.443579,-2.004985,0.467902,-0.029075,0
-0.897131,0.612786,-0.866287,-1.247408,0.278869,0.253605,-0.406455,0.598803,0
1.410608,-0.833440,-1.466557,-1.221075,0.068651,1.506708,0.967067,-0.436980,1
0.617839,0.616376,2.426641,-0.998887,0.818845,-0.273836,0.155638,0.542825,0
1.289163,-0.199152,1.850863,-2.012757,-0.099893,0.888394,-0.887191,-1.969302,0
-0.507164,0.588232,-1.334834,0.064386,-0.494392,-0.855385,1.571752,0.847445,0
-0.013555,0.070711,-1.156949,-0.181590,0.972255,1.107171,-0.491212,-2.535464,0
0.561537,1.490828,-0.731114,-0.198514,1.557058,-0.357568,1.277507,0.586891,0
0.311425,0.278020,-0.304609,1.359800,0.908829,0.786311,0.732115,0.286853,1
0.734644,0.387908,0.247543,0.795092,-0.446975,0.458061,0.355781,-1.338789,1
0.804644,1.218863,1.488861,-0.257569,-0.422186,0.681345,-0.127630,1.128368,1
-0.837696,0.261742,0.571687,-0.597948,-1.869857,0.111501,-0.380998,-1.574468,0
0.450386,-0.235786,-0.735327,-0.166606,-0.230109,0.806233,0.489185,0.460013,1
-0.540298,-0.478842,0.869354,0.165024,1.492867,1.214672,-0.210534,-0.480482,0
0.258693,-0.303086,-1.830591,0.696084,-1.553558,-1.719535,0.117367,-0.176111,1
0.866468,-1.202593,-1.348646,-0.282119,0.441529,0.019186,0.297948,-0.748212,0
-0.366578,1.009413,0.672814,-0.384713,-2.131113,1.892724,-0.843209,-1.661382,0
-1.120840,-1.255694,-0.438607,1.104216,1.970269,-0.965079,-2.412652,-0.014975,0
-1.779172,1.725465,-0.589806,0.207303,2.397099,-0.176667,0.516467,-0.691638,0
-0.228652,0.547332,-0.273670,1.495652,-1.550627,-1.432118,-0.786866,0.789576,1
1.434005,0.397761,-1.139750,-0.530773,-0.256710,0.684073,1.413941,1.714223,1
-0.692910,0.701356,-0.187247,-0.120644,-1.875061,1.234947,-0.514727,0.563182,1
0.871823,2.500088,1.882587,1.200081,0.135186,-1.378512,0.708635,-0.289298,0
3.603353,-0.224229,-1.189712,-1.121632,1.594874,-0.023147,1.873263,0.128270,1
2.360852,-0.904925,-0.068377,0.952994,-1.159214,0.195430,-0.383082,-1.668696,1
-0.243500,1.284284,1.016933,0.207475,1.370486,0.530186,-1.108121,-0.624625,0
-0.676892,-0.081308,-0.739661,0.264597,-0.063701,0.124222,1.330027,-1.043528,0
1.143823,0.789082,1.043467,0.641913,1.529749,1.124530,-0.782634,0.419947,1
-1.516714,-1.554385,0.848199,1.192427,-1.161143,-0.735798,1.204769,-0.035219,1
-1.141586,-4.085347,-0.164712,1.478702,1.961577,-1.428651,0.964928,0.061327,1
0.647266,-0.215751,-0.629299,-0.417865,-1.001977,0.963052,0.424913,-1.228602,0
0.461511,0.123672,-0.752080,-0.167294,0.279618,-2.139675,-0.571336,2.380565,1
0.239461,1.029565,-0.707713,0.139767,1.171571,-0.684164,-1.414292,-0.036667,0
-0.560488,1.038300,2.512264,-0.028162,-1.309436,-1.399201,-0.630691,-1.019230,0
1.311401,0.003663,-0.606281,1.203302,-1.582169,-0.283132,1.300031,0.617041,1
1.347402,0.554256,-0.750730,-0.913175,-0.145328,-1.196168,-1.742877,0.699121,0
1.019356,0.203863,0.870247,-1.265260,0.391605,-1.081702,0.491331,-1.100314,0
1.064582,1.037754,-3.018802,1.206783,-0.205491,1.010600,0.979937,-0.452010,0
0.927747,0.776005,-0.337446,0.435627,0.436852,-0.860588,0.394197,0.817358,0
0.427713,1.436295,-0.694549,-0.295596,-1.446597,0.598998,0.315871,-1.167521,0
0.337802,0.025605,-0.343556,0.664539,-0.447845,0.135961,-1.153305,-0.932519,0
0.974903,1.160437,0.251102,-0.171660,-0.066779,0.066601,-1.150732,-1.015641,0
-1.233879,-0.913640,-0.676114,-0.245000,-0.132922,-1.181191,-1.090602,-0.507373,0
1.018503,0.121971,0.652196,1.276865,0.575037,-1.146345,-1.168810,0.181305,1
1.500158,0.323070,-1.470777,-0.266403,1.472397,0.476332,-0.576862,0.310165,0
0.647303,0.591136,-0.075653,0.090545,0.983953,-0.255665,-0.390708,-0.624184,0
1.638124,-0.544331,-1.161542,0.113052,-0.143927,1.255254,-1.436172,0.173055,1
0.593247,-0.258481,-0.281034,-0.383668,0.490576,0.233205,2.434988,-0.423488,0
0.054264,0.022195,0.716587,0.878836,0.478886,-0.992694,-0.799935,0.722616,1
-1.597690,1.080401,0.636872,-0.270320,-0.487091,-0.060970,-0.024584,-0.953065,0
-0.382525,-1.054911,1.584290,0.033811,-0.350267,-0.017930,-0.600730,0.271681,1
-0.413066,-0.420712,-0.116688,0.901480,-1.392272,-0.216648,-0.019724,0.688956,1
-2.302083,0.895400,-0.293303,-0.362526,0.441874,0.331961,1.641916,-0.051268,0
1.897794,-0.333861,-0.072621,-0.087103,0.291869,0.288735,0.873732,0.702160,1
0.161010,-0.501628,-0.830574,0.408827,-0.669489,0.133334,-0.668390,0.911455,1
-0.085681,-1.374387,1.915618,1.147686,0.884904,-0.223244,-0.354477,-0.650220,1
1.963493,-0.397032,1.700616,0.751793,-0.161435,-0.276322,0.472277,0.681886,1
0.592041,-1.559916,-1.132022,1.016606,0.698819,0.175017,1.147929,-0.251851,1
0.502238,-1.008127,-1.622459,0.301826,-0.317201,1.695464,-0.418577,1.360962,1
-0.443317,-0.136045,0.846960,-1.844264,-0.552470,0.466411,0.496552,-1.269706,0
-0.946332,-0.418483,0.873525,-0.310806,0.214730,-1.770848,0.613374,1.489444,1
-1.141689,0.607875,0.407347,-0.280295,0.774546,-0.112764,0.559444,0.393089,0
1.073739,1.952934,0.472645,-0.864386,-0.213188,1.353806,0.444751,-0.785197,0
-0.122824,-0.099012,0.055713,-0.278647,1.178939,-1.989829,1.604669,0.104762,0
0.966251,2.338844,0.485720,0.582345,3.439655,0.941251,0.657506,2.317724,0
1.016943,1.215020,-1.900213,0.404930,0.185556,-2.005617,-0.123846,0.800237,0
0.992661,-0.351170,0.606052,-0.882262,1.496402,1.135957,-0.021558,1.684848,1
-0.293497,1.009561,-0.255534,0.165830,-0.559425,0.107497,-1.114660,0.329332,0
0.050134,-0.011837,-1.136914,0.403289,-1.014108,-1.773434,-1.546145,-0.237607,0
0.212096,-2.160016,0.955230,0.375637,0.265261,-0.360801,1.506382,-0.185645,1
-0.148615,-1.757606,1.725791,-0.677170,0.418831,0.873583,1.063927,1.374672,1
-0.718206,-1.337399,0.839751,-1.223628,-1.032529,-0.429351,-0.544946,0.209169,0
1.976386,0.019989,-0.502974,-0.145079,-0.203056,1.966725,1.148227,0.047826,1
1.156913,-0.504608,-0.832484,-0.308433,-1.018894,-0.587198,0.917868,-0.667664,1
-1.069966,-0.105480,-0.067956,-1.675765,-2.076723,1.471936,0.662132,0.636873,0
1.240002,0.983867,-1.585553,-0.386123,-0.275171,-0.490295,0.355733,-0.383369,0
-1.530434,0.802250,-0.311148,0.936262,-0.148247,-1.223261,1.023584,-0.136571,0
1.195705,-1.322420,0.860721,-0.358429,-0.463392,0.543214,0.529196,0.880481,1
0.120118,0.150203,1.150569,1.372947,-1.064071,0.078224,-0.851726,0.728161,1
1.070864,-1.203887,0.181765,-0.349875,-0.277353,0.622255,1.890873,-0.522149,0
0.113358,-0.501863,0.454689,0.197130,-0.848086,-1.282225,0.042637,0.013343,1
-0.078033,-0.942231,-1.198194,-1.416614,-0.451533,-1.016768,-2.468484,1.411823,1
0.659196,0.744280,0.580993,-0.074660,0.473201,0.937183,-0.103892,1.836606,1
-0.590632,-1.379573,-0.561541,1.386346,-0.440571,3.437747,1.804169,-0.493275,1
-0.163248,1.116813,1.618062,-0.435847,-0.816206,-0.122760,0.007909,0.576781,0
-0.923336,0.161709,0.320620,0.095398,1.706628,-0.709504,-0.134260,-0.438618,0
-0.506108,0.090633,1.238998,0.137207,-0.490058,0.832617,0.456221,1.299213,1
-2.310017,0.205979,-1.728021,-1.320118,0.501629,1.455094,0.394247,1.334376,0
-0.328474,1.126040,1.478767,-0.968093,-1.396850,0.651517,0.140336,1.257828,1
1.720355,-1.615586,-0.506806,-1.025945,-0.202800,0.346287,-2.234219,2.661785,1
-0.592153,-0.577518,-0.185933,0.911896,-0.106935,0.957149,-0.466707,-0.816248,1
1.593803,0.603147,1.219218,-0.394024,0.314594,0.146243,0.068982,-0.145515,0
0.484836,-0.172024,1.204759,-0.599978,-0.525159,0.287626,-0.223183,1.002508,1
0.251333,-0.643641,-0.527754,-0.851337,-0.134262,1.317857,0.818695,-1.210699,0
1.742827,0.326947,-0.779700,-0.058293,-0.018806,-0.449630,-1.297824,-1.008198,0
0.265965,-0.600120,0.931883,-0.184091,-1.038963,-0.334701,0.294503,-1.164567,1
0.343528,2.117838,-1.256020,0.605915,1.357582,2.026014,-0.925402,1.331556,0
0.752124,0.165450,-0.251616,0.153577,0.427767,-1.330707,-1.094970,-0.951261,1
0.520121,-0.441816,-0.027756,-0.147889,1.863788,-0.439326,0.383908,-1.077180,0
0.397455,0.339481,-0.958160,-0.061125,0.459464,1.229986,1.349940,-1.677785,0
0.929152,0.643677,-0.434132,-0.524399,1.155280,-0.066390,-0.067547,1.379950,0
-1.035569,0.860725,0.277761,-0.538760,1.186456,1.174449,0.016051,1.977664,0
-0.872874,0.808869,-0.296013,0.780077,0.388725,-0.523616,-0.501147,-1.611368,0
-0.219443,0.867470,0.808758,0.481806,1.835560,0.375247,-0.241586,1.956850,1
1.521937,0.030139,0.193788,-0.418642,-0.630572,-1.082566,-0.327769,1.086759,1
-1.121980,1.331830,-1.502254,0.628410,-0.464165,-0.552281,-1.802775,-0.753463,0
-1.874548,-0.069481,-0.549860,0.027201,0.456224,0.432733,-0.875565,-1.550474,0
1.091074,-0.159034,0.241144,0.516562,-0.770315,1.034306,0.640274,-0.900826,1
-0.865975,-0.339717,0.102972,0.779489,-0.229743,0.287298,0.628405,0.895568,1
-0.128631,-0.260796,-0.422291,0.668690,-1.375248,1.827224,-0.973254,1.647105,1
-1.573299,-0.682232,-1.795961,0.739966,-0.577768,-1.516292,-0.075589,-0.109409,0
-1.574151,-1.325489,0.467657,-0.912132,1.666254,-0.868010,0.300272,0.565621,0
-0.184931,-0.621333,0.873692,0.548198,-0.002720,-1.534141,-1.424833,-0.776823,1
0.680881,-0.386066,1.440478,-2.197078,0.227880,1.241717,0.345477,-0.246591,0
-1.058686,-0.784530,1.134835,-0.179213,-2.371160,-0.748163,1.520645,-0.929518,0
1.016711,0.022445,-1.408193,0.640054,1.622463,0.798249,-0.229289,-0.317155,1
-0.235928,0.809074,0.424166,-1.439548,-0.454456,1.430261,-0.610295,-1.139737,0
0.380354,1.220924,0.995234,0.709583,1.014210,0.231146,-0.910711,-2.261919,0
0.741026,-0.274155,1.160104,-1.264004,-2.026591,2.075006,0.388704,0.496149,1
-0.625480,-1.176879,-0.092478,0.826456,0.106599,2.179394,-1.353299,1.766248,1
1.146277,0.324059,0.414133,-2.267859,1.816801,-0.497601,0.305590,1.094054,0
-0.248148,-1.879159,-0.541083,-0.296466,-0.805388,0.691713,0.290602,-0.864841,1
1.648116,0.073137,-1.916986,-1.017491,1.116708,0.833281,0.542846,0.732798,0
0.126469,-0.735122,0.955768,-0.280204,0.244664,-0.452318,-0.308825,0.853316,1
-0.860959,-1.064239,0.867346,1.440949,-1.768373,0.854087,0.582303,0.233143,1
-0.594048,0.234845,0.374307,0.335791,0.831354,-0.311884,2.645857,-0.842692,0
-1.548374,0.092168,0.194800,0.046289,0.516026,-0.935053,2.120758,-0.566561,0
-0.149855,0.334716,-0.416666,-0.929483,-0.458066,0.367978,0.229394,0.773176,0
-0.563757,-1.065752,0.496444,-0.070124,-1.812042,1.962211,0.253768,-0.803026,1
0.457954,-1.587919,0.336751,1.323643,1.100848,0.564268,-0.552338,-1.058188,1
-0.328228,0.332818,0.347574,0.074666,-0.972885,0.103865,1.707813,0.010561,0
-0.455187,0.292519,-1.216273,-0.689671,-0.243638,0.939242,0.540646,-0.229975,0
0.412658,0.016721,-0.732430,-1.573723,1.629689,0.397971,0.827709,-1.358630,0
0.218861,-0.540538,0.143268,0.091852,-0.252868,1.054044,1.006825,1.841526,1
0.690460,0.565120,1.162092,-0.948332,1.090811,0.107853,-1.010349,0.055503,0
-0.000970,-0.396515,-2.015250,1.530997,0.167360,1.448746,-0.169399,-1.603237,1
1.165447,0.655248,-1.142610,-0.183404,-0.777972,-0.044026,-0.928265,-0.315463,0
0.548477,1.265422,-0.215071,0.515624,-0.065245,-0.395369,-1.296097,1.290137,1
1.411801,-0.910206,-0.996904,-1.606622,0.172986,0.638205,-1.259739,-0.868990,0
1.043659,-1.306414,-0.047952,-0.607919,0.931082,-0.291559,0.348239,0.031214,1
0.182194,-0.213218,0.517402,-0.395467,0.352272,0.946910,0.370527,-1.274490,0
0.323021,-0.554780,-1.259047,0.041841,0.119897,-1.150342,0.416301,-1.396908,0
-0.057270,-0.231991,-0.605624,2.288963,0.481833,0.913413,-0.454919,2.284445,1
-0.344359,-1.133398,0.429371,0.065303,-0.033729,-1.272073,-0.359005,0.258706,1
0.369142,-0.588307,-0.469519,-1.469750,0.781883,-0.850920,0.019315,-1.503560,0
1.112304,2.002564,-0.967107,1.574327,-0.303529,-1.003339,0.313884,2.013584,1
-0.610065,1.348467,1.417178,0.233440,-1.510037,0.412231,-2.202064,-0.821472,0
-0.855115,1.004536,-0.219669,-2.437887,1.412803,-1.700895,0.348465,-0.509690,0
-0.399606,0.043050,1.117365,-1.217480,0.974025,-1.447125,1.409977,0.591515,0
-1.162771,0.298789,-0.043189,0.960321,1.566575,-0.421318,-1.715381,2.057771,1
-0.223119,-0.341737,2.672788,-0.142063,0.023756,0.593007,-2.350727,-1.795149,0
1.023394,1.125606,0.860542,-1.278792,-0.797841,2.286101,-0.247091,1.011458,1
0.066418,0.507475,0.064898,0.724509,1.885083,1.358083,-0.015290,0.257386,0
-0.734405,-1.785001,-1.814863,1.154788,-0.897610,-0.217259,-0.908767,2.150555,1
1.773878,1.937036,0.032987,0.346738,0.481513,-1.369123,-1.285982,-1.856474,0
-0.570615,1.618617,0.167407,-1.212050,-0.806395,-1.007683,0.922629,0.613881,0
-0.364140,-0.620774,0.213750,0.303349,-0.879504,0.011054,1.737704,-0.115552,1
0.469971,0.094366,-1.569853,-0.520915,0.245293,2.308145,1.089534,-1.463520,0
0.837385,-0.867274,-1.259271,1.489809,-1.245767,0.022498,0.039904,-1.476671,1
-0.282458,1.833875,0.779976,-1.172150,0.715518,-0.392190,-0.454522,0.211598,0
-0.624514,-0.002780,1.557253,3.083781,-0.292858,-0.554714,-0.997937,0.849044,1
-0.216967,1.283927,1.349616,0.102261,-1.756394,-2.725982,0.076049,0.454280,1
0.573823,0.820018,0.025244,0.469702,0.979001,-0.238688,-1.428867,-0.460619,0
-0.488136,-1.756302,1.064438,0.902514,1.865570,-0.824519,-0.651951,2.254170,1
-1.049256,0.578435,-0.463537,-0.414018,0.886082,-0.407954,0.330764,-1.249022,0
-0.317913,-1.116220,0.704505,1.570254,0.665071,2.840563,0.607801,-2.130936,1
0.039616,-0.438055,1.119228,-2.074021,-0.245838,0.194292,1.470897,-1.120163,0
-0.916226,0.794565,-1.535950,1.167081,-0.503352,0.830810,1.149088,0.225756,0
1.804178,-0.579071,-1.875597,-0.363536,-1.259202,-0.045484,0.160098,1.382662,1
0.544911,1.083291,-0.624192,1.968507,-0.112173,-0.509417,-0.788024,1.454533,1
-0.698038,0.246881,-1.718472,0.243652,0.596297,0.051931,-0.978261,0.907572,0
-0.556413,-0.535032,0.720820,-1.361531,1.402516,1.373645,0.746399,-0.642768,0
0.200907,-0.298073,-0.807543,0.516492,0.001527,-0.558897,-0.556200,0.556685,1
0.877624,1.749945,-0.951748,-1.993421,-0.463637,-0.978523,0.999228,0.555101,0
-1.257730,1.461696,0.547971,0.184728,0.281603,0.311880,0.167976,-0.334642,0
1.526183,0.994104,-0.747947,-0.098287,1.698470,1.255513,0.259358,0.046676,0
-0.313958,0.459091,0.670981,-1.918771,0.009193,0.817369,0.809640,0.617786,0
0.957067,0.904948,0.682555,-0.597026,-1.011427,2.172583,0.888218,-0.964374,0
-1.608401,1.948275,-0.270921,-0.275837,0.248963,0.294039,-1.143486,0.953510,0
0.386463,0.754584,0.322001,-0.445514,-1.598147,-1.090699,1.157199,0.739888,0
0.061378,-0.539289,0.367671,-0.881468,0.262386,-1.637192,0.629130,0.494251,0
0.438224,-0.374052,0.944300,-0.181113,-0.399228,0.757569,0.567206,-0.445406,1
1.330196,1.136304,-0.732418,-2.229791,-0.104850,0.708791,-0.877474,-0.760368,0
1.178053,-0.303471,-0.356969,0.523090,-0.181532,-1.430896,1.039700,-1.507514,0
-1.443022,1.011314,2.467427,-0.125925,-3.136097,0.626737,-0.839628,-1.011411,0
-0.286056,-1.057029,1.098561,-0.574435,-1.143521,-0.351076,1.118391,0.823671,1
-1.006389,-1.330092,-0.053191,0.048920,0.574936,-0.466424,0.373666,-0.380921,0
0.515166,-1.479120,0.013215,-1.037725,-0.021311,0.646642,0.115089,-0.890223,1
1.334261,-0.660672,1.044131,-0.313719,-0.396667,1.667397,-0.857658,1.475224,1
0.080468,1.135299,0.191994,0.556326,0.019857,-1.597050,-0.812775,-0.384370,0
0.820367,0.119154,0.558022,0.350363,-0.156175,-0.206152,-0.226790,-0.233198,1
-0.214665,0.143292,-2.031441,-0.204381,1.997286,-0.007359,-0.499936,-0.467570,0
2.380455,-0.533386,-0.754102,0.155010,0.894452,0.960132,-1.102385,0.694036,1
-0.989681,0.702053,-0.863253,0.318157,-1.018933,1.341499,1.795100,-0.435276,0
-1.477941,-1.220076,-1.006023,0.652932,0.674366,0.173798,0.380735,-0.587121,1
-0.864507,-0.923615,-0.372878,-0.171288,0.193917,-0.718648,0.074203,0.151325,1
0.602567,0.967866,0.835487,0.014736,-0.542386,0.918135,0.058363,1.045021,1
1.387691,-1.740456,1.104046,0.209812,-0.457496,-0.945342,0.348161,-0.805669,1
-0.503390,3.394740,-1.664186,0.205085,0.493189,-1.106949,-0.393998,1.214164,0
-0.039891,0.688366,0.924927,-0.917355,2.081922,0.265211,0.423609,-0.477312,0
1.697453,-0.384373,-0.289926,-0.184107,-0.198456,1.267791,0.391515,0.340263,1
0.909743,0.862897,0.567419,0.018773,1.593833,0.355687,0.558685,1.885846,1
-0.750172,-0.009154,2.095705,-0.646884,-0.698748,-0.930539,1.612124,0.982422,1
0.046735,0.600010,1.501986,1.025620,-1.040093,-1.117735,-0.020135,-1.618210,0
0.005821,0.539256,1.154568,-0.197101,0.755103,2.378452,-1.036843,0.344922,1
0.341063,0.250277,-0.925953,0.111275,-0.188155,-0.048467,-0.621171,0.877587,1
-1.203686,0.064716,1.370574,0.034424,0.766650,-1.304133,-1.499761,-0.364999,0
0.356207,-0.180949,-0.545905,0.455869,-0.213448,2.296594,0.900686,0.269446,1
-0.108232,0.133837,-0.027402,0.236976,-0.067692,-1.236561,0.100960,1.322622,0
-1.601924,-0.718181,0.174507,0.717674,0.742731,1.662602,-0.399774,-1.871616,1
0.078967,-0.654293,-1.846631,0.380335,0.735540,0.125586,-1.592160,1.221968,1
-1.037763,-1.404757,-0.375339,-1.928294,-0.115377,-0.203938,-0.702888,-0.828161,0
-0.025435,0.232150,0.900880,0.755434,-0.971466,-0.581517,0.854702,0.159141,1
1.432821,0.314356,1.573901,0.460971,2.103438,0.624858,-1.244788,1.346138,1
-0.805253,0.602992,0.506190,-0.739791,1.299044,-0.941726,0.795761,-1.085246,0
0.460347,0.409054,-0.581835,-0.281107,0.453228,-0.541842,-0.731147,0.936488,1
-1.181176,0.094286,2.222814,-0.542044,-1.542614,0.279000,0.757907,-1.672147,0
0.289123,0.785031,1.534311,0.460320,-0.203939,0.123896,-2.566002,0.544995,1
-1.607977,-0.036641,-0.454860,2.007963,-0.623339,-0.937019,-0.811410,0.332984,1
-0.894976,0.020407,-0.413611,-0.654433,0.175030,-0.236839,-0.044084,0.777982,0
-1.913863,0.399265,0.979187,-0.187927,-0.152248,-0.728440,-0.527964,-0.417703,0
2.756036,-1.108081,0.882308,-0.659525,-0.826859,1.876687,1.277086,-0.694651,1
0.412148,-1.376441,1.159135,1.384174,0.166911,-0.041477,-1.477697,0.671491,1
1.400438,0.478458,2.337063,-1.350060,1.580806,0.267236,-1.566517,-0.416967,0
-0.978895,0.331859,-0.453586,-1.737474,-1.719634,-1.188204,-2.067441,-0.048933,0
0.342540,2.142865,-1.827069,0.455151,0.196625,0.549231,1.550838,1.269139,0
1.071554,1.404976,-0.569779,0.335770,-1.671827,-1.092993,-1.562764,-0.124283,1
1.053796,1.703292,-0.426996,-0.269306,-1.215731,-0.549079,-0.238693,2.156449,1
-2.825234,0.142212,-0.646795,-1.056191,2.011519,1.394235,0.063667,-0.057417,0
-1.257506,0.564249,1.589313,1.170428,-0.727840,0.039422,-0.836811,-0.355570,0
1.072543,-0.141426,0.681978,0.152705,-0.552127,-0.199891,0.481544,0.952075,1
-0.685949,-1.031692,0.558209,1.327957,0.307420,-0.002360,-0.219993,-0.510219,1
0.695030,0.878544,-0.904225,0.535869,-0.901204,1.908989,-0.542972,-0.364288,1
1.292506,0.810882,-0.209608,0.227381,-0.412359,1.100809,0.085083,0.809437,1
2.044602,0.734299,1.579402,-0.243643,-1.067412,0.408591,-0.513807,-0.932024,1
-0.881962,0.168076,-1.164864,0.898551,1.549920,-0.528305,0.327243,0.469485,0
-0.591735,-1.502475,-0.184135,0.797151,1.741110,-0.434175,0.229627,-1.363937,0
-0.653026,0.950443,0.030886,-0.481832,-0.090324,-1.917506,-1.655965,-1.111285,0
-0.140274,-0.309745,1.973253,-1.124798,0.398329,1.535639,0.536708,-0.131570,0
0.269714,-0.295081,0.185652,-1.312139,0.249432,-0.002726,-0.865587,1.338604,1
0.440196,-0.222921,1.286584,0.421117,0.148764,-1.191837,0.030140,-0.494538,1
-1.396344,-1.212114,-1.390561,-0.483098,1.099653,-1.192737,-0.938392,-0.147587,0
0.357682,0.732668,-0.328461,-1.291644,0.404144,-0.918166,3.857546,-0.602915,0
-1.338944,2.440466,0.433293,-0.165624,-0.377353,0.415830,0.771264,0.536711,0
-1.045803,-1.358944,1.210127,-0.195899,-0.372854,-1.065979,0.339854,-1.256169,0
-0.718171,-0.297176,-0.222143,0.101246,-0.104375,0.735664,-0.077150,0.044521,1
0.589246,2.249407,-1.240719,0.682603,0.538949,-1.668857,0.385053,-0.990512,0
0.104275,-0.203613,0.269734,-0.126566,-0.905576,-0.854908,-1.045358,0.301113,1
-0.635080,-0.120444,-0.086190,-1.350214,-0.658550,1.501237,0.740319,-0.807527,0
-0.663353,-0.293275,1.335440,1.216107,-1.217209,-1.603588,0.331389,0.830232,1
0.015532,-0.548463,0.311353,-0.807981,-0.636923,1.344317,-1.437847,0.269812,1
-0.138414,0.333324,-0.714952,0.643003,0.932834,-0.296087,0.653041,-0.048068,0
0.508647,1.536553,-1.626748,1.272546,-0.694392,-0.116667,0.654916,-2.019527,0
0.070687,0.889202,0.772797,0.052281,1.042906,-0.173360,-0.592938,-1.256644,0
-0.116850,-0.567831,-0.028700,-0.598976,-0.207703,-1.161317,-0.604452,0.949622,1
-1.168337,1.052973,0.406029,0.221868,1.459376,-0.355325,1.511221,0.001063,0
0.833511,0.095795,0.462335,0.985548,-0.663311,-1.821257,2.111554,-0.998661,1
-0.971766,0.307209,0.932650,-3.993417,-0.815449,1.219138,0.788542,0.940983,0
-0.172649,-0.549303,0.342167,1.523346,0.097561,-0.571645,-0.443770,-0.698056,1
-0.232507,-1.611386,-1.078208,-1.964657,1.918603,0.499100,0.645067,-0.801620,0
-0.005540,-1.420357,0.733401,1.289385,1.601553,-0.084961,-0.853809,-1.045474,1
1.685082,0.645255,-0.855079,-1.895729,-1.085769,0.061377,0.296702,-1.464563,0
-0.031348,-0.665234,-0.189222,-2.035804,1.295381,1.273624,-0.645519,0.420745,0
-0.418620,0.296547,0.187379,-0.474717,0.900152,0.772381,0.684156,-0.673693,0
1.077515,-0.396504,-1.261032,0.950831,-1.672445,-1.576654,-0.066256,-1.223040,1
-1.490301,-2.030137,0.843146,-0.101276,-0.557661,-2.231443,2.245181,0.073283,1
0.991592,-0.899091,1.252074,1.613389,1.313900,1.278303,1.799717,1.105634,1
-0.043359,0.481667,-0.218654,-0.492490,-0.137753,-0.296924,-2.409807,0.466694,0
1.239870,-1.023343,0.117052,1.930404,-0.350837,-0.629676,0.408611,1.130804,1
0.625698,0.806278,0.298917,-0.151780,-0.976433,1.001817,0.025971,-0.141610,1
2.021064,0.320970,0.644727,0.262712,2.120487,0.936270,0.167750,0.800349,1
-1.272086,-0.002415,-0.010680,-0.169166,-0.422986,-1.105136,-0.694121,-1.203567,0
-0.793064,-0.315103,-0.000457,0.319143,1.511982,-0.375080,0.844824,1.221024,0
-0.118526,0.270528,-1.227848,-0.287987,-0.940035,-1.847578,-0.223269,-1.170436,0
-1.041055,0.284004,1.771526,-1.909397,-0.928516,-1.797854,-1.266672,-0.826174,0
0.229977,1.431862,0.846511,-0.693503,-2.025297,-1.232807,1.130694,0.812984,0
-0.715633,0.785441,0.567968,1.004785,1.264684,0.721683,0.118020,0.027825,1
1.300085,-0.691381,-0.592532,0.419142,2.555301,0.001274,1.685232,1.223617,1
0.479971,0.153905,-0.567873,-2.048756,-0.246461,-0.014641,-0.588209,-0.841302,0
0.523058,-0.099653,-1.086474,0.687661,-1.846471,0.060843,-0.599126,-0.068502,1
0.979958,-1.721475,0.800481,-0.354373,0.420705,0.639724,-1.054946,-0.124266,0
0.711656,0.441053,-1.864283,-1.038825,-0.561530,1.190975,2.462730,-0.769293,0
0.039054,-1.140147,0.439833,-0.366265,-0.217955,-0.562011,0.311609,0.757868,1
-1.612437,1.392122,0.030897,-0.059239,0.957089,-0.488575,-0.249390,-0.292144,0
1.231021,0.697062,0.275851,1.304975,2.049691,0.336466,0.027730,-0.222300,1
-2.991048,0.848871,0.967454,0.136682,-0.195211,0.022522,-0.036213,0.679531,0
0.807033,-0.494645,0.455834,1.220814,0.587840,-1.069734,0.238899,-0.370280,1
-1.443334,2.673738,0.935573,-0.938477,-0.409582,0.134386,-1.147149,-0.699534,0
-0.334654,0.587796,-1.968546,-1.057037,-0.350806,1.058360,-0.416879,-0.035339,0
0.301907,-1.789521,0.538210,0.159734,0.064630,-1.378700,0.654539,1.792109,1
0.922741,-0.970662,1.097779,0.187879,-0.908030,0.797486,1.147963,-0.124635,1
0.155637,0.517151,1.770510,-0.131847,1.154953,-0.343317,-0.664445,0.352603,0
1.652766,0.516087,0.489327,-1.654341,0.188243,-0.856724,0.459855,0.566120,0
0.577925,-2.039982,0.120573,-0.293886,0.195418,1.104875,-0.462391,0.171987,1
0.327677,-0.615046,0.396609,-2.135593,-0.712182,1.896086,-0.456287,0.462378,0
-0.088985,0.650150,0.878987,1.021957,0.407970,1.121383,0.104858,1.340263,1
0.158054,0.890423,1.039099,0.541365,-1.582627,-1.621267,-0.647721,0.816008,1
-1.315860,1.069946,-1.774970,-0.775846,-0.928557,0.386332,-1.893606,-0.578996,0
0.733120,-0.933984,-0.732544,-0.176412,2.339378,0.027405,-0.383071,-0.233898,0
0.462748,-0.393115,1.632800,-0.967388,0.690611,-0.274125,-0.239226,-0.046052,0
-0.577890,-0.100192,0.127552,-0.836595,-0.220855,0.966585,-1.299751,0.008975,0
-1.806308,0.622085,-0.636225,0.412247,1.278100,-1.400486,0.068934,0.330290,0
-0.890179,0.430508,-0.002422,-1.289008,-0.830232,1.480254,0.209696,0.387678,0
0.473685,-1.245740,0.694756,-0.570456,-1.509410,0.145624,-1.035725,-0.502745,1
0.207749,0.076198,-1.151308,0.268513,0.478808,-1.105275,0.272243,0.609444,1
-0.355678,1.026911,0.465559,-0.784149,0.336124,0.714517,0.359027,0.204837,0
0.402113,-0.609071,0.342472,0.722920,-0.925703,0.839317,-0.292664,-2.409523,1
0.558011,0.068750,-1.758279,-1.590408,0.155672,-0.584549,1.568316,-1.610387,0
0.738960,-1.515472,-0.124988,-0.161139,-0.276861,0.081154,0.095458,-0.322564,1
0.463155,-0.709220,0.762437,-0.505123,0.719240,-0.238658,0.832385,0.433719,1
0.739913,-1.130805,0.452160,0.226685,0.435643,-0.332949,0.343280,-0.770645,1
-0.056080,-0.586600,0.076412,2.056307,1.221162,0.023042,0.031846,-0.454698,1
-0.613187,0.680359,1.402216,0.711184,-1.282632,-0.364312,0.921182,-2.660820,0
0.369461,1.199445,1.720960,-0.293314,-0.964838,0.308128,0.725710,-0.033062,0
-1.616481,-0.367581,-0.119607,0.567869,-0.755433,0.582609,0.043191,-0.272107,1
0.504556,-0.365719,0.495266,0.626913,1.265957,0.621837,0.845110,1.494509,1
-2.394501,0.928000,0.379395,-0.019242,0.195261,-0.284746,-0.495273,-0.498252,0
-0.675938,-0.019583,-1.004961,-1.329324,0.766956,-0.233366,0.471481,-1.547012,0
-1.393832,-0.486107,0.715270,0.385569,1.617253,-1.102933,-1.234072,1.173102,1
-1.476323,-0.470895,-0.356243,0.494759,-1.259253,-0.962622,-0.226418,0.424635,1
1.053971,-0.983879,0.137648,0.266250,0.232616,0.262395,-1.262224,-0.276901,1
-0.383536,-2.380155,-0.665317,-1.650512,0.739638,-0.016315,1.884447,0.437676,0
-0.042416,-1.464310,-0.614093,0.070703,0.130209,-1.026944,1.529373,-0.338934,1
1.514311,-1.259479,-0.669792,1.354417,0.874273,0.646620,0.443767,0.465522,1
1.451615,-0.472842,0.357166,0.876471,0.249417,0.430188,0.913668,-0.085708,1
0.655073,-0.466622,-0.159238,0.490147,-1.599696,0.411878,-1.463434,-1.888203,1
0.224103,0.062639,1.533760,0.048598,0.147192,-1.785678,-0.796807,0.482850,1
-1.211671,0.157886,-1.477486,-0.151947,0.059645,-0.373202,0.271188,0.551460,0
-0.248485,-1.062723,0.980696,0.070369,0.288772,-0.848564,0.461266,-0.114128,0
0.990122,0.846669,-1.592949,0.347902,-0.729531,2.269193,0.888136,0.493067,1
1.647661,-0.512844,-1.451259,0.246705,-0.136944,1.135029,-0.219608,0.651546,1
-0.524226,-1.034159,1.284908,1.318379,-0.129214,0.210141,2.331911,0.692240,1
-0.746460,-0.206548,-0.217264,1.431912,-0.131743,-0.118370,-0.670678,0.026427,1
0.771135,-0.385623,-2.047349,-1.020783,-1.020762,-0.337329,0.250018,0.153543,0
2.224061,0.591990,-0.085559,1.032385,-0.196620,2.359189,-1.461424,-1.340689,1
0.111220,0.381246,0.256631,1.379974,0.308573,-1.604257,1.012674,-0.076437,1
-0.690519,-1.192278,0.896185,0.085249,2.394198,-0.063609,-1.150114,0.212699,1
0.329799,1.141262,-1.454864,0.105659,1.256382,-0.491349,-0.715371,0.801194,0
0.681162,-1.001450,1.369380,-0.577746,-0.244980,-1.449982,-1.130603,0.187956,1
-0.026103,0.676066,-0.289766,0.631927,-0.407755,-0.043451,-1.138395,-0.863778,1
1.531520,1.024477,0.830953,1.227530,1.410673,0.616030,0.759559,-1.970138,0
-0.163431,-0.113890,0.086278,1.195269,0.176459,0.708447,2.266568,-0.023101,1
-1.156746,1.057449,-1.183283,-0.140758,-0.172005,-0.668518,1.277448,-0.944993,0
-0.065861,-1.785727,0.526019,-1.552336,0.846489,-1.247900,-0.844276,0.940534,1
-0.613578,-0.795451,-0.908666,-0.313190,1.497448,1.238723,-0.724018,1.653237,0
-0.084972,0.144717,-0.977632,-0.207955,1.309355,0.015958,-0.757039,-0.887424,0
-0.866808,1.756318,-0.716725,-1.201548,-0.391823,0.532684,-0.275614,0.630600,0
1.060182,0.537365,0.519890,-1.087729,-1.085303,-1.003130,-0.691498,-0.656559,0
-0.113795,-0.825702,0.111555,1.040313,-1.200891,0.952225,-0.311624,0.496970,1
-1.019800,-0.057456,0.945969,0.666077,-0.503835,0.662366,0.475017,-1.035905,0
-0.104997,-0.595934,-0.647218,0.590130,0.198951,-1.298272,0.877386,-0.130981,0
0.331510,-1.159880,0.107072,0.327547,-0.642239,1.546743,2.519137,-0.844512,1
-0.049160,-0.793231,1.496495,-0.872730,1.161695,-0.546623,-0.484041,0.817698,1
2.238309,-0.153006,2.209421,0.027968,0.502854,-1.207680,0.259960,-0.303634,1
-0.193216,0.135072,-0.901988,-0.162038,-0.266095,-0.843461,-1.432524,-1.075449,0
-0.571173,0.356244,0.831751,0.092978,2.024662,1.122843,0.305275,0.406745,0
-0.009792,1.867422,1.013305,0.235208,-0.478365,-1.462644,0.671926,-0.563876,0
0.918266,-0.767810,0.125626,-0.627337,-0.832588,-1.878608,0.440628,0.656274,1
-0.356363,-0.642760,-1.340229,0.960637,-1.448704,-0.282702,0.921919,-0.651965,1
-0.072418,-0.440641,1.021404,-0.614021,-0.005373,0.357457,-2.117641,-0.889210,1
0.598769,1.551731,0.421336,-0.508504,2.782387,-1.480468,-0.722681,-1.478025,0
0.209602,-1.007165,0.102416,0.061863,0.976172,0.458951,-1.833985,0.167647,1
0.212396,-0.499295,-0.383061,-0.448922,-0.734097,-0.388666,-1.410285,0.493509,1
-1.513263,-0.299091,-1.445678,0.052456,-0.361313,1.059474,-0.349797,0.749431,0
-1.291554,-0.607400,0.463827,-1.038162,0.337409,1.434132,-1.287555,0.024189,0
-2.090708,0.519541,0.787593,-1.327584,-1.886409,1.318402,-0.215965,-1.346172,0
-1.680332,1.135297,0.882718,-0.195732,-0.935558,1.089427,1.086661,0.902692,0
-1.222492,0.108940,0.151257,-0.404241,0.540928,1.053233,0.519202,-0.831784,0
0.410179,0.737710,1.329437,1.579314,1.645857,1.190824,0.067114,-0.214172,1
-0.910947,-0.569072,2.298973,0.123764,0.713088,-0.728773,-0.491642,-1.359672,0
0.586292,-0.853119,-0.252671,0.180496,0.500063,-0.771825,0.429422,0.148776,1
-0.090406,0.867844,-0.279015,0.395907,-0.511966,-0.937776,1.105654,0.320087,0
0.528680,-0.843503,-1.573219,0.996845,-1.022361,1.807183,0.038997,-1.272509,1
-1.097084,-0.052762,1.142207,-0.630207,-0.685513,-0.239697,-1.362436,0.443210,1
-0.561104,1.315599,2.199154,0.925392,1.100932,-0.220078,0.399957,-0.055686,1
-0.723589,1.197457,0.319499,0.570792,-0.594436,0.315872,-1.134261,1.506394,1
0.290669,0.959564,-1.141328,-1.192234,0.853332,-0.564362,-1.900792,0.572098,0
0.478899,-0.074528,-1.121836,0.205347,-0.116786,-0.391983,0.677954,-0.024596,1
-0.074838,0.631205,0.249965,-1.137932,1.249053,-0.927276,0.481791,1.545858,0
-0.898920,1.719555,1.365135,0.107369,0.657190,0.898470,1.949748,1.174712,0
0.453558,-0.120622,-0.029906,-0.860005,0.375348,-1.338007,2.841221,-1.222229,0
0.391693,0.106021,0.680163,1.289820,-0.783047,0.387367,1.638668,-1.303703,1
-0.852046,-0.468329,-0.431935,-1.009739,0.724124,0.121441,1.174311,-1.110562,0
-0.188482,-0.790563,0.522729,-0.576239,0.403572,-0.550494,-1.139941,0.723998,0
-0.482310,2.401430,1.090543,0.170281,0.405966,-1.492306,-0.794808,-1.249077,0
0.093223,0.421536,-0.002843,-0.068362,0.957870,-0.362963,-0.214899,-1.274746,0
2.548471,0.223595,0.036822,1.166104,0.665877,0.146186,0.244375,-0.258700,1
0.087933,-2.122826,0.666764,-0.641159,1.119830,-1.768664,1.179298,-1.288968,0
0.532510,-0.792392,0.436220,-0.562072,0.262767,0.294739,-0.394375,0.000075,0
1.046484,1.209309,0.843605,2.407986,-0.494181,-0.252933,-0.589627,1.608040,1
-0.495801,-1.369496,-0.184614,0.388976,-0.597621,1.163628,-0.329004,3.013521,1
-0.570734,0.322136,0.473806,-0.639548,-1.996956,-0.286569,-0.897834,-0.406875,0
0.496687,1.350185,0.535200,0.536435,-0.001695,1.488541,-0.649618,-1.992614,1
0.098738,-0.454100,-0.057651,-0.011823,0.364203,-0.846049,1.660252,1.277795,1
0.713071,1.248370,1.337364,-0.538512,-0.119496,2.274600,0.395528,-0.006243,1
0.357328,2.085223,-1.126193,1.144471,-1.141614,-0.137111,-0.330093,0.290206,1
-0.226678,-1.514111,-0.270595,0.154182,-0.355040,0.402651,0.856394,0.405428,1
1.339582,1.301254,-0.296218,-0.855505,0.438498,-0.440822,0.700086,1.182729,0
-0.052469,0.568213,0.464378,0.084606,0.198289,-0.302905,0.604127,-0.590001,1
-0.709899,-0.347050,-0.112081,-1.475613,0.415743,0.262151,-0.698083,1.218217,0
1.314977,-0.221957,0.361407,-2.242559,-0.317951,0.033409,-0.106065,1.074868,0
0.734576,0.520752,-0.393056,-0.564428,0.599755,-0.810340,0.922768,0.053427,0
-0.247290,-1.291190,1.004251,-1.817956,-0.903247,2.352821,1.922539,-1.197744,0
0.199040,2.003439,-0.836422,0.561221,-0.001748,-0.748587,0.813529,0.951856,0
0.549695,1.329453,-2.117442,1.092588,1.920770,-0.507470,-0.102864,-0.811507,0
0.018837,-0.230490,1.633655,-0.844291,0.042169,0.787036,-0.045312,-0.838942,0
0.704112,-0.079312,0.821354,0.134200,-0.993807,0.565859,-2.671761,-1.085341,1
1.217717,-0.531755,0.022669,2.363797,0.350904,-1.731739,0.440774,-0.073074,1
1.436076,1.434326,2.700140,-0.054528,-0.070785,-0.499878,0.820972,1.641066,1
-1.557061,-0.146355,-0.077894,0.080042,0.223438,-0.478752,1.141944,1.903338,1
-1.001183,-0.077548,-1.259374,0.759293,-0.840126,1.832345,-0.053033,-0.171581,1
-0.273379,0.242561,-0.089525,-0.422381,-0.459647,-2.404266,0.381817,-0.859475,0
-0.519647,0.755978,0.320163,0.314051,-1.558689,0.030653,-0.315694,2.242128,1
1.740754,-1.167381,-0.563379,1.271099,0.460899,0.973356,-0.286896,-0.549228,1
-1.985630,-0.160443,0.869291,1.383573,-0.291331,0.518442,2.290342,-0.046501,1
0.080643,1.575967,0.253468,1.510573,-0.056005,-0.157872,1.005802,0.062880,1
-0.492414,0.486234,0.974088,-0.599568,0.497090,-0.886970,-0.578282,1.960452,0
-0.112518,1.354881,-1.373951,-3.163479,0.810468,-0.438228,0.485377,-0.901822,0
0.459940,-0.366106,0.516561,-0.770615,-0.806770,-1.020136,-0.572457,-0.538404,0
1.719951,0.576947,-1.067487,-1.523677,2.358267,-0.126246,-0.431667,-0.217489,0
-1.234245,0.897183,-0.326778,-2.083068,-0.154636,0.600734,-0.777132,-1.066190,0
-0.155724,-0.090247,0.500927,0.485760,-0.695028,-1.792468,-1.844889,-0.217469,1
-1.589650,-1.254138,0.525978,1.209400,-0.130992,-0.609625,-0.727329,-0.328400,1
-0.036217,-0.778111,1.401574,0.784509,-1.546550,0.301393,0.574138,1.330829,1
0.919083,0.397779,0.113412,0.372185,1.866554,0.934890,-0.286558,0.804906,1
0.539130,0.175786,0.645498,-0.469168,-2.077173,1.191709,-0.389720,-0.302431,1
-1.128801,1.332348,2.281134,0.061658,-0.278033,-1.128559,0.314198,0.585700,0
1.294343,0.154904,-0.775598,0.007576,-0.417285,-0.115728,0.947428,-1.095365,0
-2.427290,0.995324,-0.847823,-1.353662,-0.058798,0.627729,1.857829,-0.302820,0
1.063596,-0.792503,-0.287087,-0.193995,-0.560669,-0.781659,-0.293611,-0.240980,1
0.105779,0.287177,-1.225155,-1.761308,1.955430,-0.194637,1.438146,-0.656424,0
1.941414,0.257356,-1.105770,-0.131564,-1.321016,-0.459828,0.194957,0.862603,1
-0.918323,1.423903,1.931385,-0.480078,-1.325963,0.385666,2.335539,1.127478,0
-0.046142,-0.296348,0.629971,-0.279661,0.199131,-1.109669,-0.609627,1.847332,1
1.185652,-1.141955,-0.356417,-2.439246,0.678561,-0.175012,-0.017937,-0.862642,0
0.852856,-0.835182,-0.400649,0.395098,0.719879,-0.637744,0.827968,0.300203,0
0.646105,0.136184,-1.493407,-1.794105,-0.008905,0.403442,-0.851895,-1.174556,0
-1.166254,-0.656314,-0.370732,-0.755879,1.048671,0.711943,-1.058371,-0.097389,0
1.270443,0.613310,-1.477117,-0.764502,-2.041981,0.498686,-1.266668,2.076701,1
-0.140420,0.748679,0.307228,0.323593,-0.200220,-0.395038,0.387635,-0.728799,0
0.013344,-1.535848,0.533780,-1.203984,-0.114148,-0.946091,-0.253975,-0.051388,1
-0.175691,1.701177,-0.889260,-0.081914,-1.592498,0.339416,-0.382833,-0.433501,0
-1.811564,0.237898,0.700097,-0.056143,-1.083451,-0.391343,-0.047550,1.197183,1
0.106528,0.272987,0.918761,0.453619,1.708124,-0.689203,0.184252,-1.354412,0
0.697063,0.264446,-0.305040,0.650726,-1.100616,-1.204566,1.177739,0.897165,1
-0.251801,0.839575,-1.937044,0.550064,0.685494,-0.468629,0.419728,-0.707125,0
-1.199812,-0.167798,0.144899,-0.776766,-1.087775,-0.980605,-0.469378,1.089246,1
0.296574,-1.446298,-1.769521,-0.376032,1.129102,-1.816026,0.282607,-0.862002,0
1.273003,-0.516355,-0.340966,1.243672,1.381848,0.956149,-1.331732,-0.525389,1
1.488419,0.270774,-0.969597,-1.479620,-0.445283,-0.228415,-0.285221,-0.740138,0
0.562574,0.057175,1.001445,-0.870062,-0.342574,-1.724449,-0.643034,-1.978568,0
-0.231004,-0.629611,-0.328354,1.013727,0.010955,-1.125759,1.011659,-1.809645,1
0.155682,-0.818520,-0.200710,-0.085030,0.560232,1.501695,0.659794,-0.162109,1
0.002601,-0.976291,1.322897,1.156553,-0.223008,-0.926830,-1.105818,-0.164381,1
-2.023270,-0.757191,-0.275254,-0.587114,1.842453,-0.581839,-1.631938,-1.589830,0
0.368242,-1.556870,0.399545,1.890371,-0.214888,1.054947,-0.120992,-0.238567,1
-1.454415,0.462873,-2.094472,1.045775,1.066696,0.227466,0.762607,0.152807,0
-1.688782,-0.871629,-0.571332,0.748225,1.414534,-0.714489,0.126639,2.607720,1
0.403715,-1.666524,0.807083,-0.018847,-1.724913,-1.435347,-0.662913,0.679815,1
1.083059,0.560397,1.355510,-0.584146,0.160467,-0.048619,-2.384031,0.516957,1
-0.286119,-1.652699,-0.076688,-0.193980,0.031082,-1.074669,-0.379023,-0.584130,0
2.248138,-1.151816,0.354218,0.524920,1.583864,0.058535,0.908163,0.573135,1
0.269430,-0.592429,-1.497329,0.160734,1.483660,-0.217554,1.278132,0.182588,0
0.014228,1.623470,-0.229521,0.310854,-0.426913,-1.142204,-0.626963,-0.563134,0
-0.379420,-2.110031,0.039639,-0.094470,-0.725882,-0.398306,-0.424107,0.757563,1
-0.276665,-0.928727,-0.600914,0.118685,0.397394,-0.180254,-0.368606,0.682492,1
-0.743972,0.616990,0.336403,0.473688,-0.031152,1.648724,-0.807592,-1.924692,0
0.834001,2.570025,-0.480656,1.346810,0.467732,1.508333,-0.497657,1.644434,1
-0.185218,-0.282829,-0.038916,0.419518,-0.949087,1.581503,0.350000,-0.695243,1
-0.927684,1.260831,-0.741286,-1.788408,-0.154898,1.726238,0.001809,0.478918,0
-0.541268,2.102090,-0.974020,-0.136235,0.238808,1.873323,0.291159,-0.395692,0
-2.128050,-0.033728,-0.583172,-0.469656,0.090046,-0.039960,-0.446731,-0.649456,0
0.808963,-1.091709,1.479754,-0.453544,0.503420,-1.414100,1.834543,-1.450994,0
-0.110904,0.612991,0.372693,0.841531,-0.552622,0.922006,1.188897,0.522594,1
-1.014087,0.426034,0.044061,0.228775,0.185113,1.799651,-1.131579,0.225366,1
2.636774,1.917992,-1.138159,-0.625138,-1.659515,-0.175658,0.524332,-0.075899,1
-1.171191,1.340006,-0.598293,-1.030873,1.797923,-0.554264,2.650661,0.182493,0
-0.274293,1.411315,0.246379,-1.201639,0.104197,-0.879686,-0.725166,0.760713,0
0.104370,1.324013,-0.816231,-0.088130,0.897087,-0.075201,0.998677,0.983135,0
1.098289,0.132325,-0.523247,-0.078691,-0.206321,-0.674707,-0.242391,-0.815834,0
0.738903,0.233938,0.655701,0.652522,0.737886,-0.497642,0.081470,-1.583745,0
-1.718006,-0.659687,0.141334,-0.003808,-0.144215,1.585863,-0.684837,0.040384,1
0.200479,0.316885,0.272336,-1.016127,1.280082,-0.720150,-1.571136,-0.081771,0
-0.529153,0.319301,0.206471,-1.082826,-1.187298,1.768833,0.093060,2.050170,1
0.233274,1.021206,0.573596,1.504000,0.727291,-0.195715,2.052998,0.457880,1
-1.247404,-1.513069,-0.978468,-0.746695,0.125045,0.693507,-2.624997,0.102439,1
0.046223,1.213030,-0.767753,0.524858,-0.742605,-0.371508,1.238464,-0.427862,0
-0.774127,0.113989,-0.321062,0.966725,0.005493,-1.311796,0.439813,-1.702970,0
0.809027,-0.478815,-0.873561,0.622098,-0.243500,-0.068199,-0.656573,0.203442,1
0.450559,-0.345588,-0.675376,1.406212,1.134303,-0.582241,-0.670884,0.504537,1
0.332118,-0.645009,-0.937495,-0.081634,0.948126,-1.473711,0.849702,-1.104087,0
-0.114832,-0.831077,-0.375456,-0.004453,-1.209510,-0.652133,-0.737624,0.976811,1
-0.496917,-1.452394,1.574582,1.878030,-1.029474,-0.223800,1.420127,-0.645111,1
0.983064,0.267565,0.054956,-2.904093,-0.581862,0.580354,0.296575,1.579309,0
-1.514671,1.080053,1.143846,0.234802,-0.294509,1.030241,-0.748864,0.507115,1
-0.267356,0.716458,0.840451,0.111081,2.236208,1.124290,0.651697,0.785269,0
0.288889,-0.627543,0.377039,1.388186,0.108124,-0.610147,-1.149994,-0.120299,1
-1.082874,1.690489,0.163171,-1.466258,1.057782,2.928180,0.379942,0.543084,0
0.101474,-2.444541,-0.628973,-0.411579,0.848950,0.480172,0.938010,-1.596043,0
0.164604,0.877991,1.130275,0.073953,-0.314989,0.025201,0.922381,0.691414,1
0.789062,-1.032647,-0.561473,0.189457,-0.994255,-2.826031,0.631665,-1.220497,0
-0.009781,-0.072088,0.131330,0.005691,0.220668,0.325724,0.607855,-0.090801,0
2.021607,0.217638,0.338502,-1.361722,-0.840868,-0.167851,0.702045,-0.874660,0
0.799720,0.491437,-1.106206,0.490586,0.736735,-1.153047,-1.718432,1.931187,1
0.346334,0.631019,1.380938,1.597313,-0.959195,-0.816487,-0.203302,0.271320,1
-0.175404,0.432418,-0.998038,-1.321478,-0.341932,1.169582,0.948159,0.211689,0
-1.188874,-0.457031,0.747186,1.281910,-1.659682,0.935723,-0.146530,-1.343473,1
-1.144872,1.099923,-0.540438,0.884639,-0.626238,0.706004,0.082962,0.949369,1
-0.600129,-0.151105,-0.689178,-0.513301,1.798393,0.310981,0.755722,-0.986684,0
0.897149,-1.548407,0.559578,0.748661,0.026839,-1.582537,-0.621909,1.067490,1
-0.541514,-0.304262,-1.278280,0.057080,-1.031324,0.057275,0.277640,1.008713,1
-0.204726,1.625023,-0.330070,-0.895561,-0.167644,0.909328,-1.685494,1.443739,0
-0.131973,0.909765,0.770122,-2.208312,0.193238,-0.717473,0.277274,-1.201275,0
0.604708,-0.241983,-0.108226,-0.568617,0.749017,-0.113660,-0.345862,-1.014757,0
1.042907,-0.027101,-0.882253,0.269308,-0.546655,1.578504,-0.404003,0.090382,1
-0.393514,-0.568078,-0.523570,-0.478818,2.055340,0.632809,-0.039678,-0.495669,0
0.731925,-0.083166,2.469775,1.162327,0.288900,-0.803596,-0.427858,0.138173,1
-0.444503,0.879264,1.978106,-1.205418,1.064338,-0.667943,0.139533,1.295703,0
-0.743398,-0.720220,-0.639462,-1.291899,0.487799,-1.350868,0.888123,0.283065,0
0.491470,1.564245,1.059179,0.835402,-0.390162,-0.473507,0.290695,0.292849,1
0.178825,1.137544,1.016582,-0.683989,-1.322125,0.758914,-1.210881,0.177269,1
-1.333504,-0.764657,-1.949302,0.185788,0.676490,-0.142003,0.067718,0.193347,0
0.500238,0.154232,-0.288651,-0.653138,0.101373,-0.715554,-0.606933,-0.637171,0
-0.680811,-0.095941,0.191972,0.650730,2.023468,1.680065,0.084049,-0.718120,0
-1.081255,0.768489,0.824657,0.794869,-0.647152,0.054652,-0.329180,1.030097,1
0.380225,0.978676,0.358334,-1.111170,2.695332,0.328991,-0.022838,1.793375,0
0.920190,-0.640987,-0.111280,0.226110,0.272663,1.560515,-0.481404,0.018616,1
-0.462206,-1.740478,-0.604355,1.763773,0.455886,0.096548,-1.008574,-0.246223,1
-0.504635,-0.521223,-1.279870,-0.428705,-1.323606,1.457728,-0.063962,1.057820,1
0.132202,-0.060102,0.034842,-0.391830,0.192278,0.451787,0.807267,-0.210477,0
0.671769,0.718273,-1.346182,0.563290,-0.149710,-1.052077,0.077882,-1.467823,0
0.313003,0.773785,0.992560,0.239950,-0.523004,3.049105,-0.722084,1.395588,1
0.883720,0.270997,0.576665,0.394883,1.249637,1.014996,1.444464,1.042457,1
-0.652108,-0.651020,-0.860194,0.511924,0.153496,0.881214,0.207163,-1.671691,0
1.018817,0.330727,0.833205,-1.098082,-0.762387,-0.746377,0.991250,-2.088470,0
-1.078460,-1.322314,0.972051,1.840723,-0.749226,1.134005,0.548663,-1.221888,1
-1.057221,-0.653737,-0.649076,-0.436861,1.166406,0.655393,-0.061741,-0.634341,0
-1.026395,-0.032481,0.597338,0.744065,-0.108986,-0.812710,-0.008478,0.432051,1
-0.341045,0.106118,-0.298259,1.546797,-0.786288,-0.494711,2.620915,0.931441,1
0.055013,-0.065094,-1.026384,-1.106707,-0.283985,-0.124646,0.365678,-1.694102,0
1.024730,0.418483,-0.137657,0.471437,0.050116,-0.270202,0.764122,-1.321555,0
-0.199899,0.642466,-3.232313,1.412506,0.022814,-0.622641,0.817297,-0.140323,1
1.103993,2.002492,-0.159868,-0.064314,-0.928860,-0.303107,-1.491620,0.355430,1
0.040195,0.592618,-1.168310,-0.212078,0.912295,0.605277,1.199638,-0.556646,0
-1.287952,1.103595,-0.684182,0.414011,-0.467954,-0.334955,0.147168,0.666444,0
-1.292199,1.432771,-1.650642,1.148275,-1.023102,-0.663546,1.265817,0.212092,0
0.869273,0.109493,1.006195,0.511626,-1.736337,-0.576728,1.144319,-1.099399,1
0.185470,-1.187649,-0.134628,-0.277344,-0.344165,-1.438121,1.184211,-0.582638,0
-0.412598,1.169136,0.347744,0.635519,-1.155592,1.925576,0.470119,0.339536,1
0.785476,-1.156204,1.101985,1.612475,-0.202591,1.511767,-1.307735,-0.226839,1
-0.831300,1.256464,-1.499062,-1.219626,-1.068140,-0.355800,-2.247907,-0.329534,0
-0.049822,-0.899069,0.611717,0.652788,0.018055,-0.724413,-1.311240,1.274580,1
-2.229432,0.112224,-0.786710,1.386347,1.101860,-0.594757,-0.279731,1.744238,0
0.719246,-0.453557,0.267374,-0.359966,-0.186859,0.223749,-0.946324,0.330898,1
0.708795,1.241329,0.483171,-0.450856,0.598144,-0.228671,1.501994,0.640189,0
-1.658363,0.304654,-1.324530,-0.597164,-0.087124,-1.218186,0.453615,1.069726,0
0.908759,-0.115097,-0.857781,-1.847496,-1.343212,1.538220,0.580802,1.813651,1
0.262260,0.100142,1.156502,-0.930964,0.859937,1.204009,-0.980219,-0.480835,0
0.639831,1.784417,0.313355,0.643476,-1.537617,-0.680797,0.217536,-0.183980,1
0.365415,1.197473,0.726855,0.456455,-0.264785,1.081906,0.283200,-0.807012,0
-0.857523,0.751040,-1.793235,0.195985,-0.334986,0.056886,-0.818829,1.944429,1
0.644859,-0.474542,-0.298533,1.717667,-0.750105,2.077536,-0.630405,-0.161964,1
-0.273882,0.469406,-0.899775,1.193408,-0.071758,0.298884,-1.100072,0.561327,1
1.293493,0.149495,0.162646,1.383957,-0.184342,1.503701,1.053116,0.940616,1
1.663637,1.866496,1.058920,1.912417,-0.503149,-0.307083,-0.863202,-2.352472,1
1.147439,1.057899,-0.358836,0.023459,-0.194520,0.008224,-1.405234,0.534844,1
0.296461,-1.473204,0.981246,0.152926,0.168488,-0.657793,-1.418248,-2.610960,0
-0.166167,0.799305,-1.486714,0.734160,1.170653,-3.180890,1.804730,0.025039,0
0.968246,-1.005093,1.294866,-1.111273,0.420149,0.577709,-1.406585,-0.891974,1
-0.098041,0.812454,1.462087,-1.413960,-0.338625,-1.280639,0.098417,1.416063,0
0.237492,-0.338248,0.485090,1.022754,-0.381292,-0.868584,-0.570515,-0.041150,1
-0.790435,-1.772311,0.769114,-0.005584,-0.212262,-0.511058,0.146472,0.476074,1
-0.139966,0.659602,-0.219855,-0.231897,-1.592606,1.143918,0.802741,-1.112515,0
1.835309,-1.970566,-1.258548,-0.512183,0.261107,0.656615,0.263629,-2.089848,1
1.775705,0.134679,-0.121759,2.751983,-0.418590,1.658763,0.883198,0.039913,1
0.714182,-0.020729,1.845618,-0.737892,-0.724168,-0.236426,-0.025295,-0.480839,1
0.246857,0.340714,0.149370,-0.708657,-0.208380,-0.364586,0.356125,-0.946409,0
-2.456432,1.681335,-0.220616,-0.588215,0.932790,0.655233,1.277396,0.350508,0
-1.739400,-0.115887,1.630613,-0.808487,1.105310,1.825688,-0.113361,1.197372,0
-0.613464,-2.139691,-0.232196,-0.757874,-0.685722,-0.240333,-0.755312,-0.061329,1
0.091161,0.926968,-0.758515,-0.783289,-1.137031,0.063297,-0.308050,0.176540,0
1.097631,1.456682,-0.368885,-0.586271,-1.230574,-1.864925,1.710204,1.101978,0
1.336675,1.026924,0.266652,-0.226513,1.196074,-0.509375,0.128100,-0.311851,0
2.069699,0.551571,0.000185,0.261255,0.577181,-0.892726,2.944508,-0.716631,0
-0.241717,0.141422,0.376677,-0.914657,-0.436559,-0.882126,-0.530147,0.212625,0
0.450308,-1.623256,0.639296,-1.521931,-1.126898,0.974634,-0.263922,0.565266,1
-0.414772,-1.077832,0.165652,0.262764,1.303363,-0.712065,0.037454,0.770225,1
-0.200100,0.617164,-1.408729,-0.350887,0.747477,1.218565,-1.621984,-1.096330,0
0.478433,-1.739247,-1.066451,-2.128102,-0.384988,0.654310,-0.281273,0.987319,0
0.783189,1.063954,0.881149,-0.024207,-1.094551,1.106218,-1.039390,-1.796450,1
0.088805,-1.997429,-1.260231,-1.840551,0.398292,1.458129,0.701126,0.215607,0
0.541649,-0.814683,-0.988941,1.394745,-0.519917,-0.519992,-0.071467,1.707684,1
0.055360,1.217694,-0.023261,-0.422075,-0.458568,2.348764,1.293499,1.093377,0
0.594288,-0.674443,-0.289566,1.431895,-1.280009,-0.558376,1.625286,0.396479,1
1.123904,-0.627373,0.818092,1.183054,0.240397,-0.389542,0.657322,0.526091,1
0.544664,0.353128,-0.689866,0.045064,-0.828933,-0.259347,-0.895878,-0.148813,1
0.877460,1.077640,0.188671,-0.150633,-0.860602,-0.179877,0.821936,-0.061122,1
-0.587298,0.833607,-1.422285,0.710872,-0.065198,-0.766103,-2.429928,-0.017111,1
-2.702156,1.741855,0.279437,0.559223,-1.445568,-0.458056,-1.360857,-0.002652,0
1.398603,-0.313634,0.302565,1.241244,-0.464733,0.869605,-0.167632,-0.400034,1
1.495381,-1.565336,-0.154398,0.181323,0.104176,1.436001,1.730390,0.847185,1
-0.697782,-1.409791,-0.100501,0.852090,-0.914359,0.158029,1.139263,-1.255865,1
-2.066077,-0.998344,-0.695468,-0.665412,-1.385135,-2.222257,-0.210577,-0.055600,0
-0.365282,-1.868402,0.248966,1.155345,-0.416267,2.618500,1.360681,-1.169131,1
1.267516,-0.883717,-1.022570,-0.461218,0.604539,0.510308,-0.266354,-0.371909,1
0.170765,0.617586,2.013955,0.595295,0.057480,1.735241,0.390468,-0.630677,1
-0.211372,-1.119580,-0.356829,0.923920,-0.529840,-0.391564,0.714197,-1.866945,0
0.135565,0.734178,-0.954202,-0.781817,-0.978287,-0.351122,-1.238610,0.536407,0
1.153781,-1.444248,0.283691,0.989563,0.018392,-0.940111,0.831821,1.234012,1
-0.347296,-0.968115,0.455849,1.304325,0.664045,-0.489082,0.368202,-0.085871,1
1.089428,0.265684,0.312271,-0.536207,-0.082378,0.341394,-0.990477,-0.216252,0
1.537818,0.056244,0.661064,-0.437761,-0.530872,1.217941,2.066086,0.352444,1
-0.960082,0.926763,1.149303,-1.022804,0.124694,0.583699,0.553190,-0.246323,0
-0.971428,1.081511,0.126951,-0.089464,1.082612,-0.867038,-0.137358,-0.409535,0
0.129607,-0.487663,0.454972,0.066051,0.567968,0.181609,-0.277191,2.202091,1
1.562196,-0.632995,-0.390864,1.384767,-0.057232,0.150128,1.433564,0.794369,1
-0.286428,-0.100619,-2.208067,1.345429,1.605296,-0.731047,-1.484307,1.320199,0
0.597861,-0.205595,0.560548,-0.676555,-0.680606,0.217104,-1.716354,-0.689622,1
-0.123850,0.325618,0.444770,-1.048017,-1.792823,-0.101260,-1.193411,0.295374,0
-0.559375,0.018946,-0.777661,-0.454970,-0.105331,-1.380163,-0.119930,-1.091387,0
0.064923,0.663176,-2.708667,-1.885167,1.366274,0.905950,1.069954,0.236500,0
-1.229698,-1.779591,0.594750,1.050321,0.302416,0.827070,1.342275,-0.672709,1
0.417260,0.813408,-0.634850,-1.070067,-2.282459,-0.880357,-0.239934,-1.457146,0
0.206882,-0.880361,0.064780,1.365362,-1.091945,-0.108957,-0.042232,1.293812,1
-0.045757,-0.801679,0.950861,-1.271090,0.331366,-1.545036,-0.278476,0.801359,0
0.313103,0.355937,-1.195962,0.169791,0.158198,1.021268,-0.199158,0.970939,1
0.502329,-0.387025,0.416541,2.243482,-1.376129,1.390275,0.424927,1.905997,1
-1.533674,-1.647478,-0.137556,1.235332,0.656893,-0.933710,-0.346215,1.129581,1
1.631939,0.963201,-2.696803,-0.007209,-0.307120,-0.595936,-1.184014,2.123823,1
0.496834,-1.270387,0.961764,2.335608,-0.842120,0.352302,1.405464,0.042765,1
-0.534631,-0.784441,-0.380783,-0.573215,0.139607,-0.851201,0.736179,-1.346778,0
-0.120096,-1.092381,-0.733674,-0.127176,-0.557582,-1.448889,1.761358,-0.111040,0
1.290097,0.827401,-1.456569,0.419101,-0.336144,-0.783098,1.028972,-0.497598,0
-0.159380,0.073558,-1.176933,-0.001455,0.729132,1.322502,-0.575706,2.370070,1
0.156272,0.419745,0.260936,-1.034653,0.862096,-3.120950,-1.600162,-0.137598,0
0.510850,0.557183,-0.023795,-0.238017,0.064799,1.479910,-0.348048,1.539759,1
0.723116,0.329358,2.084569,0.742581,0.798425,-1.095257,-0.356886,-0.052021,1
0.537843,0.989575,0.295007,0.718553,0.720807,0.620411,1.930166,-0.255752,0
0.525325,-0.769505,0.905658,0.544188,1.872754,0.723905,-0.637124,-0.784052,1
-0.315292,0.333205,-1.115948,0.676173,0.320789,0.649584,1.929547,1.000939,0
-1.307898,0.560016,0.455116,-0.824565,-0.653434,0.240359,0.789759,1.281666,0
0.120261,1.590293,1.501536,-2.009771,-0.504339,-1.679747,-0.517173,0.094645,0
1.786312,0.198973,-0.673796,-1.937200,1.133788,0.255199,0.709992,-0.238411,0
0.327116,-0.507270,-1.242594,-0.060194,0.634830,1.034907,0.257077,1.614340,1
0.012131,0.824460,-0.811996,-0.342531,1.013113,-2.497976,-0.993121,-0.179958,0
-0.931678,-0.543644,-0.368723,-0.903177,0.995479,0.608517,-1.561768,-0.686042,0
-0.808433,-0.845018,-2.065738,0.875552,-2.314109,-0.156142,-1.042099,-0.870011,1
-2.283869,-1.440026,-0.128510,-0.366559,0.308028,-0.840296,-0.619023,0.168343,0
-0.571592,-1.299502,-1.684899,0.033793,0.761492,2.030614,0.569020,-1.109267,0
-0.503479,1.039900,-0.390827,-0.813754,0.181892,-0.666180,-1.118459,-0.933091,0
-0.175316,-0.665976,1.065873,0.478872,-1.070547,0.000344,0.620193,-0.124475,1
-0.651591,-2.690578,-1.737480,-1.654871,-0.259034,-0.119711,-0.476590,1.295133,1
-0.526332,-0.190222,-0.325989,-2.110968,-0.515029,0.755818,-0.879466,-1.474308,0
-0.942893,-0.628230,0.524222,0.992374,0.083196,0.590634,-0.053277,-0.828918,1
0.049110,-0.792045,-0.999398,-0.335872,-0.374083,-0.795330,-0.872093,-0.298070,0
0.811679,0.119778,0.852635,0.209728,0.061322,-0.627331,-0.395899,-0.653924,1
0.129034,0.294359,0.451499,-1.084257,0.476151,-0.344604,0.539590,-1.814960,0
1.143132,-0.040668,-1.001573,-0.407038,0.450162,-0.196687,0.190368,0.293671,0
0.807809,-0.783524,0.168509,-1.168812,0.255001,-0.080446,-1.438132,-0.461381,0
-0.448003,0.373382,1.021028,-1.242690,0.277205,-0.224107,-1.598300,-0.191798,0
0.417516,1.260984,0.110345,0.529071,0.077991,0.443876,-1.514806,-0.109756,0
-0.307185,0.677018,0.052727,-0.463686,-0.186900,-0.819201,-0.277324,0.278379,0
-1.694529,-0.018401,-0.220751,-0.465927,-1.035896,-0.512216,0.305536,0.384170,0
1.789293,0.303098,-1.399016,-1.302014,-1.016134,-1.226015,0.226972,1.207712,1
1.437490,0.679231,-0.082257,-0.082954,0.596460,1.884444,0.276038,0.181427,1
0.407776,-1.610759,0.570127,1.744772,1.224907,0.983028,-1.212480,-1.318523,1
0.641182,0.454853,1.336580,1.111428,-0.834529,-0.372112,0.675366,-0.029106,1
-2.308174,-0.337552,0.944219,0.169108,-0.371369,1.330287,-0.182730,1.082428,1
0.287650,0.179370,0.318358,0.150517,0.982899,1.016245,1.401445,-0.127344,0
0.359373,0.746927,-1.130422,-0.051787,-0.193705,-0.227220,0.678565,1.236218,1
1.299705,-0.486624,-0.566902,-0.911597,-1.316100,-0.635408,0.634560,-1.203881,0
1.486312,-1.314141,-0.199700,0.503749,-0.498399,-2.017184,-0.958984,-0.149071,1
-0.967428,-1.902073,1.491446,0.035629,-1.310320,0.287948,-0.686702,-1.595713,1
-1.457739,-0.005408,0.684412,0.621265,-1.303529,-0.872393,-0.950033,0.422729,1
-0.582212,-1.871934,-0.168099,1.365482,0.731009,-0.288467,1.705939,0.463409,1
-1.319711,-0.728514,-0.723301,0.259484,1.385388,0.249938,0.762896,1.271552,0
0.661863,-0.069580,-0.985409,0.399096,-0.627146,-1.999293,-0.970951,-0.521065,0
-1.652043,0.427242,-1.292891,0.710447,-0.966379,0.159968,-1.398789,0.416005,1
1.490200,-1.259524,-0.036354,0.662297,1.814310,-0.407712,-1.922603,0.411157,1
0.747226,-1.315579,-0.378583,-0.162879,1.434191,-0.640286,-0.116871,0.577128,1
-1.891347,-0.054611,-1.756106,0.083473,0.623880,0.086820,0.512329,0.635543,0
0.992550,1.190255,0.747417,-0.967115,1.159046,-0.088068,-0.636282,0.080771,0
-0.486485,-0.641504,-1.472326,0.065819,0.282369,0.923300,0.062191,0.193535,1
-0.193942,-1.841872,1.606959,-1.037131,0.641488,1.119648,-0.972488,-0.426974,0
1.669997,-1.087135,-0.329813,-1.233687,1.362191,-0.477412,1.523430,-0.449439,0
0.663822,0.351126,0.388857,-0.265611,-0.294998,-0.246756,-0.394933,0.690634,1
-2.589821,1.249386,0.466098,-0.846869,-0.166377,-0.364641,1.317918,-1.233858,0
0.974873,-0.216562,1.022442,2.550347,0.966135,0.162950,-0.335778,-1.573969,1
-0.353048,0.811832,0.001577,-1.644473,0.598852,-0.788711,1.016507,1.692651,0
0.019259,-0.936503,-1.684607,-0.308474,0.142703,-1.824940,-0.207091,-0.590070,0
0.129280,0.503993,-0.638820,0.149448,0.055889,1.086686,-0.618640,1.088732,0
-0.713045,1.124821,-0.925093,0.128741,0.610154,-0.167319,1.335147,-0.881082,0
1.552357,-0.864611,0.373244,0.492855,2.636472,0.021137,-2.038533,0.607280,1
-2.236276,-0.242112,0.453152,-0.497790,0.839015,-0.000332,1.221212,0.661489,0
0.927174,0.241948,-1.098514,-0.032034,1.114592,2.036791,0.944891,-1.045452,0
-0.774841,-0.174570,-0.922261,0.892655,-0.145077,-0.621870,0.164104,0.216677,1
0.455424,0.783319,1.166546,0.745832,0.598226,-0.607975,-0.647168,-1.505387,0
-0.264060,-0.315817,-0.820255,-1.342876,1.094118,0.891676,0.265313,-2.014601,0
-0.131497,-0.090599,1.188754,1.873385,1.300901,0.567781,0.626750,-0.019448,1
0.210033,1.140492,0.749334,-0.941053,1.395527,0.190726,0.292703,1.570235,0
-0.095804,-0.752564,1.067315,0.048117,-0.236730,0.940118,0.786780,-1.234096,1
0.283198,0.353812,1.464010,-0.070818,-0.287897,0.409078,-0.408484,0.027681,1
-0.705954,0.564542,0.265384,1.759244,-1.863469,-0.112585,-0.618963,0.451315,1
-0.403361,0.590504,-2.117632,0.877147,-0.220312,-0.386433,0.783854,-0.333947,1
0.105479,-0.665726,0.644705,-0.966811,-0.237473,-0.928351,-0.425411,-0.721307,0
-0.724959,0.253572,-0.040774,0.387712,-1.032643,-0.931146,1.117879,0.803685,0
0.383110,-0.487750,-2.436579,-1.466449,-0.305617,-2.111997,1.195834,0.377599,0
-1.402943,1.037139,0.063588,-1.195525,-0.626305,0.161872,-1.319083,0.476289,0
0.177208,0.349469,-1.633364,-1.210120,-0.002650,0.448603,-0.140836,-2.208413,0
-0.759975,0.369095,-0.368670,0.265022,-0.761004,0.750493,1.551564,1.095006,1
-0.471478,1.181659,-0.502292,-1.130217,-1.810796,0.950665,-0.053463,-0.698085,0
0.642889,1.435869,-1.295145,1.436017,-0.392900,1.878977,-0.153263,-0.392012,0
-0.514474,1.054933,-0.131539,1.387734,-1.395708,1.016847,0.170377,0.444856,1
-0.521485,-0.103167,-0.165333,1.120889,1.046374,-0.982202,1.036863,-1.222834,0
0.323528,-1.370361,0.669876,-0.012542,0.143314,-0.138021,-1.892504,2.406471,1
0.547534,-0.216750,-0.653097,1.401701,-0.314451,0.747519,1.051908,0.798504,1
0.753946,-0.239033,-0.261525,0.449137,0.311377,1.138989,0.671796,-0.675327,1
0.454917,-1.065418,1.589067,-0.475177,-1.323718,0.162419,-0.930360,0.478223,1
-0.660452,1.102219,-0.443158,1.692546,1.404438,-0.528440,1.315328,0.975942,1
0.460127,-0.035040,-0.999669,1.138530,-0.725403,-1.946646,1.035119,-0.286563,1
1.195382,-0.219539,-1.147900,-0.047203,0.062779,-0.454939,0.649099,-0.281061,0
-0.499270,-0.707658,-0.437119,0.784816,-0.541979,0.106913,1.096301,0.670322,1
-0.477617,1.299753,-0.478171,0.225403,-0.246402,-0.565538,-0.763400,-0.860682,0
-0.539437,-0.345076,0.019186,-1.247183,0.071743,0.502373,0.509188,0.461857,0
0.422119,-0.184505,-0.165830,0.641163,1.418198,-0.783157,-1.916847,1.326619,1
-0.806147,0.238774,-0.365011,-0.483744,-0.890060,-1.231089,-0.023673,1.008845,0
0.047760,-1.395081,-1.018859,-0.038096,-0.517948,1.043203,1.357851,-0.955047,0
0.654907,-0.077882,-0.533126,1.181203,-0.460633,-0.841277,1.603179,-0.139146,1
-1.926527,-0.860594,-0.052613,-0.104084,-0.482418,1.114806,2.107778,0.888257,0
0.631986,1.655586,-1.309966,1.161345,0.724801,0.444677,1.412421,-0.545377,0
-1.022985,1.292107,0.978071,0.259373,1.752529,-0.624857,-0.025194,0.059982,0
-1.017260,2.498026,-0.695029,0.007376,-0.725323,0.845130,0.083597,-0.478768,0
-1.708410,0.945382,-0.448376,-1.187524,1.437931,0.530647,-0.137040,2.120081,0
-0.822998,-0.256305,0.920354,-0.836152,1.591097,-1.031781,-0.428782,2.195008,0
-1.277355,-0.300052,0.487729,0.608688,0.204397,-0.396828,1.319009,-0.317567,0
-0.219240,-2.923838,-1.322486,-0.710330,-0.844610,-1.879207,0.262809,-1.156053,1
-1.168212,0.898483,-0.370987,0.542461,-0.194359,-1.911489,1.368994,0.245988,0
0.875762,-0.925765,-0.182625,0.272322,-3.834398,-0.644799,1.552233,0.653605,1
1.837938,1.186283,-0.820320,0.503605,-0.719598,0.407061,-0.407091,0.592288,1
2.142220,0.243851,-0.541562,0.643050,-1.525963,-1.359157,0.850233,-1.077884,1
-0.610985,-1.100109,0.355514,-1.487808,0.042349,-0.000525,0.327365,0.663030,0
-0.741254,-2.038627,-0.303426,-1.974535,0.035166,0.202991,-0.348356,0.695155,0
-0.808644,-0.070451,-0.382559,-0.886671,-1.017943,0.450636,1.671946,-0.446871,0
-1.832154,-0.878575,1.698677,-1.336261,-1.421697,0.936840,0.248573,2.048314,1
1.428808,0.779109,0.546264,-0.059514,0.146452,0.626910,0.341999,0.957133,1
-1.885495,0.629482,0.463694,0.021279,1.697853,0.577548,0.090305,-0.190127,0
-0.207939,0.104812,-0.781239,1.495930,0.607284,0.414519,-0.192245,-0.770158,1
-0.926458,0.938771,0.932860,-0.206080,-0.986893,-0.318410,0.445175,0.129930,0
0.385887,0.092903,-0.080321,0.742157,-0.644158,1.355192,-0.461419,2.576119,1
-0.146485,-0.146044,0.854263,0.148795,-0.242460,-0.554245,1.622760,-0.454481,0
0.306732,0.345933,1.867265,-3.821009,-0.390427,0.780558,-0.066282,0.235268,0
0.882577,-0.616464,-0.866282,-0.014380,0.795924,-0.231074,1.476093,1.081231,1
0.755692,-0.963630,-0.199909,0.402473,0.773717,-1.208273,1.171476,1.280994,1
0.014252,0.028153,0.601758,0.704507,0.784057,-0.117884,-0.118352,0.791704,1
-0.400082,-0.248159,-0.181918,0.618404,0.210421,-1.433201,0.106804,1.787937,1
0.735117,0.353412,1.618487,-0.485199,1.215411,0.543346,-1.919988,0.596926,1
0.395478,1.438256,1.766572,-0.445826,0.440470,-0.279681,-0.355771,-0.140081,0
-0.242988,0.455381,-2.002039,-0.547320,0.876228,1.155705,0.645937,-0.764214,0
2.217123,0.128506,0.243914,0.146480,2.101169,1.452409,-1.120700,1.425036,1
0.543790,0.076521,-2.117043,0.505347,0.551467,0.996535,-0.728514,0.523327,1
-1.665381,-0.135611,0.186184,1.183373,1.185508,-1.280686,0.332934,1.792578,1
-0.735324,-0.459905,0.219684,0.670729,-0.395655,1.166861,0.339532,-0.487508,1
-0.342380,0.973000,-0.787148,-1.464416,1.858776,0.993123,0.493818,0.940583,0
-0.282113,1.424866,-0.148148,0.924060,0.163438,-1.037732,0.043243,1.559363,1
-0.986378,0.834584,-1.299530,0.083656,0.014820,-0.243996,-1.515440,0.078312,0
-0.751275,0.971292,0.192009,-1.325312,-1.977129,-0.922494,0.505231,-2.040304,0
-0.502112,0.071538,-0.529409,-0.564563,0.009188,0.211228,0.759645,0.349301,0
0.932148,-3.484111,1.160729,-0.024614,-0.031496,0.306363,-1.052706,1.015640,1
0.256713,-1.032470,-0.698979,0.402832,-2.146913,-1.696145,0.093253,-1.061070,1
-0.371706,-1.511425,-0.862162,-0.082151,1.011704,0.680508,-0.521223,0.407472,1
-0.228286,0.802537,-0.062518,0.460821,0.349075,1.301826,-1.150665,0.674439,1
-2.218584,-1.090862,2.000860,0.314540,-0.318713,-1.324309,-0.052337,1.485343,1
-0.392059,0.626635,0.935910,0.652751,0.695968,-1.010326,-0.841267,1.028701,0
0.576237,0.609674,-0.457911,-1.640597,-0.422511,-0.070825,-1.387133,-0.264252,0
-0.433205,-1.488982,-0.180248,-1.568020,-1.682122,0.974736,0.759546,-0.165004,1
-0.180635,1.544834,-0.301463,-0.083532,-1.468915,-0.291978,0.760191,-0.224292,0
-1.141047,-0.856619,0.935952,-0.636390,-0.533477,0.775230,0.499293,-0.229236,1
-0.796942,0.884264,-0.820824,-0.996551,-0.829710,1.109784,1.915127,-0.877948,0
-1.773090,-1.194273,-1.748627,-0.449876,-2.454229,0.547965,0.191465,1.403286,1
-0.848429,1.191781,0.725392,-0.823860,0.515080,2.014222,0.878851,0.171295,0
0.120122,-0.848934,0.777644,-0.594264,-0.124408,2.332552,0.239793,-1.692006,0
-0.455812,0.676013,-0.678759,2.534889,-0.390113,-0.069296,-0.736618,-0.331746,1
-0.318664,-0.011515,1.799177,-0.131675,-0.416907,0.624883,1.541647,-2.107838,0
0.835519,-0.268158,0.202453,1.493208,-1.077714,0.391954,-0.786071,-0.098080,1
-0.904003,1.150266,-0.454243,-0.930619,-1.068271,-1.039900,0.219099,0.061244,0
-1.825253,1.301236,-1.209903,0.880362,2.342515,-1.429690,-0.625580,0.592389,0
0.490652,1.659223,1.660461,1.289918,-0.829499,-0.071953,-0.895371,-1.078455,1
-0.123291,1.075124,-0.366651,0.794000,0.773589,-0.168982,1.535429,-0.000812,0
0.664255,-0.184102,0.305368,-1.198919,0.342956,-1.102214,-1.816128,0.009063,0
-0.144802,0.188879,-0.927119,0.258128,-0.540116,0.364811,-0.526714,0.294007,0
-1.682952,-0.769206,1.421917,-0.622875,-1.022486,1.566082,-0.868170,0.736891,1
0.015825,1.810286,-0.801913,0.392003,-1.894913,0.539195,-0.300433,-0.171496,1
1.241792,1.709644,-0.678790,2.252662,-0.129448,-1.771146,0.679200,0.337082,1
0.319018,1.477538,0.104239,-2.750045,-1.418193,0.304806,0.159759,-0.120898,0
0.169081,0.836521,1.166708,1.462557,0.188097,0.237884,-0.685125,-0.849264,1
-1.466660,-0.043827,-0.610217,-0.621419,2.431883,0.820735,0.514636,-0.064712,0
0.883163,-1.312814,1.342239,-0.050562,0.275182,-1.344205,-1.999762,0.329091,1
-0.929686,0.716932,-1.451377,-0.631775,-0.132432,0.014359,0.878138,1.879840,0
1.153030,0.486161,0.378260,0.414552,2.132819,1.750187,-1.093536,0.866751,1
-0.871953,-2.492546,0.759153,-0.828664,-1.622745,1.755118,-1.735712,-1.164916,1
1.325076,0.566917,0.360960,-0.506307,-0.385022,-1.138862,-0.644709,-1.079769,0
0.340340,0.671980,0.053525,1.270368,-0.016805,-0.094702,0.042513,-0.992092,1
-2.825758,-2.029845,-0.895413,0.568937,-0.029490,0.308309,0.706495,-0.031414,0
-0.148189,0.262607,-1.092602,-0.077042,-0.468848,-0.623929,-0.282868,-0.193710,0
0.154768,-1.155967,-1.391502,0.731626,-1.545964,0.483190,-0.498757,-0.728746,1
1.532752,0.184478,0.991761,-0.430012,-0.055210,-1.124957,-0.642314,0.643550,1
-1.217843,1.629660,0.064423,-0.062205,1.414905,-1.254982,-0.093556,0.108211,0
0.549659,1.718518,0.674571,1.092798,0.015010,-0.827608,0.894694,-0.364682,0
-0.100033,-0.083151,-1.219085,0.142161,0.963491,1.813124,0.863721,-0.482955,0
-0.903321,0.874289,-0.206204,-0.246860,0.352878,-0.481143,0.974851,-1.109532,0
0.956168,-0.240958,-2.237045,0.070662,-0.218046,-0.036989,-0.257069,-0.800162,1
1.232112,2.053697,0.068882,-0.098509,0.745084,0.067346,-0.464959,0.901851,0
0.047990,0.108850,-0.595914,1.387432,-1.106809,-1.376650,-1.629103,-1.092914,1
-0.424834,0.172986,-1.495694,-0.390020,-0.128372,-0.493236,0.656728,-1.682144,0
-1.094191,-0.409079,-0.604358,-0.932494,-2.876184,-2.457925,0.642455,0.602610,1
0.192585,-0.029906,-0.064568,-0.306673,0.860788,-1.210222,1.164464,-1.872503,0
1.619512,-0.832308,-0.527652,-0.112065,-0.502493,1.537864,0.269245,0.478584,1
0.492124,0.680720,-0.396130,-0.051968,0.138198,0.798791,-1.167979,1.743983,1
0.956847,0.269143,0.881116,-0.123762,0.563703,-0.321713,0.010511,0.167140,1
-0.059133,-0.499625,0.573443,1.047944,1.657406,-0.786923,0.432323,-1.034894,0
-1.053853,1.333630,1.328663,-0.600877,1.780986,0.498091,-0.526082,0.184064,0
1.261543,0.854867,-2.184764,-0.960181,0.188584,-0.381339,-0.537502,1.846121,0
0.211988,-0.595433,-0.615916,0.042342,-0.747019,0.615055,-0.701984,0.929433,1
1.373467,-0.255824,0.666043,-1.268715,0.266396,0.132645,-0.682771,0.871711,0
-0.135856,-1.972526,-0.184641,-1.872937,0.613915,1.057898,-0.854291,-1.297871,0
-0.009619,0.328209,1.160891,0.521689,-2.406644,-0.628624,0.439619,-1.199748,1
1.043994,-0.297820,1.297315,-1.007655,-0.039563,-0.391372,0.026823,-0.312311,0
-0.298726,0.142576,-0.966383,1.889530,-0.247599,-0.136333,0.069483,-1.002953,1
0.131993,-0.982990,-0.386148,0.411785,-0.267620,-2.108728,-1.765513,-0.698462,1
2.612634,1.148219,-0.778462,-1.786384,-0.501216,-1.089050,0.811335,2.704758,0
-0.212847,-0.353010,-1.590748,0.160598,-0.290671,-0.257376,-0.466248,0.044011,0
-1.064589,-0.189190,-1.331161,0.116437,0.613609,-0.047637,1.165197,-1.953361,0
0.085779,0.758470,-0.496780,-1.134114,0.210471,0.484805,1.317407,-0.807780,0
-0.348272,-0.258312,0.133497,-0.045177,1.393946,0.836544,-1.169880,0.602885,1
1.047980,-0.799435,0.231314,0.213284,-0.894686,-0.250976,-0.420808,0.171786,1
0.394985,1.214627,1.075637,1.020995,0.159608,-2.008887,-0.073133,0.141531,1
0.193973,-0.663604,1.895782,0.002986,1.230356,1.801023,0.001430,-0.095578,1
-0.844155,0.232504,2.778928,0.400836,0.413831,1.698839,0.116539,1.357945,1
-2.453576,0.247475,-1.727682,0.978679,-0.402339,-0.570179,-0.138904,-0.752288,0
0.976878,-0.250747,0.482382,-1.084032,-0.397699,-0.144286,-0.337024,-0.756076,0
0.463631,0.108674,-1.632759,1.521027,-0.242101,0.601810,0.290191,-0.617907,1
-1.807844,-0.313543,-0.122530,-1.590621,-1.032707,0.711167,0.885964,0.083013,0
1.813818,-0.884337,-1.123562,0.866706,1.367161,-1.578140,0.104077,-0.371607,1
-1.331861,0.806761,1.631080,-0.917209,-0.989712,1.118011,-0.095381,-0.170183,0
0.405851,-0.343886,-0.102533,0.215991,0.780610,-1.342244,0.234080,-0.055885,0
-0.025893,0.820555,1.294161,2.404929,-0.713538,-0.669416,0.252847,0.957376,1
-0.953975,1.420227,0.760360,-0.148436,-1.122748,-0.415157,-0.919707,1.141815,0
-0.625912,0.169625,0.279465,-1.113934,-1.240958,-0.897041,0.499763,0.255012,0
-0.197972,1.385452,1.183040,0.500180,2.285813,-1.175209,-1.094814,-0.541401,0
0.785243,-0.472676,0.014195,-0.097445,-0.194707,-0.385852,0.356165,0.829062,1
0.105503,-0.815286,0.071683,0.054377,0.177808,0.343823,0.180460,0.830842,0
0.676287,-0.550321,0.075353,1.338033,1.755900,-0.333590,-1.735786,1.565528,1
1.535092,0.153924,1.243911,0.396716,1.710342,-2.116245,-0.227991,0.293338,0
0.076195,0.482421,-0.713755,-0.269195,-0.616086,-0.644951,-0.420130,0.521668,0
0.171706,0.151563,-0.067048,-0.862328,1.468516,0.191704,0.627119,0.052038,0
0.955606,-1.418710,-0.133467,-0.023063,-0.609405,-0.366661,-0.958614,0.226388,1
-0.336086,-0.149823,-0.743041,-0.032886,-0.797049,1.492919,-0.891016,-1.594788,1
1.520097,0.272130,0.306151,0.907733,-0.829917,0.808085,0.146976,0.713276,1
1.841577,0.045337,0.581934,-1.069884,0.527449,-1.197991,1.006316,0.060209,0
0.484821,0.183913,1.680316,-0.614227,0.214549,-0.112867,-1.668008,0.891341,1
-1.317025,1.462261,0.700386,0.753423,0.677759,1.087060,-0.614712,0.443948,0
-0.458948,0.546156,0.701260,-1.627972,-0.576686,0.180786,0.437640,-1.117346,0
-0.430384,-0.274019,1.008213,0.961201,-0.153133,0.630578,-0.400797,0.571957,1
-1.436471,0.521624,0.416313,1.205490,1.358703,-2.142326,0.581669,0.331915,0
0.496792,1.113837,0.044315,-0.673437,-0.567088,-0.391044,-0.862455,0.645355,0
-0.291779,1.291585,0.447121,0.022471,-0.941577,-0.249219,0.683563,-0.832287,0
0.961024,-0.094250,0.165481,0.661257,-1.705854,0.745071,0.903519,0.434678,1
-1.162247,0.358842,0.481200,-0.656560,0.240061,-0.736203,1.142324,-1.756076,0
0.214082,0.082981,0.275522,-1.702944,1.296303,0.408613,0.121881,-0.864044,0
0.591195,0.705066,1.149822,-1.993535,0.025118,-1.076873,0.191985,-0.331218,0
1.052214,-1.131952,-1.131597,0.124037,-0.151672,1.149235,-0.583537,-1.142116,1
-0.382958,0.027553,-0.187773,0.456076,-0.034255,0.154131,-0.050489,0.426792,1
-0.949332,1.657426,-1.887206,1.307514,0.550739,-1.076504,0.593178,0.613287,0
0.127729,-1.501219,-0.534962,-0.036852,-0.802669,-0.506367,0.931283,-0.058334,1
1.336559,-0.364629,1.286286,-2.521286,1.634264,1.730236,1.931313,-1.005256,0
1.110642,3.082861,-0.192864,-0.661422,-1.157486,2.292405,-2.319147,-0.610896,0
-0.754883,-0.379141,-0.027781,-0.949081,0.835994,1.858186,-0.110733,-2.035915,0
1.255724,-0.201949,0.537798,-0.088745,1.711299,0.235298,-0.316874,0.479592,1
0.232823,-0.028541,-0.828271,0.252951,-1.855365,0.637747,0.441009,-1.196376,1
-1.147065,-0.090732,-0.370925,0.400567,0.116074,-0.948359,0.853779,0.519378,0
0.255552,0.181823,-0.692684,1.095673,0.772795,-1.250971,0.695947,-0.488721,1
0.311563,1.475151,0.826740,-1.236608,0.365406,-0.035149,1.266169,1.448646,0
3.087492,0.408561,1.352043,0.904258,-0.513456,-0.174298,-0.284677,-1.327936,1
0.385033,-0.516498,-1.736920,0.276181,-0.157591,0.653792,-0.774595,0.792027,1
-0.107397,0.035577,-0.088646,-0.041852,0.442987,1.320296,0.011670,-0.879548,0
1.223539,0.071682,0.526338,-0.739803,-0.408637,-0.244053,1.664751,-0.695653,0
0.612639,-0.484109,1.990192,-0.251226,1.050795,0.764595,0.787331,-0.157940,1
0.710869,0.229797,1.162957,-1.214678,-0.129308,0.065647,-0.553522,-0.417914,0
-1.152906,0.805854,0.829356,0.400708,-1.626465,0.476505,2.280630,-0.952730,0
-1.268299,0.682481,-1.013091,-1.679051,0.828114,-0.679506,1.238208,1.133016,0
0.629389,-0.642955,0.886178,1.527120,-0.522219,-0.789975,0.455104,-1.167203,1
0.575498,0.409946,-0.281436,1.415177,-1.003209,0.337234,-2.382059,-1.039515,1
-1.057441,1.282302,-1.307310,-0.822494,-1.043749,-1.400817,0.608950,0.345995,0
-1.231461,0.405201,1.074512,0.664601,0.870632,-1.337430,-0.958217,-1.359383,0
-0.539779,-1.101795,-0.379383,0.578575,-0.300883,-0.744255,0.671681,-0.010873,0
1.252987,-2.240564,-3.131981,0.939426,0.770985,-2.336594,-1.192890,1.868386,1
2.205920,0.894155,-0.737203,-0.083604,0.904834,-0.266190,-0.760956,2.896309,0
-1.660021,-0.336421,0.798966,0.421306,-1.726547,0.688339,0.182645,-0.178759,1
-0.047450,-0.360767,-0.903147,0.178084,0.523925,-0.110604,-0.094340,1.004002,1
-0.915766,-1.402143,-0.129681,-0.786439,0.469579,-0.004009,-0.087740,-0.757961,0
0.356557,-1.025849,-0.118861,-2.794641,-0.257461,0.256490,0.787405,-1.198008,0
0.229132,0.789946,0.324534,1.777496,-0.746729,-0.341141,-1.665193,-1.450324,1
-2.299699,-1.624940,-1.513135,1.415954,-2.201472,-0.307217,-0.173798,2.069784,1
0.514270,1.370288,-1.190270,1.400118,0.718860,0.706226,-0.794535,-0.158113,1
0.048832,-0.469263,-2.362572,0.080775,0.337112,-0.320403,-1.500731,-1.120694,1
-0.408787,-1.152050,-0.973219,0.358870,0.430736,-0.756052,0.329727,1.748876,1
0.335800,-0.061855,-0.041500,-1.166124,0.396521,-2.032441,0.578341,-1.356705,0
-0.737187,-0.458130,-0.518545,-0.070854,-0.099059,-1.254069,-0.305818,0.140201,0
0.668734,-0.934175,1.326260,-0.031275,1.182324,-0.699191,-1.064174,0.007906,1
0.827318,-0.260151,-1.294039,0.788890,0.125143,0.769116,-0.137301,-0.011964,0
0.392934,-0.896374,-0.700428,-0.847682,-2.199442,0.802334,-2.366938,-0.621920,1
-1.473854,-0.498534,0.587497,0.252500,-0.860355,0.829695,0.456109,0.682637,1
-0.485879,0.287123,1.231732,0.002938,0.918109,-0.268001,0.930698,-0.637844,0
-1.503667,2.144753,1.374448,-0.945605,1.227368,-0.159237,-0.287363,-0.702734,0
-0.165498,-1.200170,0.592822,-0.324602,-2.069913,-0.025259,1.149104,0.388927,1
0.835955,1.155526,-0.911801,0.660352,0.730110,-0.594294,0.868463,-1.040339,0
0.946320,2.294556,-0.132859,1.135720,-2.171104,-0.426541,-0.143263,1.217495,1
-0.188899,1.226383,-0.692292,0.503156,-0.380711,-0.536528,-0.938203,-1.978199,0
-0.790007,1.348514,0.134860,-2.488376,0.398513,-1.791963,0.255019,-0.642242,0
0.182361,0.855309,-0.857940,1.007982,-1.557528,0.531014,2.071491,1.068700,1
-1.240391,-1.356771,-0.428690,-2.080865,-1.231799,0.942758,-0.837128,1.173110,0
-0.802374,0.598099,1.191142,0.136900,-0.577667,0.180024,2.086736,-1.082129,0
-0.122043,-0.113669,0.742890,0.919280,0.659156,1.013010,0.496895,-0.006501,0
0.886410,0.404852,1.004435,0.247538,0.603891,1.346361,-0.243427,-0.813216,0
1.072543,-0.503008,-0.357519,-1.911377,0.487881,0.059255,0.778922,2.082901,0
0.788560,-1.359867,0.773867,-1.725764,-0.258504,0.230702,1.372113,0.188150,1
0.861876,-0.213270,0.173887,0.589515,0.466458,-1.474587,-1.234735,-1.797103,0
-0.186264,-1.305246,-0.230146,-0.392889,0.608903,-0.660057,1.425365,0.141313,0
0.068230,-0.415283,0.083127,0.390782,3.014648,-0.431153,0.091880,-0.648742,0
0.151787,1.317938,0.661274,0.028665,0.841835,-0.103166,1.995580,0.498750,0
0.297685,-1.579542,-0.061909,-1.678064,0.106490,-1.623656,-1.354861,0.421543,1
0.716790,-0.267561,0.315676,-1.528302,0.086951,0.287672,1.028919,-0.400598,0
-0.044165,-0.315519,-0.599865,1.411011,0.634661,-0.991305,-0.260115,0.459461,1
-0.017135,-0.407549,-0.554563,-0.061163,1.529541,0.118097,0.145351,-0.170320,0
0.252743,-0.736158,1.122962,0.015063,-1.296580,0.333011,-1.288699,-1.126249,1
1.581579,0.558901,-0.735187,-2.296379,1.086124,-0.603612,2.407922,-0.630168,0
-0.377877,0.913074,0.372512,-0.091048,-0.404365,0.474533,0.014036,-0.870091,0
-1.408988,-0.166351,-0.754475,0.191336,-0.509981,0.544292,-0.784859,-2.290582,0
0.598087,-0.191311,0.276510,-0.006802,-1.219134,1.084598,-0.229106,0.302095,1
2.081813,0.712864,-0.227651,-0.120251,-0.506590,0.073038,-0.620822,-0.014820,1
0.845822,-0.575223,0.569211,-0.247574,0.153339,-1.477558,-0.088790,1.292003,1
0.968056,-0.642309,0.934045,1.360855,-1.086416,-1.016823,1.653558,-1.673831,1
0.051568,0.663782,0.644817,-0.025561,0.411714,-0.401454,1.425002,0.412045,0
-1.665634,-0.546253,-0.019949,1.228862,1.190359,0.078319,-0.593731,0.829535,1
0.462464,1.335253,-1.414786,0.170326,-0.057735,0.249661,-1.299892,-0.375686,0
-0.133351,0.400029,-1.521131,-0.440418,0.397437,0.322505,-2.005808,-1.191008,0
1.171797,-0.100201,-0.694561,-0.517341,0.345870,1.249835,-0.687793,0.109080,1
1.098428,-0.790418,-0.929264,-0.475358,-0.521048,1.017963,-0.398703,2.052927,1
0.626967,-0.898694,0.920282,-1.212300,0.318428,0.400428,-0.693699,-1.603159,0
0.876512,0.236538,-0.066552,0.330985,0.967769,-0.211827,-1.116612,1.029975,1
0.689245,-1.106577,2.065645,-0.088897,1.099469,-0.135558,-0.178125,-0.102138,1
2.102626,-0.644149,-0.356751,-0.859358,1.223761,-0.559325,0.129973,0.493633,1
0.684841,2.297161,-1.107819,-0.095118,-0.157448,0.795584,-0.630880,-2.151338,0
-0.971982,0.875118,-1.708270,0.309605,0.498602,1.358121,0.239446,-0.462021,0
0.696622,-0.577796,1.222023,-0.930537,0.252471,-0.560499,-0.953034,-0.041192,0
0.410404,-1.567942,0.574260,0.112643,-0.089900,0.807277,-0.834038,-0.219498,1
1.110231,-1.255141,-0.535121,1.764373,-0.753048,0.548946,0.914264,-0.363598,1
1.519100,2.119802,-1.283208,0.555477,0.504582,0.274116,0.381884,1.127349,0
-1.974786,-1.466607,0.945300,0.206508,0.400335,-0.719180,-0.965838,-1.430423,0
0.253337,0.676987,-2.762013,1.705165,1.074770,1.324965,1.878247,-0.094226,0
-0.435306,-0.168352,-1.053777,0.715792,-2.492645,1.291480,-0.435148,0.048107,1
0.448668,0.298822,0.913570,-2.889811,-0.275199,0.115169,-0.609324,-0.815923,0
-1.286905,0.639620,-0.655918,-1.171593,-0.327164,1.425415,1.824759,0.320512,0
-0.954677,0.297013,-0.464341,0.167378,-0.631277,-0.647065,0.289829,1.342258,0
-0.516464,-0.152564,0.546214,0.311956,1.066863,1.130188,-0.759554,-2.351761,0
1.896200,2.105394,-0.050561,0.470291,-0.332191,-2.144511,0.881245,-0.372912,1
0.257943,-0.129860,1.469581,1.074468,0.259242,-0.162957,-0.636149,1.447782,1
-0.936655,1.189474,-0.061406,0.652650,1.508621,0.095828,0.060626,-1.550450,0
0.489186,0.045480,-0.559139,3.026370,0.077117,0.994647,-1.288338,-0.199552,1
1.134554,1.096080,-0.143150,-1.602990,-1.018145,-0.176959,-0.169819,-0.349940,0
-0.138087,0.317115,-0.250772,0.717095,-0.634363,-0.611335,0.523476,-0.246857,1
-0.158411,0.303851,0.554049,1.339517,-0.847949,0.705517,0.352931,1.840939,1
2.029575,-0.869788,0.094769,-0.031890,0.289910,0.805451,-0.383577,-3.055659,0
-1.176227,0.951949,-1.783612,0.425470,-0.499793,-0.908437,0.161564,0.455160,0
1.298416,0.556211,0.481871,1.586946,-1.346825,-2.133365,0.372958,-0.187201,1
1.282314,1.045920,-0.611821,0.304775,0.006641,1.428484,-1.601776,-0.281793,1
-0.163015,0.942840,-1.142845,-1.442051,0.935963,-0.468754,-1.277745,2.040898,0
-0.441651,0.578363,-0.919390,1.686654,1.985160,-0.199959,-1.186714,0.602834,0
-1.197382,-1.326190,-2.539877,0.351535,-0.149730,-1.515308,0.249987,-0.188971,0
-0.327570,-1.062666,-1.652892,0.524424,0.800887,0.321202,0.765152,-0.436337,0
-0.076919,1.537128,-1.549387,-0.545881,0.585046,0.377650,-0.825792,-0.500995,0
0.848236,1.015811,0.773846,-1.361019,0.847868,0.709332,1.729903,-0.608456,0
0.190661,-0.359373,-1.317442,0.263655,0.651287,1.639941,-0.370092,0.503542,0
0.677171,0.538670,-1.510140,0.330527,0.525336,-1.925127,-0.932542,-2.068471,0
0.925000,-1.590839,1.537534,-0.126585,-0.609140,-1.046195,1.012940,0.152952,1
-0.321454,-1.402543,0.725669,2.595957,-0.699674,-0.970877,-0.204181,-2.111783,1
0.193090,0.360652,1.203401,0.566355,-1.236097,0.023020,-1.771829,0.079141,1
0.796687,-0.969186,-1.253292,-0.558096,1.451473,0.609237,0.395937,0.127142,1
-0.612282,0.214282,0.974823,0.512124,-0.347090,0.071318,1.088412,-1.580578,0
-1.815245,0.316163,-0.679957,0.435542,0.585750,-2.336104,-0.843034,-0.062568,0
0.381271,0.550932,-0.782034,-0.039999,-0.401299,-0.074683,0.853140,-0.038519,0
1.102014,-0.857845,-0.895413,0.142852,0.438453,-0.092057,1.892688,-0.901009,1
-0.992347,0.667780,-1.350967,-0.627428,1.363103,-0.563461,0.094225,-0.607388,0
2.339020,1.494201,-0.411158,1.341273,-0.328801,-1.011734,-0.434482,0.031048,1
0.632959,1.584089,1.015817,-1.355745,-1.014115,0.193237,0.178970,0.327359,0
-0.241628,0.251900,-1.090948,-0.209346,1.169654,-1.845547,0.161240,-0.763163,0
-1.841837,1.453476,-2.397769,0.556151,-0.718773,0.708826,1.373762,0.262658,0
-1.629802,-0.784606,-0.059633,-1.280252,-0.488017,0.567684,-0.993239,1.104619,0
0.121999,1.046570,-1.921567,-0.650548,2.148386,1.397188,0.550036,-0.896719,0
0.986363,-0.543068,-1.041266,0.786819,0.585425,1.092057,0.688162,0.508702,1
-0.062302,-0.238862,-0.520945,-0.372220,1.137476,-0.339550,-0.042882,0.045524,0
0.760710,-2.011753,-1.842329,-0.343816,0.440503,1.706774,1.920663,1.112787,1
-1.811914,-1.577108,0.495652,0.039901,-0.572892,-0.607275,-0.539080,0.308981,1
-0.639021,-0.686017,-1.800632,-0.114701,0.064332,0.724785,0.462321,0.158525,1
1.436143,-0.025397,-0.845728,0.042371,2.124447,-0.027335,-0.019634,-0.641152,0
-0.064574,-1.145700,-0.984289,-1.734140,-1.316994,-0.044408,1.614408,0.911533,1
0.741443,-1.286211,-1.222501,0.687678,1.016238,-1.432543,-1.027029,0.696416,1
-0.366638,0.205408,0.567223,-1.690157,1.090873,-0.608830,0.532611,-0.106289,0
-0.741369,-0.085299,0.703713,0.360373,-0.540628,0.674935,-0.671696,-0.790566,1
0.539627,1.359033,-1.213344,-0.967917,0.277372,-0.649518,1.106160,0.938154,0
-1.075531,0.026156,-0.824263,-0.062825,1.907536,0.159125,0.135861,-1.156391,0
0.334952,-0.369774,-1.634649,-2.669410,-0.343036,-1.705095,-1.662579,-0.803210,0
-0.279655,-0.484261,0.592028,1.455931,-1.478152,-0.699069,-0.463684,-0.743858,1
0.146752,1.587794,-0.340911,-0.844254,-0.332505,1.166975,-1.256748,1.158338,0
0.068141,1.177679,-0.831516,-1.674881,-0.753154,-0.395845,1.820029,1.162460,0
1.606724,-0.298764,0.202631,0.076689,0.408165,0.846049,-0.535379,0.662579,1
-0.056557,1.244075,-0.198341,0.202632,-1.323324,-0.251288,-1.753626,-2.131744,0
-1.182138,0.363084,0.201811,-0.027386,-1.185669,0.024298,0.368210,-1.216057,0
0.233849,1.556843,-1.781603,1.215526,1.225049,-0.499398,1.725412,0.335717,0
0.613261,-0.202650,0.013326,0.923976,0.810456,-0.564838,1.744530,1.234107,1
-0.290237,-1.457216,-0.038702,-0.607014,-1.257386,-0.278805,0.463522,-0.073682,0
-0.687193,0.286452,-0.958463,-1.127757,-0.061681,-0.231003,-0.527506,-0.372686,0
0.738885,-0.230396,0.380414,-1.529667,-1.295716,-0.066093,-1.199080,-0.970174,0
0.040806,0.509578,-0.632269,2.416802,0.484537,-0.591658,-1.357721,-0.165628,1
0.278067,1.700341,0.787197,-1.204548,0.509965,0.619791,-1.140370,1.458822,0
0.259927,-1.860288,0.535469,0.091027,-0.621682,-1.204874,0.218246,0.647205,1
1.709087,-0.476120,1.765089,-0.634004,-0.194932,0.327234,-0.721139,-0.384648,1
0.939867,-0.530772,1.682828,-0.356108,-0.841499,1.098657,0.262480,1.043154,1
0.858198,2.007849,-1.434134,0.057729,-0.133567,-1.050467,-1.744377,-0.012739,0
-0.244368,-0.913556,-1.140252,-0.161969,-0.954194,0.069847,0.814472,-0.463085,1
2.556765,-0.455620,-1.846522,0.931448,-0.378831,-0.683003,1.178291,-0.568278,1
0.881271,0.038836,-0.783965,0.804609,0.792035,0.961971,-0.720210,0.547184,1
-1.356067,-0.588240,1.372917,-0.829591,0.433747,-0.308305,0.448690,0.138645,0
-0.751258,-0.349879,0.180097,-0.829016,-0.650113,1.603428,-0.946849,-0.573970,0
-0.530205,-0.068658,-1.153801,0.708770,-0.482569,0.932632,0.950447,0.062721,1
-0.019533,-1.354596,0.537472,-0.336443,-0.228835,0.217287,-0.944389,1.064429,1
0.605608,1.061186,0.696386,-0.956446,0.263155,-0.262677,-0.141020,-0.351513,0
-0.420286,-0.657894,1.219100,-1.125963,0.033908,-0.615481,-1.123902,-0.367758,0
-1.319779,0.147880,1.768559,-1.183796,0.721149,0.754324,-1.179148,-0.266744,0
0.782050,1.655563,-0.482928,1.277357,1.201136,-1.535038,0.449318,0.076144,0
1.493670,-0.257537,-0.050836,-0.661826,0.064114,0.523932,0.745132,0.108881,1
-1.102207,1.184220,1.789797,-0.874259,-0.195240,0.148316,-0.797088,-1.189877,0
-0.880420,0.454734,-0.131793,-1.829516,0.183661,-1.847677,0.319889,0.887832,0
-0.979894,0.755564,-0.273493,0.125194,0.186890,0.652337,-0.506888,-0.090116,0
0.547628,-1.666956,-0.462801,0.381359,0.173691,-0.381256,-0.626431,-0.058526,1
-0.287317,-0.384675,-1.143397,-1.458437,0.071914,1.004135,-0.393509,0.881423,0
-0.868192,-0.368317,0.206636,0.086949,-0.231113,-0.882045,-0.459507,0.943110,1
0.060025,-1.858288,0.961339,1.151073,-0.118306,0.575336,0.371780,-1.663513,1
-0.000232,-0.328297,0.667879,-0.250353,-1.344666,0.994963,0.793609,-0.248245,1
0.209036,0.707814,2.139752,1.549563,-1.747910,0.031018,0.869689,-0.336753,1
-0.348529,-1.333443,1.028195,0.121338,1.171102,-0.282097,0.822905,0.865882,0
-0.752737,-0.275637,-0.680945,0.924861,0.474408,1.053887,-1.442490,1.285551,1
-0.349840,-0.070347,1.681117,-0.393586,1.971960,-2.524992,0.366078,-1.972065,0
-0.518881,-1.038413,-0.700339,0.141134,-0.859122,1.005057,-2.297414,1.951232,1
-0.189875,-0.845253,-0.419426,-1.283579,-1.086118,0.585860,2.320357,-0.833034,0
1.052618,0.157346,1.548777,0.091885,-0.694050,-0.852390,-1.777850,0.788696,1
-0.158894,0.121249,-0.175945,-0.196737,0.701255,0.983173,0.994977,-0.389617,0
0.619906,0.532211,0.951228,1.258888,0.043819,0.777151,1.043988,0.341797,1
-0.519222,0.396964,-0.240322,0.153588,1.435680,0.522609,-0.360103,0.734549,0
0.554084,-0.528736,0.139001,0.773065,-0.899911,-1.325105,0.080531,-0.868506,1
-1.175136,0.009663,-2.843551,2.961329,0.296707,-0.176887,-1.609081,-0.210309,1
1.174821,-1.100794,-1.898108,1.101174,1.373092,0.166942,1.884767,-0.635124,0
1.099954,0.296981,0.067395,0.781199,-1.093988,0.378937,2.046265,0.480425,1
0.365246,0.249956,0.026043,1.221510,0.947010,1.610588,-1.165570,0.810291,1
0.153192,0.015660,0.689767,-1.403694,0.044910,-2.241656,-0.147553,-1.006308,0
0.273553,-0.130386,0.695308,0.926087,-1.079429,0.421087,-0.987904,0.382996,1
-0.412461,1.940098,-0.337304,1.307554,0.539918,0.817277,-0.579769,0.345581,0
0.964911,-2.815913,0.010549,0.187775,-1.165092,1.859368,0.980822,-0.031008,1
0.793732,0.203003,-0.341268,1.380269,0.046793,-1.019655,-0.374567,-1.527319,1
-0.584050,-0.874321,-0.073161,2.085026,-0.141279,0.642820,0.618541,-0.534783,1
-0.174669,0.529897,0.964035,-1.588632,0.039473,0.102657,-0.986783,2.083505,0
-0.375277,2.629015,-0.083983,-0.644391,0.657749,-1.190132,1.333180,0.934359,0
1.567496,2.682733,0.670035,0.381433,-1.249468,1.255521,-0.290852,-0.868631,1
0.798905,0.388380,-1.500616,-0.532098,0.793964,-0.228967,-0.578266,2.018891,0
-0.379690,-0.707470,-1.265442,-0.179968,0.954905,-0.994838,-0.248552,1.007670,1
-0.163658,-0.694904,-0.796975,-0.673724,1.491636,-0.850084,-1.004912,-0.642234,0
0.901988,-0.387292,0.633173,-1.656151,-2.918079,-0.507898,-0.905274,0.732467,1
-2.023821,0.599964,0.989305,1.702722,0.978067,-1.119753,-0.180623,-0.489899,0
0.338051,0.865399,0.025352,-0.759395,0.381850,-0.160074,2.604411,-0.731994,0
1.404354,-0.696039,-1.464898,0.600691,-2.002983,0.941171,0.185688,0.832539,1
-0.135896,2.130782,0.925225,1.053814,-0.049610,0.043718,1.955280,-0.912117,0
0.177284,1.082430,-1.028950,0.192969,-0.018793,-0.837396,-0.333988,-0.110538,0
1.022791,-0.374816,0.870687,-1.046828,2.059504,0.290838,-1.098933,-0.060658,0
0.521352,-0.523444,0.832952,0.531076,0.205680,0.882486,0.280492,-1.236109,0
-2.821524,2.936801,0.466847,1.127751,0.588308,-0.819155,-0.004351,-1.341254,0
0.225579,-1.203337,-0.398921,0.085943,-0.723552,-1.783745,-0.457831,0.341427,1
0.010945,0.981534,0.298857,-0.089934,0.619805,0.924675,1.173472,0.330571,0
-0.305861,0.213228,-0.510218,0.965066,-0.531502,1.233329,0.589666,0.724307,1
0.990068,-0.127035,-1.043503,1.056681,-0.470471,1.994538,-0.338184,-0.370232,1
-0.719869,0.225355,2.405378,2.453829,-0.039501,-2.309078,0.674515,0.518461,1
-1.865370,0.442552,0.078779,0.407211,0.200646,0.128497,-1.169970,0.041445,0
-0.285045,-1.458381,-1.338689,0.942734,2.179564,-1.663640,-0.090134,0.833443,0
-0.852632,-1.896013,0.210473,0.666795,-0.065659,-0.277053,1.272626,1.316941,1
0.840450,1.374830,-1.065335,2.128532,-0.898214,0.861325,1.011256,0.169437,1
0.924527,0.172661,0.444692,2.164340,-0.816726,-0.114670,-0.434868,1.234785,1
0.577612,-1.131709,0.175680,-0.700129,0.278800,0.518988,1.289925,0.130627,1
-1.261675,-0.414186,-0.684640,-1.534668,-0.455732,1.429632,-0.732092,-0.982595,0
0.757064,-0.484616,-0.847955,0.444185,0.129271,-1.236652,0.111114,-0.234633,0
0.285891,0.169598,0.422540,-1.110718,0.054281,-0.448821,-0.394403,0.202691,0
-0.155089,0.410670,-0.297467,2.087330,-0.318268,1.571963,0.134680,1.536298,1
1.391281,-0.996544,-0.424535,-1.637387,0.409085,-1.056865,1.169250,-1.940911,0
0.845208,1.549780,-0.354980,0.422820,-0.129104,-0.508949,-0.519729,0.798389,1
-0.291999,-0.790058,-0.265056,-0.235498,0.983836,-2.458536,-0.539051,0.699793,0
2.688243,-2.331524,0.584490,-0.654686,-0.978114,1.450130,-1.594707,0.426819,1
-0.458304,1.480414,-0.909339,-1.228824,1.661012,-0.285993,2.055129,-1.477257,0
-0.355112,0.247478,-0.910876,1.601355,0.753779,1.725243,0.860782,0.197527,1
1.295852,-0.939560,0.975214,1.520361,-0.361918,-0.988377,1.581357,0.999137,1
-0.752278,0.495276,1.746607,-0.717934,-0.852275,1.523194,-1.265575,-0.443262,0
-1.209583,0.805040,0.104289,-1.145681,-0.541571,0.174260,-0.550857,1.415616,0
2.291995,0.382357,-0.040573,0.707184,-1.332227,-0.488996,1.061864,-1.063836,1
-0.110671,-1.132078,-0.367138,-0.281103,0.230845,-0.466258,-0.109348,0.369833,1
-2.144015,-0.812132,0.465666,-0.783580,-1.223502,-0.045415,0.311789,0.048585,0
-1.234604,-0.097312,-0.097369,0.858494,0.388051,1.270647,-1.172205,-0.251780,0
0.071075,-0.844246,-0.419014,-0.451168,-0.537658,-0.445826,0.149401,-0.027184,1
-0.301242,0.588679,-0.025307,1.108465,0.269407,-0.682296,0.754127,-1.447439,0
1.228918,0.232579,-0.268864,0.678914,-0.838100,-0.993536,-0.174378,-1.478924,1
-1.457383,-0.057462,1.051158,-1.343500,0.606737,1.003408,0.852892,0.512320,0
1.008190,1.080694,0.106372,-1.676136,1.031997,1.067064,-1.374492,-0.408683,0
2.355652,-1.003828,1.645271,-0.627684,-0.358320,-0.125479,0.399404,-0.059455,1
0.766277,0.796243,-1.541260,-0.556254,-0.984484,-1.564839,1.688669,1.797781,0
1.277512,-0.223139,-0.654764,1.155840,-0.683121,-1.543575,-0.273981,-0.359611,1
-0.750707,-0.002332,0.825007,1.052750,-0.638189,-0.240649,1.290571,-0.899756,1
1.927457,1.295964,0.451133,-0.851333,-1.091893,-1.034639,0.365997,-0.716164,0
-1.581855,0.636395,0.959014,0.260682,-1.280087,0.728428,-0.692910,-0.718720,1
1.425881,-0.591811,0.146413,-0.141350,-0.095609,2.425408,-0.068822,0.254448,1
1.238019,0.109299,-0.485028,-1.922667,-0.049384,-1.370402,-0.458055,-1.070699,0
0.018021,-0.647760,0.237495,0.090104,-0.119908,-1.411180,1.437689,0.373939,1
-1.897595,-0.219658,0.830033,-0.018394,0.490687,-0.425882,-0.932169,0.907252,0
-1.783718,0.083569,1.597284,-0.585750,-0.376316,-0.435419,2.161827,2.206933,1
-0.328914,0.644296,0.057049,0.991420,-1.067103,1.006679,-1.577698,-0.073082,1
2.164317,0.727042,0.217741,0.210210,-0.166070,-0.652440,-0.226963,0.613625,1
2.451224,-0.208228,0.203426,1.106868,-0.659651,-1.646467,0.182553,-0.620853,1
1.019869,-1.034879,-1.512713,-0.572953,1.275635,-1.901645,-0.749046,0.073665,0
-0.307931,-1.276039,-1.092456,-1.244215,-0.581936,-1.497300,-1.655080,-1.652533,0
0.301425,-0.601173,1.061741,-2.240916,-0.716311,-0.642013,-1.750260,1.291040,0
-1.230696,-1.712108,-3.107686,-0.523268,0.224429,0.450711,-0.175397,2.232784,0
0.881240,-0.573499,-1.747282,0.328703,-0.170092,-0.099675,0.418062,-0.178785,1
-0.087851,-1.469782,-0.617759,0.371396,-0.547517,-1.955515,1.298821,0.028813,1
-0.962490,0.814115,0.891940,1.981686,-0.115000,-0.280711,-0.999961,0.984324,1
0.560332,-1.654622,0.106893,-0.578982,0.516000,-0.170257,0.489696,-0.022556,1
1.370562,0.454207,-0.532086,-0.060385,1.989964,0.735982,-1.563248,-0.379131,0
-1.487071,-0.562064,0.001105,-0.789386,-0.067390,-1.622081,-0.244126,-0.284215,0
0.018272,-0.481602,-0.017802,0.371034,0.707373,-0.513599,-0.688924,-1.518387,0
1.499548,-1.712487,2.142618,-0.551644,-1.338782,-2.239764,1.334500,0.245081,1
-2.391314,-0.180171,-1.946911,-1.836687,1.120891,0.748899,-0.420257,-0.663536,0
-1.181843,-1.321833,-0.030639,0.940816,0.752529,-0.979712,-1.203732,-0.510736,0
-0.819662,-1.339716,1.005849,0.898858,-0.833453,-0.386171,2.017326,1.445098,1
0.334004,-0.632239,-0.214838,-0.813877,-0.401201,1.402323,-1.378096,-0.142571,1
-0.376312,1.081209,0.598276,0.789529,-0.485369,1.749642,0.358942,1.078505,1
-0.836453,0.680720,1.576667,1.792927,-0.915121,-1.240247,2.198290,-1.085232,1
1.696516,-0.140519,2.132613,-0.468161,0.064090,-0.479488,0.259085,0.156428,1
0.926671,-1.805085,-0.402970,-0.054930,1.157881,-0.455694,0.194445,-1.266617,0
1.836423,-1.117492,0.376337,-2.700024,-0.737944,1.022746,0.661061,-1.955609,0
1.131940,0.986234,0.094163,0.166205,-1.097766,0.917677,1.217949,1.464838,1
0.484757,0.927227,0.425001,0.538386,-0.278088,0.014478,-0.762591,-0.301283,1
-0.093017,0.783272,1.452871,1.517939,0.448855,0.151244,-1.056516,0.079360,1
0.924633,-0.050191,0.191941,0.262547,-0.129575,1.334291,1.643738,0.202557,1
-0.327683,-0.071457,0.137131,-0.106985,-0.401205,0.038262,0.379929,-0.634353,0
-0.175051,0.202538,0.316753,0.482002,0.343265,1.336867,-1.036065,-1.253962,1
0.100705,-0.985092,0.966105,-1.386813,0.382537,1.607628,-0.159300,-0.299518,0
0.302650,-0.297736,-0.086510,-1.190226,-0.270457,0.894774,0.854319,-0.287306,0
-0.769889,-0.495060,1.798333,0.328889,0.440533,1.209278,0.338533,0.517504,1
2.030456,-0.403875,-0.894940,0.151970,-0.039008,-0.382730,1.263092,0.319344,1
0.788082,0.296046,0.761424,-0.435509,-0.126497,0.942826,1.673884,-0.112213,1
-1.048042,-0.372223,-0.534415,0.089562,0.092804,0.012213,-0.628617,0.405414,0
-0.595270,-0.159185,-2.262402,0.564175,-0.127823,1.923580,0.881034,-0.908214,0
0.055095,-0.852107,-0.673107,0.630727,0.956843,-0.771810,-0.483723,0.173538,1
-1.380713,0.577373,-0.968384,0.667198,0.180737,-2.700102,1.404457,-0.157235,0
1.079419,-0.087428,0.113618,0.767823,-0.130368,-0.880942,-1.721368,-0.044063,1
-1.022473,1.080802,1.660098,0.869335,-1.027658,-0.890664,-0.038255,-1.657641,0
1.369022,-0.766135,-1.230133,-0.064996,1.495381,-1.933501,-2.403443,1.247907,1
0.824938,0.337839,-0.782301,-0.836628,-0.897260,-0.298587,-0.509768,0.369075,0
-1.329450,0.916575,0.372762,0.257031,1.264927,-0.311278,2.193147,1.331251,0
0.278098,-0.425041,-0.393097,-1.359621,-1.948351,1.659851,1.063302,-0.284674,1
0.805252,-2.007501,0.539157,1.562477,0.289292,0.752383,0.688580,-0.998241,1
-0.079745,0.251440,1.812089,0.195130,-2.567327,1.205673,-0.369523,0.833351,1
0.177488,1.394427,-0.761518,1.467991,0.137194,0.212822,1.165635,-0.085859,0
0.372118,-0.597328,0.274207,0.558299,0.829797,-1.158572,-0.316511,-0.041788,1
-0.199928,1.520549,0.020486,-1.199186,0.855261,-1.008093,1.040122,-0.743274,0
1.572957,-1.773022,-0.475050,0.926595,-0.195455,-1.297756,-0.389395,-0.921738,1
-0.516483,-0.929018,0.224337,-1.996612,0.666164,-0.566578,-0.788057,-0.925639,0
-0.518577,-1.888635,-0.756142,0.641780,0.402853,0.621072,1.384827,2.849331,1
0.962089,1.288904,0.798707,0.188023,-2.305733,-0.537625,0.363535,0.037138,1
0.162606,0.302910,0.338118,1.495687,-1.783730,1.627737,-1.313972,-0.447698,1
-0.491281,1.709690,-0.245519,0.504931,-1.080030,-0.936137,-0.114995,0.551488,1
-0.031384,0.859240,0.825822,1.923701,1.834960,-0.914521,-0.027757,-1.139011,0
-0.143596,0.376004,-0.083626,-1.433569,-0.131785,-0.130923,1.246164,-0.579405,0
0.549221,-0.365604,-1.881923,0.353507,1.361079,0.381142,1.553989,-0.430304,0
-1.522579,-0.602110,1.608290,0.783635,2.394820,-1.367628,-0.278773,0.966351,1
1.060553,-0.848321,-1.344807,1.290394,-0.047770,-0.154185,-0.798012,-1.198770,1
0.630092,0.109559,-1.810287,0.565505,-1.711765,0.334380,-1.147651,0.930102,1
-0.055475,1.501478,0.117608,1.147528,1.421890,-0.894857,0.547460,1.272409,0
-0.509198,-0.376016,-0.712470,-0.992230,1.147266,-0.913716,-2.075997,-0.624417,0
0.017570,-0.219463,0.555352,-0.564323,0.319587,0.340927,-0.179830,0.691343,0
-0.950479,-1.434196,2.146494,-1.267878,-0.714300,0.047286,0.294430,-0.195240,1
-0.327736,0.072904,-0.345842,-0.743274,0.242914,0.332912,-0.353387,1.090974,0
0.705821,1.095077,-0.924779,-0.442302,0.082872,-1.300196,-0.001875,0.092859,0
0.327894,1.758187,-0.386071,-2.463117,1.007010,0.733001,0.649121,-0.683892,0
-1.106573,0.150928,0.081845,-1.501949,0.025720,-0.561522,0.040229,0.557814,0
-1.301116,0.846274,-0.502558,0.819836,-0.074380,0.854584,-0.349718,0.583682,1
-0.204883,1.321216,-0.900437,0.929713,0.614829,-0.155596,-1.583148,-0.090166,0
0.531049,-1.853751,-0.309448,0.771621,0.837084,0.304749,0.670087,-0.204997,1
-0.320449,-0.241788,-0.442241,1.074437,-2.557261,1.056292,0.862116,2.262487,1
0.015196,0.417173,-0.579258,0.638571,1.661582,-0.755999,-0.421646,0.357343,0
0.279323,-1.116842,-0.891951,0.963157,0.415000,-0.392431,-0.055369,-0.615187,1
2.111169,1.235147,0.721669,-1.092456,0.621323,0.064381,-0.844386,0.630809,1
-2.870658,-1.769306,-2.194603,0.740250,-2.045071,0.451008,0.234217,0.566446,1
-1.369438,1.574618,-2.475708,2.219267,-0.578256,0.725366,-1.354555,-1.464567,0
-0.148599,0.651969,-0.342322,0.875772,0.862594,0.889449,0.613038,1.722099,1
-0.942229,0.915023,-0.328557,1.085839,-0.694956,0.476938,0.477527,-0.347520,0
0.715015,0.093134,-0.666890,-0.285687,0.433521,0.046591,1.118406,-0.864658,0
-1.682772,0.509583,0.651638,-0.002223,0.506596,-0.420102,-0.657334,1.261803,0
-0.350086,0.586336,1.164562,-0.209919,-0.317176,0.000476,0.973720,1.253353,1
0.760253,-1.370272,1.278917,1.615624,-0.814723,0.407232,-0.145203,0.350181,1
3.242660,-0.630487,1.367565,0.067834,-0.248753,-0.129521,-0.297456,0.093202,1
-0.462977,0.002566,1.500792,0.110177,0.558654,-1.032491,1.820576,0.093226,0
2.281317,0.716759,0.477115,-0.220704,-1.112278,0.244802,-1.047218,-0.292568,0
0.156189,0.498211,2.135711,-2.064970,-0.320662,-0.741089,-0.181802,0.257944,0
-0.652952,0.692546,0.221898,-0.326860,0.125528,-0.412116,-0.832118,-1.291178,0
0.246497,-0.681591,1.369731,0.432898,1.837995,1.368570,-0.179166,-0.376846,1
0.783608,-1.532492,1.115614,-0.313528,0.378783,1.997030,-0.005345,0.118563,1
0.291231,-0.315174,-0.118612,-0.199202,-0.857994,0.025171,-0.169064,-0.546475,1
0.096213,-0.037562,-1.176975,0.173834,-0.925872,-0.136591,-1.166453,0.781210,1
0.711434,-1.227756,0.122914,-0.193819,1.781524,1.396613,-0.671967,-0.594740,0
0.526611,-2.160277,1.129412,-0.991581,0.076801,-0.417896,0.394039,-1.997401,0
-2.844151,1.204273,0.113033,-1.626148,-0.947710,1.731300,0.759740,-1.238040,0
0.268002,0.305660,-0.286618,1.376446,-1.345453,0.287908,0.820324,0.951562,1
1.240721,-1.255560,-0.020787,-0.379723,-0.064125,-0.990541,2.665255,1.436240,1
0.251021,-0.561257,-0.325045,-0.463380,2.024978,0.147507,1.574178,-0.156729,0
0.728034,1.115422,0.272656,0.529234,-0.566343,0.590740,0.033593,-0.354894,1
-0.259761,0.193770,-0.118310,-0.433807,-0.384579,0.685644,0.420153,-0.393615,0
0.664115,-0.900625,0.317543,1.926644,0.426506,-0.223768,-0.245257,0.449969,1
1.880606,-0.025495,0.650337,0.752176,-0.437985,-0.060621,1.858698,-0.388118,1
0.532640,1.278872,1.362180,0.162230,0.611595,0.437619,1.779109,-0.905852,0
-0.258080,0.447767,-0.225624,-1.183749,-0.885787,-1.725475,2.421436,0.979756,0
1.820685,0.318148,-1.174002,-1.951208,-0.586384,0.491531,0.001282,-1.767174,0
0.836899,1.313728,-1.417319,2.012205,0.950143,1.516134,0.814711,-1.081874,0
-0.480131,0.896435,-0.925180,1.111779,-1.868707,-0.771370,-0.917162,-0.920004,0
0.372366,-0.850192,-2.718081,1.808118,-1.531637,-0.618828,-0.316287,0.691066,1
0.257417,1.087796,-1.918846,0.589433,-1.896755,-0.886358,1.147012,0.343471,0
0.683909,-1.348574,-1.095581,-0.352194,-1.263810,0.507035,1.835438,-0.459630,0
-0.105453,-1.799246,0.890273,-1.917091,-1.406419,-0.773580,1.514244,-0.466109,0
0.478690,1.116377,-0.364448,1.174235,0.108257,2.291034,-0.380607,0.364836,1
0.820383,-1.773801,-0.437194,-0.372508,1.165101,0.375354,-0.478853,1.690675,1
0.230974,0.269360,0.931752,0.682476,-0.665239,-0.570501,-0.652849,0.926550,1
-1.105001,1.069824,-1.446292,1.121898,2.096508,-0.023826,2.157000,-2.594086,0
0.389762,0.605655,0.508175,1.609629,-2.502894,0.002032,0.448234,-1.816828,1
1.204331,-1.393317,-2.413733,0.285763,0.033550,-1.415942,-1.093502,0.436363,1
-0.058699,-1.485814,1.669804,-1.162040,-1.114253,1.531375,0.415139,-1.919467,1
-1.367853,1.285547,0.823640,0.164067,-0.716296,-1.751075,1.060901,1.231192,0
0.390644,-1.751052,-0.525139,-2.665322,-1.057151,0.561414,0.185297,1.096912,0
0.667504,1.619280,-0.050012,-0.799833,-1.244861,-1.595440,-0.947432,-0.524864,0
-0.586676,-0.799692,-0.857782,1.337965,-0.089766,-0.615357,-0.192270,-1.329949,0
0.147949,-0.084326,-0.586754,1.119235,-0.387940,-0.662509,-1.317472,0.511048,1
0.608344,0.297731,-0.203804,-2.202432,1.100544,-0.165906,0.413026,-0.395296,0
0.008146,0.794791,-0.251600,0.397330,0.166648,0.641493,2.090666,-0.360591,0
-0.657999,-0.222759,-0.866225,0.399765,-3.105432,-0.601704,-1.311616,0.685559,1
-0.113065,0.844044,0.947130,-1.223212,0.367351,0.190289,0.096343,0.047058,0
0.475732,0.274657,-0.503354,-0.415005,-1.405811,-1.749070,-0.796594,0.554477,0
-1.029881,0.213469,1.088855,-0.000720,1.125642,1.095278,1.410717,1.965352,1
-0.603179,1.025750,0.021248,-1.031261,-0.828402,0.861080,2.005193,1.491046,0
1.407949,-0.192135,-0.734464,0.512726,1.011164,-0.730320,0.323109,0.629707,0
1.172117,0.886840,-0.225838,1.040761,0.717080,-0.783514,0.624485,0.896895,1
1.315891,1.763812,0.399142,-0.032475,1.565796,0.364123,1.302329,0.462528,0
-0.271141,0.695405,-0.943218,1.576504,-0.201149,-0.173525,-0.648205,0.848641,1
0.280700,-0.643983,1.170068,-0.396390,-2.162272,-1.067276,1.700331,-0.500003,1
-1.401990,-1.170843,-0.447010,-0.182544,0.207017,0.405320,0.675663,0.494848,0
-1.081832,-1.291308,0.008074,-0.041178,0.111020,0.734833,0.958322,-0.108740,0
0.108803,-1.157911,0.063412,-1.150724,0.214514,1.431377,-0.406152,0.170055,0
-1.325371,-0.588941,-0.367295,1.452814,-0.255672,0.212553,0.511412,-0.307905,1
0.688285,-0.380624,1.660583,0.600465,-0.755277,0.361374,-1.001397,1.386460,1
-0.213578,0.294927,1.020863,-0.074266,1.650368,-2.372723,-0.511713,1.277474,0
3.288799,1.143267,0.421242,-0.626575,-0.764897,0.538310,-0.890152,-0.239112,1
-0.712161,1.760453,1.007434,1.816490,1.885336,-0.087300,0.193485,-0.339404,0
0.410776,0.434261,1.185000,-1.275740,-0.957291,1.025929,-0.560453,-0.588143,0
0.088745,0.226920,-0.886506,-0.257707,-1.433841,-0.071122,0.848031,-1.389576,0
-0.107293,0.216639,-0.969154,1.524291,0.128827,0.119629,1.424432,0.113662,1
-0.977969,0.554393,1.044117,-1.481905,0.423531,0.182211,-0.448645,-2.685234,0
-1.505871,-0.602034,-1.623321,0.413911,-1.415728,-0.848855,-0.758496,1.431347,1
-1.458980,-1.073242,-0.589346,0.138276,-0.635244,0.881609,0.293730,-1.764092,0
0.567794,1.327543,2.464976,-1.063263,0.622546,-0.828880,-0.822947,0.735174,0
1.174836,0.882603,-0.286069,0.382891,0.709948,0.040911,-0.205812,1.013950,1
1.077301,-0.876937,0.178369,1.649060,-0.929542,-0.098656,-0.823566,0.312733,1
0.643076,-0.815568,0.829566,-0.710615,1.291748,0.235035,-0.122227,1.327376,1
-0.872889,-1.193633,-0.358998,1.790085,-0.831691,0.364971,-0.292609,-1.030120,1
0.176409,0.206191,1.908299,0.867170,-1.247028,1.815692,-1.737922,-0.316351,1
0.038450,-1.515587,0.140520,-2.376879,2.094394,-0.208965,-0.270195,0.375835,0
0.437374,0.103159,2.206814,1.254346,-0.830804,-1.321404,0.751071,1.304493,1
0.227690,1.554914,1.386499,-0.596849,-0.180191,1.323598,-0.395172,0.449367,0
-1.368765,-0.350098,0.203579,0.180238,0.951433,-0.450101,0.147039,-1.252958,0
-0.312798,-2.216161,-0.443749,-0.741539,0.296484,-0.457057,0.106883,1.886246,1
-0.545646,0.029544,-2.228437,-0.995966,-0.310845,0.714818,0.920455,-1.157637,0
-1.973122,-0.512001,1.571669,-1.020810,-1.948836,-0.462567,1.297987,0.319420,0
-0.054961,-1.387346,-0.634199,1.658594,-0.491587,-0.087289,0.417901,-0.142576,1
2.405592,-0.403009,0.437104,0.397410,-0.888539,0.639295,-1.620471,1.192459,1
0.067245,-0.377804,0.803174,-0.159247,-0.291092,0.007854,-1.412226,0.804189,0
-0.733836,0.220500,0.393400,1.228639,0.158536,-0.547235,0.613107,-0.510173,0
-0.627290,1.044096,-0.225561,0.245638,-0.342847,0.045065,0.294239,1.248398,1
-0.293419,0.915603,1.583617,0.319806,-0.538653,-1.242137,0.088060,-0.285340,0
-0.749492,0.692910,-0.610469,0.630683,2.175365,-0.185724,1.094850,-0.016361,0
-0.379760,0.192810,-0.259423,-0.440612,0.672846,0.493379,-0.249440,0.039415,0
1.230245,-0.093047,-1.641103,0.213040,-0.340220,-0.710256,-2.161734,0.407944,1
1.797507,-0.721645,0.609464,0.301222,0.887568,-0.234542,-0.533430,-0.345187,1
0.369357,-0.036916,1.973880,2.449213,1.541000,0.972963,-0.514432,-1.080029,1
-0.732706,0.986304,0.186579,-0.551423,0.868074,0.483238,0.646667,0.217306,0
-1.298749,0.658564,-0.503292,0.876238,-0.227230,0.016114,0.735437,0.441807,0
0.112594,-1.296778,-1.539504,1.452906,0.410135,-0.642120,-0.516839,-0.576876,1
1.442666,0.126206,-0.630713,0.062516,-0.743910,-1.608887,1.285899,0.816806,1
-0.554516,1.436162,0.177315,-0.840617,-0.799280,-0.326198,1.207825,0.367643,0
1.316777,1.524156,0.907398,1.836449,1.474988,0.912399,-2.856677,-1.242779,1
1.369987,0.665468,1.998048,1.471865,0.430055,-0.179090,0.158961,2.002598,1
0.099616,2.477687,-1.323561,-0.738743,0.187055,0.840545,-0.220051,0.844837,0
0.900836,-0.227720,-0.038723,2.272605,-1.376277,1.164649,-0.860933,0.146464,1
1.519170,0.781264,-1.050087,0.025899,0.788606,1.194582,-1.082481,-2.013538,0
-0.216631,0.797806,-1.545962,0.072088,0.651445,0.719495,1.471019,0.204575,0
0.425889,-0.059953,1.828047,1.972424,-0.112715,0.276217,1.502002,-0.458794,1
0.872113,1.127627,-1.086443,2.031860,-0.099046,0.150870,1.431353,0.448597,1
-1.362722,-0.647295,-1.008387,-1.569213,0.069395,-0.233147,-1.181532,-0.445956,0
-0.204952,-1.331451,-2.275954,2.013803,1.281841,-0.208551,1.260397,-0.276720,1
1.082202,-0.117820,-0.541639,1.017090,-1.548263,1.263984,1.290553,0.251067,1
-1.695895,-1.061202,-1.080948,0.736773,0.714241,-1.213762,0.388572,-1.598567,0
-0.058510,-0.193322,-0.269134,0.119994,-0.702606,-0.823183,0.250415,1.571447,1
0.101128,-0.786130,-0.165766,-0.260898,-0.822823,0.271749,0.188106,-0.045706,1
1.745561,-2.484411,0.272219,-0.232467,0.133749,-0.668753,1.570482,0.429793,1
0.939189,-0.084841,0.430596,1.773344,-1.060452,-0.478692,0.687721,-0.457819,1
1.051503,-0.132116,-0.425977,0.158336,-0.813422,1.329903,-0.090173,-0.239320,1
-0.487918,1.431595,0.596427,0.930474,-0.220146,-0.181405,-1.524284,-0.421242,0
0.534265,0.857355,0.277366,0.245924,-0.664958,0.847448,1.085041,-0.469803,1
-1.739416,2.056556,1.387513,0.923187,-0.568751,-0.556413,-0.732686,1.228959,0
1.267281,-0.623851,0.509388,0.594451,0.648098,-0.897227,0.046012,-0.539065,1
-0.362875,1.318559,-0.040355,0.930579,0.457600,-1.365626,0.437980,-1.020005,0
1.262211,-0.687566,-0.256597,-1.692061,-0.265655,0.128515,0.574987,-0.551991,0
0.201233,-1.916898,0.505090,-0.201648,1.131603,-1.491197,0.714684,-0.584904,0
1.420632,-0.000296,-2.218195,0.348924,-1.273334,0.302400,-0.995061,0.460194,1
-0.019328,-0.656530,1.191009,-0.118046,-0.527007,0.223082,-2.129273,-0.497546,1
-0.087237,0.962081,0.325902,1.422094,1.874995,-2.411180,-1.953826,-1.534186,0
-0.654379,0.301574,2.214904,-1.764195,-0.197271,0.984614,0.790624,0.638725,0
-1.863910,1.480379,1.109152,0.368882,0.059129,0.214412,-0.622285,0.046886,0
0.184787,-0.442271,0.300322,-0.451283,-1.500904,-0.362200,1.683450,-0.252041,1
-0.819742,1.326159,2.197464,-0.509375,0.249142,-0.261286,0.163520,-0.988865,0
1.161008,1.572493,0.624566,-0.447698,-0.740813,-0.999493,0.816162,0.672605,1
1.596145,-0.340871,0.412808,-1.190712,1.368775,1.346438,1.251033,0.006726,0
0.722620,-1.432855,2.198617,-2.725109,-2.803879,0.008018,-0.414201,-0.469454,1
1.903985,0.740999,-1.253608,-0.122460,0.549803,-1.011257,-0.935559,0.806416,1
0.668493,-0.280006,1.761341,-0.533130,-0.198610,0.276975,0.367504,1.525225,1
0.241469,-0.459124,0.801023,-1.484378,-1.097284,-0.777944,-1.434757,2.075324,1
-2.230190,2.006275,-1.047411,0.868712,-0.838623,-0.294975,-1.517790,-0.134900,0
-1.096061,-0.726198,-1.351987,-0.231347,-0.338454,-0.203168,0.242290,-0.078537,0
0.480382,-0.844561,-1.572733,0.520189,-1.926678,-0.128149,-0.494653,-0.104191,1
-0.180601,-1.446594,-1.529870,-0.375312,0.421852,-1.236948,-0.206151,-0.426958,0
-0.303742,-1.201748,-0.469499,1.142439,1.586396,-0.370533,-0.022371,0.745208,1
1.393148,-0.549957,0.263092,0.386309,1.061145,-0.038652,0.139202,-1.117119,1
0.141170,1.574703,0.755647,-0.202880,1.200312,-0.526139,0.955401,0.346403,0
-1.175056,0.190824,1.187165,0.512751,0.006533,0.800532,-0.565505,-1.174108,0
-2.531804,-0.281837,-0.162453,-0.097221,-0.966288,0.657132,0.475038,-0.162977,0
-0.056869,0.606862,0.269221,-0.541209,1.701411,1.896257,0.727742,1.010646,0
0.903259,0.291182,-1.412254,0.783950,0.243330,0.846845,0.693208,-0.066940,0
-0.480448,-0.728716,-0.450330,1.756591,-0.712766,0.411769,0.074990,0.147415,1
-1.509059,-1.019515,0.303601,0.179714,-0.088069,1.410316,0.515850,1.177318,1
-0.131238,0.639681,0.899999,-0.702022,0.814064,-1.227920,1.013374,-0.997449,0
-0.429001,1.189290,-0.913848,-0.305246,-0.519016,0.516323,-1.357040,0.704126,1
1.052434,0.760862,2.014821,0.451108,-1.528484,0.907575,-2.484365,-0.068661,1
0.154506,-0.314518,1.314077,-0.731508,2.247725,-2.170424,0.101847,-1.512289,0
1.202214,1.643773,-1.011671,1.431110,0.052398,-0.854159,-1.236350,-0.007922,1
0.070089,-0.367159,-1.831536,-0.582780,-0.611002,0.384560,-0.246851,-0.013694,0
1.614843,1.433009,-1.082512,-2.348086,0.328922,-0.452736,-0.809995,-0.082914,0
-0.547713,0.554411,-0.684067,-0.458036,1.379773,-1.439158,-2.746296,0.484372,0
-1.022708,0.132947,0.064402,1.444167,-1.703860,1.433934,-0.243472,0.517858,1
-0.031452,-0.288834,0.891029,1.538173,1.478095,0.960957,-0.252630,-0.121161,1
1.014597,0.866963,0.301618,0.216575,-0.656001,1.459762,-0.195665,0.194651,1
-2.948207,0.505313,-0.422112,0.307392,0.082609,1.453418,0.935558,-0.432426,0
0.673408,0.813909,-0.056047,-1.035257,0.262675,0.262699,-0.882093,0.727239,0
1.353788,1.267810,-0.264050,1.757055,1.338018,-0.786027,0.352254,-1.672309,0
1.083850,-1.098044,0.417936,0.766142,-0.858880,0.253315,0.594971,-0.573302,1
2.114915,-0.876303,-0.475476,0.779163,1.377626,1.832378,0.475769,0.869241,1
2.257459,1.069000,-0.348341,-0.834491,0.351296,-0.811318,-1.654596,0.470748,1
-0.036920,1.491756,0.983365,0.317490,0.484916,0.356839,-0.244217,0.087306,0
0.522058,-0.286587,0.425151,1.050637,-0.726868,0.281623,0.962896,-0.656799,1
-0.771819,1.480410,-0.068321,0.514728,1.059407,0.407278,-0.622642,-1.506421,0
-0.719205,-0.469147,0.168686,2.640420,-0.042541,0.052555,-0.809033,1.098173,1
1.708567,-1.919110,0.312573,0.735708,-0.235605,1.114912,-0.640059,-0.391262,1
-2.037980,-1.166541,-1.663287,-0.246760,0.839557,-1.386671,0.594460,0.427215,0
0.285416,-1.893992,0.113797,0.041411,-1.618394,0.084001,-0.885823,0.008883,1
-1.324997,1.350044,1.753044,-0.537291,-0.164853,1.776651,-0.959083,-0.300731,0
-0.744965,0.309649,0.696718,0.532331,-0.185674,-0.931713,0.659503,0.146961,1
2.055789,0.913618,0.800853,0.712889,-0.940893,-1.620205,2.089140,0.232014,1
0.297003,-0.393184,-0.542437,-0.902625,0.070490,-0.778954,0.309526,-1.851427,0
0.537308,0.547740,-1.293560,-0.392221,0.858387,0.957710,0.259364,0.259869,0
0.317853,-0.938246,0.449903,0.508014,0.676141,-0.566574,-0.942939,-0.764281,1
-0.676352,0.292021,-1.598776,0.190582,-0.660521,-1.657887,-0.076189,1.105172,0
1.470046,0.014048,-0.854747,-1.106993,-1.479413,0.699287,0.233300,-0.028676,1
1.368825,-0.134121,0.687606,-1.662316,0.242394,0.065020,1.329142,0.892444,0
0.028831,-0.952628,1.175507,-0.459154,-1.241839,1.320904,1.097362,-2.235308,1
-1.236700,-0.485224,1.006484,0.833166,-0.027605,0.948945,-1.078294,-0.483911,0
0.813778,2.901926,1.050357,-0.305898,0.599066,2.307004,-2.796492,0.325029,0
-1.206189,0.635533,-0.698458,-0.465688,-1.283838,-0.033254,1.557360,0.123416,0
1.090381,-1.600380,-0.216661,2.469648,-0.353705,-2.453117,-1.585366,-0.069995,1
0.107998,0.268559,-0.914356,-1.497295,-0.419626,-0.708893,-1.807209,0.014860,0
-0.570739,-0.647650,-0.997499,0.833912,0.552424,-0.302020,-0.549523,-1.319776,0
0.501829,1.750247,-0.742749,-0.271708,0.066921,1.869055,0.138548,-0.578179,0
-0.839769,0.585129,0.481819,-1.349733,1.474852,0.978006,-2.098266,-0.626753,0
0.905897,0.731558,0.594083,0.413587,-0.622538,-0.498117,-0.783257,0.672279,1
1.052001,-0.409434,0.143437,0.328755,-0.163758,-0.652249,-0.829435,1.192206,1
-1.929387,-0.761070,1.227177,-0.876843,1.008924,-1.431941,-2.030315,-0.593287,0
-0.386274,0.702413,0.417901,2.000659,0.298724,-0.723544,0.491087,2.536059,1
2.011016,0.647139,1.542757,0.137882,1.149259,-0.399151,0.584138,-0.591728,0
1.635361,-1.415091,1.421938,-0.343406,-0.828379,-0.537744,-0.744950,0.211409,1
-1.263036,-1.788952,0.883846,-0.694026,1.544754,0.670699,-0.636088,-1.582176,0
0.873634,0.106839,-0.498633,-0.699398,-0.864991,0.139869,0.027034,0.156028,1
0.224073,1.606106,-0.875885,0.872964,0.131313,0.110661,1.295658,-1.102188,0
0.003945,-0.505955,0.622083,-0.061592,0.092209,-0.969305,0.955207,0.133777,0
-2.183632,-0.087339,-0.317321,0.906468,-0.538093,-1.168782,-0.353218,-0.077638,1
-0.227422,0.924444,1.105342,-1.250875,-0.606279,0.317473,1.780745,0.512389,0
0.218261,0.250047,-0.729544,-1.553324,0.606990,1.335988,0.216406,-0.466699,0
-0.672037,-0.047047,-1.448751,1.108368,1.153529,-0.694989,1.168938,-0.440424,0
-0.559716,-2.230674,-0.307217,0.943879,0.890715,-0.281858,0.098319,-0.243321,1
0.142105,-0.300047,-0.364814,-0.069751,1.649364,0.759068,-0.519093,0.550999,1
1.427390,0.106156,1.819364,0.111844,-0.871790,1.372619,-0.531280,-0.172317,1
1.577753,-0.668772,-0.433909,0.711614,-0.454410,-0.282016,-1.065595,2.738827,1
1.456437,-0.414500,-0.609676,1.245095,0.594713,-0.601269,-0.229381,1.155450,1
-1.693772,-0.889521,-0.030953,0.416732,0.647737,-0.373005,-0.679451,1.775478,1
0.482583,-1.218242,0.072549,1.434025,0.245506,0.902538,0.410334,-1.179594,1
-0.052718,-0.463492,-1.426957,-1.777740,1.701392,-0.701921,-0.437641,-1.446981,0
-0.135023,-1.155910,1.693628,-1.285253,0.770073,-0.107742,-0.390585,-1.071152,0
0.216618,-0.729324,0.359126,1.008740,0.544955,-1.742086,-1.046024,-0.923942,1
0.112301,1.395733,0.647106,0.852263,1.749786,-0.164415,0.249378,-0.279120,0
-0.954361,-0.982832,-0.842497,-0.233482,-1.073200,1.220903,-0.242032,1.016113,1
0.456704,1.417118,0.042916,0.340354,0.103359,0.963177,-1.132758,0.881129,1
-0.560645,-0.082242,0.237692,0.198021,-0.587245,-2.394931,1.962912,0.320293,1
0.523132,-1.986025,-0.374030,1.221079,0.492029,1.079074,-0.819616,-0.934938,1
1.067464,-1.372832,0.301460,1.530045,0.424130,-0.115348,0.358126,0.362914,1
-0.561036,0.159197,-1.958547,1.360774,1.547150,-0.784909,0.626871,0.727494,1
-0.298463,0.611569,2.618032,-0.945765,0.301917,0.488680,2.225620,-0.218503,0
0.430811,-0.024692,-1.522823,1.085189,0.914541,-0.124260,0.554310,0.922918,1
-0.707557,0.018328,-0.717322,0.787974,-0.597745,-0.376210,0.494730,-1.476234,1
0.049320,0.929260,0.231303,0.784341,-1.832078,0.572934,0.571702,1.950460,1
-1.131858,-1.291406,-0.155354,-1.305836,-2.274401,0.309158,0.230583,-0.050807,0
0.391257,1.419250,-0.896196,0.497630,-0.119051,0.531045,-0.087232,-0.129254,0
1.880595,0.996260,1.512528,0.666822,-0.817608,0.232524,-0.287959,1.364185,1
-0.616929,0.165058,-0.723544,-1.420963,0.042863,0.378691,-0.214977,1.128630,0
-0.198492,0.973743,-2.358300,-3.435020,-0.447129,0.976589,2.152803,-0.268051,0
-0.278680,-0.237917,0.268095,0.821364,-2.553300,-1.879591,0.167435,-0.965333,1
-0.711064,-0.799247,-0.172309,0.557756,-0.285102,-0.157127,-0.789275,0.819562,1
0.868982,0.164518,-0.687381,-0.133812,0.664853,-1.485420,1.072296,1.616248,1
0.111481,0.416794,0.169869,-0.552857,0.306365,-1.762751,1.402173,2.071729,1
-0.492897,-2.146774,0.793221,-0.475284,0.595869,0.915105,-0.231838,0.247271,1
0.037070,0.864161,1.802616,-0.585876,2.134636,-1.538238,-0.448583,-1.018736,0
-0.983021,0.062767,0.548923,-0.514779,1.419354,-0.932672,0.095613,-0.546036,0
0.128668,-0.154718,0.598357,-0.737268,1.248372,0.314168,-0.257369,-0.232047,0
-0.150770,0.823158,-2.054947,0.155760,-0.090124,0.309259,0.308560,1.320203,1
-1.265477,0.054432,-0.296102,-2.224123,1.241116,0.812380,-0.749290,-2.969200,0
0.648639,0.845835,-0.022029,-1.564848,-0.603656,1.083871,1.409163,0.134163,0
-0.886007,0.272780,1.034113,1.338532,0.032924,0.000459,-0.026402,1.060240,1
-0.633205,0.126941,-0.998394,0.990466,-0.256344,1.568355,-0.097536,0.153300,1
-1.010278,1.098428,-1.450200,-1.264550,-0.485523,0.760429,0.678527,-0.704769,0
-0.575853,-1.613752,-1.454049,1.117584,0.486141,0.037821,-1.348919,0.318899,1
-1.814487,0.979512,-0.944452,-0.444884,-1.110414,-1.079977,-0.926476,0.759621,0
0.973795,0.273045,-0.002825,0.556235,-1.874564,-0.660032,-1.859215,1.740565,1
0.698877,1.148751,0.852656,0.348295,0.832439,0.495688,1.368960,-0.506117,1
-2.174952,0.117590,0.468088,-1.168510,-0.825655,-0.952303,-0.215652,0.122102,0
-1.121631,1.278180,0.745413,0.758292,2.248732,-0.148114,0.411384,0.182775,0
-0.046628,0.499526,0.142239,0.028229,-1.864738,-0.905357,0.651652,-0.371047,0
1.019955,-0.478779,0.337288,0.597869,1.263671,-1.134115,2.105465,-1.773848,0
-1.307982,-1.021092,0.197134,-1.005983,1.523209,1.523009,-0.480527,-0.392013,0
-0.957433,0.263139,-0.658241,-1.699994,1.803579,0.107198,0.257603,-0.267226,0
-0.289578,-1.102746,1.114095,1.473079,-0.616021,-1.791023,0.082398,1.392029,1
1.087785,1.363271,-0.109455,0.381792,0.690146,-0.968828,0.715242,-0.516292,0
0.258532,-0.406187,1.022330,-0.135920,1.300723,-0.183403,-0.592795,-0.314579,0
0.233587,0.384556,-1.230309,-0.275429,-0.111506,0.247368,-1.948548,0.809351,1
-0.280630,0.540291,1.639680,0.302727,-1.236643,0.386226,-0.060669,0.089417,1
0.406876,0.112376,0.863519,1.260584,-0.285185,-0.327796,-1.549572,0.318292,1
0.009843,-0.583839,1.231908,-0.475753,1.110337,0.934209,0.346332,0.421308,1
-0.999805,-1.067610,1.245548,0.957393,0.426404,-0.465814,-1.105324,0.256257,1
-0.383221,-3.028572,0.458264,-1.444569,-1.138689,0.743033,-0.114723,0.879850,1
0.521728,1.500037,0.446610,-0.511421,-0.062300,-0.949729,0.549321,0.874363,1
2.013723,0.569459,1.086038,-0.472082,0.632563,-0.404361,-1.192298,0.119372,1
0.124782,-0.061255,-0.468223,0.084097,0.716253,0.176809,-2.483393,-0.680277,0
1.362812,2.050764,-1.308084,-0.064647,-0.557041,-0.826062,-0.514420,0.206221,0
1.316779,-1.127352,-1.255086,0.336759,-0.609721,0.593291,0.559927,1.804673,1
0.455929,0.194680,1.478118,-0.826860,-0.298081,-0.488588,0.431752,-1.518232,0
0.760812,2.022841,-1.067564,1.027070,1.808435,1.057694,1.078891,-1.077365,0
1.091892,0.479982,0.582039,1.654669,-0.857041,-1.916929,1.149033,1.987442,1
0.162721,1.664601,0.731477,1.481834,-0.749962,-2.063549,-0.834124,0.599715,1
1.333200,-2.165937,-0.895964,-1.342639,0.222796,0.438436,0.578436,-0.455799,0
0.431946,0.019005,0.391276,-0.894979,-1.715807,-0.124822,0.471503,0.726289,1
-1.948362,0.155261,0.465583,-0.309092,0.931770,0.733142,1.093359,1.202988,0
0.425234,0.608537,-0.650211,-1.151601,-2.458904,-1.074906,0.434368,0.886974,0
0.571760,0.598686,-0.031610,1.191384,1.280713,-0.383279,-0.531357,-0.624894,0
-0.480532,1.040812,0.922403,0.121305,-1.443260,0.834166,-1.087817,0.120176,1
-0.345294,-0.352349,1.208492,-0.257435,1.158809,-0.039842,-0.176651,0.805163,0
2.609048,-1.245206,1.504680,1.158052,0.149757,-0.057702,0.492694,0.420847,1
1.351341,0.315971,-1.644264,0.452913,-0.448464,1.512815,1.562488,0.604847,1
1.215415,-0.144496,-0.842349,0.021300,-0.690092,-0.779871,-1.329661,-1.018980,1
-0.971822,1.459269,1.089708,0.046838,-1.591992,-1.107775,0.176097,-0.230263,0
-0.037152,-0.842602,-1.306466,-0.535587,-0.484671,0.103888,-0.050325,0.476559,0
-1.136554,-3.096520,-1.257085,-0.987440,0.403525,-1.007190,-1.200100,0.761211,1
-0.841896,0.479977,0.007249,0.458659,-1.000419,0.247888,-1.388236,-0.196230,1
-1.642786,0.740177,-0.666605,1.181000,-0.197636,1.796662,-0.919889,-1.197812,0
-1.097576,-1.175929,-0.141105,2.511689,0.585544,-1.707724,1.868837,-0.493119,1
0.975692,1.383994,1.625031,0.218033,2.842267,-1.082147,0.277099,0.254691,0
-0.008146,2.244613,-2.271247,2.344127,0.671714,-1.049769,-2.008131,-0.882798,0
-0.301796,0.034171,0.759105,0.856545,-0.612146,1.258906,-2.073968,-1.036651,1
0.705585,-2.440078,-0.203650,1.142030,0.243295,0.002370,0.112789,-0.937902,1
-0.550265,-1.070995,-0.038803,-1.180480,-0.618949,-0.650558,-0.374359,0.755004,0
-1.304123,-1.847441,-0.117261,0.739261,-0.704584,0.170384,-0.076973,1.440511,1
0.812709,-1.474151,-0.476401,1.191456,-1.206081,-0.571687,1.578645,0.511739,1
1.720697,-0.219687,0.713001,0.684278,1.554550,1.611806,-0.706028,-0.796421,1
0.684603,-1.266418,0.550894,-0.881993,-0.317508,0.689960,-0.026347,-0.148949,1
0.578447,-0.387350,1.037891,-1.147292,-0.623739,-0.571618,0.458861,-1.136043,0
1.233952,0.833819,1.061377,-1.250617,-0.672053,0.413524,0.853474,1.353006,1
0.599116,-1.373001,-3.189507,-1.026773,-0.647654,-1.040295,1.535987,0.406593,0
1.693736,1.385753,0.470418,1.583650,1.679857,-0.547341,-1.664758,-0.758959,1
0.671623,-0.027308,-0.384855,-1.314044,-0.083578,0.815088,-0.445344,-0.252061,0
1.015036,1.825978,0.374999,0.587288,-0.412327,-0.231511,0.832133,-1.391549,0
2.336181,-0.624369,-0.412110,-2.006043,0.162692,-0.639975,0.339680,-2.769760,0
0.637474,0.277771,-0.293053,0.597124,0.814337,0.255483,0.598141,0.045796,1
-1.550481,-0.815390,-0.070267,0.093430,-0.880895,-1.727916,1.972881,-0.210040,0
-0.357774,0.682160,0.078837,-3.089099,1.784562,-0.682933,1.075366,0.451337,0
2.476408,0.034379,0.818386,-0.586247,-0.417926,-1.206359,0.881950,0.400917,1
-0.649969,1.264320,-1.356589,-0.929036,-0.675185,1.087521,0.040473,0.231621,0
-1.802540,0.833801,-0.853842,-0.456835,-1.733066,0.756201,1.559296,-0.417978,0
0.593181,-0.369766,2.090358,0.120244,-0.472350,1.450064,-0.732300,-1.126597,1
-0.211079,1.664283,0.398633,-0.834656,0.483600,-0.506149,-0.145083,1.391113,0
-0.555332,0.331536,0.522931,-1.186134,-1.100743,-1.350866,0.272908,-1.828969,0
-0.747603,-1.386764,-0.133306,0.406455,0.973626,0.113558,0.660424,0.170751,1
1.128770,-0.077849,-0.534355,-0.212087,-0.030508,-0.028820,1.980870,1.721144,1
-0.653627,-1.763859,0.277146,0.972062,1.235727,-0.954521,-1.215879,0.959461,1
-2.390799,0.672398,-0.213764,-0.285822,0.066759,0.160790,-0.239212,0.288216,0
-0.881287,0.888930,0.985222,-0.502826,-1.926287,-0.061061,-0.407265,-2.056645,0
-0.633456,0.263855,1.386918,1.218342,-1.066484,-0.642301,-0.059251,2.302012,1
-0.833192,-0.420897,0.678474,-1.012187,0.951662,2.493679,1.223352,1.541530,1
-1.534808,-0.735947,1.477717,-1.357338,-0.849437,-1.222965,0.354693,-0.673889,0
-0.544496,0.098330,-1.065166,0.153038,-2.174360,2.392385,-0.404759,-0.771122,1
-0.601764,0.561235,1.292637,-1.016473,1.058203,0.620557,-1.641364,0.837553,0
-1.348815,0.314710,-0.568658,-0.687714,-0.434613,-1.032262,0.342597,0.401503,0
-0.177179,0.144527,-1.960984,-0.192843,-0.634286,0.115954,-0.537221,0.226983,0
1.096874,-0.356539,0.992522,0.529466,0.476597,-0.874026,-0.989539,-0.927473,1
0.070969,-0.834098,0.824544,-0.141172,0.180216,-0.306281,-0.533387,0.213029,1
-0.388262,0.247674,-0.019811,0.133649,0.408906,0.271406,1.358069,1.535427,1
1.793320,0.141867,0.977910,1.354604,-0.162219,1.279699,-0.518336,0.910488,1
-0.277521,-0.114265,-1.655731,1.740765,0.325702,-0.440805,0.403232,0.095416,1
-1.869708,1.791504,-1.624576,-0.887268,-1.580745,-1.411976,-0.158972,-0.618358,0
-2.235079,0.577844,1.653376,1.341012,1.891438,-1.263701,-0.370372,0.324215,0
-0.881586,0.758816,-0.412199,-1.680812,1.501858,1.764187,0.301446,-1.335277,0
0.334733,0.518170,0.394446,-1.604705,0.781641,-2.142850,0.070880,-1.541108,0
-0.333440,0.412236,1.611182,1.667411,-0.139296,0.578843,-0.992829,-0.477107,1
0.878497,0.046125,0.276009,-0.350319,0.087120,0.340050,1.121333,1.264243,1
0.218336,0.815704,-0.148441,1.319182,0.817839,0.505624,-1.728547,0.332402,1
-0.174532,0.411623,0.680425,-0.237469,1.007499,0.424344,-0.047908,-1.294726,0
-1.340612,0.627069,-3.393650,-0.197721,-0.516344,-0.416308,0.395950,0.807479,0
0.886907,0.066688,-1.402450,-1.652915,0.439348,0.909871,0.291093,-0.436277,0
2.231841,-0.204368,-0.699232,1.742260,1.097361,-1.101969,-0.181850,0.649895,1
0.177503,-1.825528,1.910357,0.409960,-0.143764,1.563364,-1.542844,1.026528,1
-1.689664,0.718340,-0.356769,-1.426037,-0.365549,0.735011,-0.252791,0.007855,0
-0.568889,0.911711,1.221619,1.725153,-0.047281,0.123836,0.013719,-0.223683,1
-0.534130,0.555941,1.758366,0.608996,-0.282184,-1.235234,-0.247361,1.249369,1
-1.243709,0.238553,0.677954,2.526032,-0.674098,-0.990421,0.722613,-1.145628,1
-1.089757,-0.845709,1.040839,1.081449,-0.317613,-0.578554,0.590661,-0.213049,1
0.284514,0.737139,0.077236,0.554826,0.430603,-0.931607,0.396034,-0.794791,0
-1.413888,-0.868351,0.467043,-0.102157,-0.174498,-2.177075,-1.165073,0.201580,1
-0.447372,-0.718153,1.116556,-0.392214,-0.327360,0.413628,-0.089783,0.579557,1
-0.037554,-0.019513,-0.040584,1.200101,0.660540,-0.580887,-0.539933,0.319570,1
-1.133967,0.474195,0.411705,0.095216,1.188261,0.488752,1.976105,0.863369,0
-0.114917,1.760466,-0.039695,1.116641,-1.582361,1.225982,-0.408200,-0.650452,1
1.038870,1.843211,0.603977,0.168320,0.799003,0.455264,-1.821379,-0.627526,0
0.377163,0.119125,-0.061763,-0.416517,-0.465356,0.115605,-0.467775,-1.932614,0
-0.042846,-1.907033,-1.200382,1.183624,1.847982,-1.239155,0.600488,0.288919,1
-1.942388,-1.542268,1.545693,-0.947004,0.698073,-1.002765,-0.431148,-2.633506,0
-0.202024,0.412228,-0.265170,-0.045375,-0.776657,-0.009789,-0.047988,1.355887,1
-2.533424,0.601370,-1.150112,0.975907,-1.261673,0.120015,1.021254,-0.384694,0
2.964188,-0.087975,0.529939,-1.445622,-0.887451,0.073858,-0.280760,2.105562,1
1.388906,0.408473,0.840358,0.620975,-1.106906,-0.343812,-0.060452,-1.836002,1
0.417647,-0.372317,-0.071954,1.790186,-0.586105,0.097877,1.879111,-2.023668,1
-0.204970,-0.499938,-0.275100,0.140671,0.653128,0.237790,1.422423,-1.899250,0
-0.576012,-0.581710,-0.337899,-1.632473,-0.551706,2.407278,0.560817,1.483910,0
0.114143,-1.875438,-0.055639,-1.144653,-0.885003,1.178728,-1.889636,0.006095,1
-2.076222,1.927951,-0.291788,-0.661233,0.557927,-0.115930,0.365275,0.469632,0
0.241990,0.171959,-1.161381,-0.434107,0.046535,1.812447,-0.549388,0.734947,0
-1.032889,-0.199712,-0.484677,-0.563319,-1.386489,-1.934252,-0.321964,-1.371021,0
-0.434878,0.160485,1.179908,2.781112,0.249086,0.345260,1.162273,-1.083292,1
0.310417,0.096087,1.852007,-0.401223,0.107820,-0.128775,0.813404,0.578102,1
-0.163751,-0.450281,-0.650652,-0.246908,-1.108824,-1.388043,1.291168,-1.019889,0
-0.669154,0.313578,-0.541364,-1.755814,-0.087533,2.775532,-0.075830,0.851696,0
0.102220,0.149803,-1.721093,0.235074,0.343343,-0.990377,0.211273,-0.435628,1
0.115550,-0.367153,0.220446,1.095300,-0.229501,1.835348,-0.230132,0.100167,1
-0.004631,-0.143778,1.357846,-1.689253,-1.447429,2.508922,-0.297420,-1.680977,0
0.264191,-1.804047,0.593917,0.052936,0.420163,0.267829,-0.519616,0.245940,1
-0.836668,1.213296,0.677469,0.160850,-0.019142,-0.415753,0.923994,-0.462224,0
0.154454,2.349579,-1.436874,1.268372,0.598812,-2.063166,-0.474214,0.687197,0
1.423257,0.618910,1.394951,-0.986226,-0.614401,1.302240,-0.863932,1.740869,1
0.478811,0.441962,0.372270,0.679678,-0.624520,0.614096,0.728170,-0.284077,1
-0.471504,-0.436450,-1.306181,1.190211,0.129008,0.214766,0.508833,-0.870761,0
0.795486,0.299501,0.846349,1.477958,-0.587249,-0.026711,0.727180,2.082960,1
-0.625764,0.750973,-0.433020,-0.263660,-2.783562,-0.451742,-0.869773,1.267143,1
-1.628657,-0.728585,0.401617,-0.690117,0.974768,-2.190084,0.582953,0.796733,0
-1.233670,-1.123173,0.364680,2.732088,1.225107,-0.727304,0.998904,2.190692,1
-0.136440,0.740121,2.098081,-0.301399,0.172321,-0.511964,-0.720128,-2.492887,0
2.289666,-0.935809,-0.029306,-1.713884,-1.282886,-0.409728,1.244188,0.687084,1
0.032376,1.070345,1.561929,-1.292694,1.100339,1.863486,0.363929,0.406521,0
0.883228,0.182938,0.581202,-0.420964,0.529116,-0.837567,0.684189,-1.409289,0
-1.598505,-0.472154,1.069246,-0.432431,0.768099,-0.461315,1.205506,-1.202251,0
-2.108941,1.469271,1.386437,0.139665,-0.909046,0.453034,-0.207215,1.331972,0
0.030236,-0.284746,-0.666922,-1.195575,-1.183748,1.760184,1.734802,-0.069267,0
0.160076,-0.695964,-0.382484,-1.413630,0.107585,-1.054393,-1.324161,-1.137999,0
-0.911787,-0.284676,1.437313,-0.178529,1.458008,-0.863564,0.258962,-0.343277,0
-1.517465,-0.298636,-0.380374,0.422434,-0.818898,-1.754154,-0.818278,0.593086,0
0.849048,0.196679,0.058738,-1.195671,-0.047210,1.078567,1.557109,-0.701585,0
0.286661,-0.205364,2.424690,-0.039580,-1.159505,-1.198920,-0.790224,-0.277129,1
-0.415129,0.431939,-0.270134,-0.672172,-1.192588,0.927163,-0.911042,-0.711236,0
0.092390,0.909012,-0.903986,0.335106,1.348517,-1.114847,-0.394097,-0.510004,0
-0.433509,0.890792,0.268981,0.171561,2.555308,-0.429708,-0.120180,-1.081951,0
0.778967,0.226738,0.183526,0.585223,-0.955565,0.271334,0.017117,-0.736023,1
-0.914141,0.873571,0.521772,0.558235,-1.793181,-1.332021,0.598295,0.239966,0
0.013440,0.720578,-0.010455,-0.813018,-1.107145,0.631705,-0.538722,-0.761468,0
1.371772,3.258319,0.112454,2.028723,0.944644,-0.484036,0.321406,1.601874,1
1.623572,-1.466348,0.491557,0.203235,0.450508,-0.951906,0.472552,-2.268914,0
-0.721645,1.901283,0.165339,1.962022,-0.561559,1.213355,-0.624045,0.313459,1
2.046859,0.455596,-0.874424,0.116368,0.221667,1.225830,1.185533,2.064566,1
-0.186483,0.355328,0.823873,0.063552,-1.076174,-0.299219,0.348357,-1.152745,0
1.292779,1.175438,0.417176,1.011654,1.313574,1.594758,-0.196963,-0.711711,0
-0.391078,-1.544189,0.470873,1.218846,-0.744199,1.202569,-0.288463,-1.101548,1
-1.617751,-0.700425,1.420959,1.660375,0.875117,-1.059254,1.392359,-0.917374,1
0.353253,0.247383,-0.795039,1.553651,0.028124,0.699805,0.895521,0.655551,1
-0.384465,-1.066670,-0.186480,1.032796,0.669536,0.223858,-0.131782,-0.552562,1
0.542680,-1.832579,1.153862,1.140069,-0.285400,-2.328079,0.684357,1.550587,1
0.714618,-0.229046,0.543935,0.073902,0.610792,-0.262569,-0.789057,0.808926,1
-0.414894,-0.614078,-0.575921,0.200328,0.399852,1.543654,0.934594,0.446462,0
-0.124594,-0.156125,0.139199,-1.334726,0.829271,-0.568835,0.665279,-0.365959,0
-1.081908,-0.880125,-1.065270,0.061167,-0.778553,0.106600,-2.470052,1.900266,1
0.215390,-1.467026,-0.947405,-1.052142,1.376777,1.280070,-0.876032,0.610015,0
-0.504396,-1.706883,-0.105098,-0.156314,-0.846593,1.183218,0.728536,-0.225849,1
1.288153,1.198335,-0.653142,-0.706707,-0.761251,1.132413,0.321011,0.648981,0
0.512994,-0.578361,-0.166634,-0.266668,1.208715,0.650399,0.402891,0.693333,0
-0.709981,0.995514,-0.712349,0.393709,0.150663,1.797672,0.154264,0.363570,0
-0.947104,-1.358960,1.072729,-0.791186,-0.322583,1.357743,-1.586173,0.257733,1
0.659014,-0.144944,-0.141675,-1.095386,0.550784,0.315407,2.656259,-0.537520,0
-0.033211,-0.133689,0.030085,0.074911,-0.328776,-0.677836,0.545269,-0.196816,0
0.671973,-0.272309,-0.750827,0.521438,0.563689,0.345437,0.327622,-0.299913,1
0.324646,2.431581,-0.279214,-0.713374,-0.069998,-0.284219,0.209993,-0.445607,0
0.334052,1.299874,-0.572306,-0.625981,-0.160658,1.143811,-0.343656,0.218753,0
-0.306653,-0.579517,-0.184508,-0.506079,-1.434464,-2.163680,-0.477253,-0.098017,0
-0.490023,0.312473,0.991864,0.510611,0.349528,-1.458563,0.083648,-0.412705,0
-1.636512,-1.312338,0.084466,-1.267187,1.718975,-2.159107,-0.754235,0.308569,0
0.226003,0.820285,1.179683,2.035900,1.219775,0.596188,0.494128,1.029499,1
0.061653,0.016814,1.078494,-0.844865,0.835061,0.141946,-1.581547,1.890425,1
0.850314,1.297974,1.960427,-0.752382,0.006395,0.897221,-0.723589,1.340087,1
-0.889610,-0.679095,-1.049965,0.140697,-1.117947,1.176067,1.336906,0.893324,1
1.195450,0.549500,0.118780,-0.078496,-0.326873,-0.631705,0.348605,-1.320661,0
-1.045667,-0.525201,0.490574,-0.091030,-0.551460,-1.580087,0.648383,0.080207,1
-0.455425,-0.129402,-0.961344,-2.383324,0.983091,-1.141109,0.978729,2.023894,0
-0.429771,-0.203454,0.416747,-0.615634,0.278766,-0.019352,0.250880,-0.112908,0
0.064646,1.052391,0.565390,1.396897,-0.712326,0.210056,-0.443588,0.430669,1
0.373073,1.385756,-1.256048,-1.707039,1.094780,-0.623146,-0.504759,-1.542491,0
-0.046978,-0.579701,-0.663825,-0.846681,-0.091480,-0.847395,-0.579371,0.219960,0
1.290044,1.049589,-0.579747,-0.878883,1.923940,1.129589,-0.153223,1.346302,0
0.534589,-1.940955,0.060305,0.876664,0.726854,0.621699,1.941994,-1.038033,1
0.044739,-0.818343,0.897236,1.073972,-0.518654,1.076816,-0.488395,-1.273904,1
-0.438010,-0.199876,1.637294,-0.351578,-0.392589,1.009720,-0.973576,0.385269,1
-0.792977,-1.523758,0.883114,0.595064,-0.798681,0.201677,-0.039870,-1.220761,1
-0.534619,-2.190796,-0.640849,0.533589,-1.031225,1.774166,-2.214420,0.563234,1
0.103884,-1.314053,0.398280,0.950730,-0.442027,0.724508,0.326233,-2.086325,1
0.983559,1.723083,-2.447726,1.851492,0.079831,-0.458821,0.422386,0.830261,1
0.126538,-0.470289,-1.004277,-0.336582,-0.554255,-0.870710,-0.198186,0.741738,1
0.531803,-0.715544,0.289999,0.670786,-0.328441,0.420537,0.029562,0.442334,1
-1.027685,-0.782823,0.239840,0.151689,-0.838909,0.797910,-0.895261,0.164509,1
0.408636,-1.185775,1.276581,0.806922,0.289810,0.020189,-0.812686,0.879651,1
0.334998,-1.566668,-0.836028,0.157642,0.989175,0.190128,0.356556,1.646699,1
0.077042,1.747090,1.175025,1.368649,0.163932,-1.441712,-0.280369,-0.113042,0
-1.077623,-1.084445,1.481176,-1.257482,1.145579,1.191812,0.690583,-0.560221,0
-1.977114,-1.106529,-1.576046,0.566839,0.415965,-0.083224,1.832594,0.719352,0
-0.053691,-1.412154,0.513568,-0.542943,-0.168219,0.027505,-0.071857,-1.872358,0
-0.172937,-0.785483,1.810441,-1.248601,1.391481,-1.256882,1.533751,-0.388473,0
0.912666,-1.202812,-0.166305,-0.648928,0.470530,-0.438511,-0.250390,0.378569,1
1.473425,-0.096368,1.510976,-1.400634,-1.072415,0.419454,-0.690664,-0.555454,0
1.321839,0.943141,-1.856607,1.237720,0.705585,0.473685,0.333360,0.685244,1
-0.504854,-0.321739,-0.636710,1.347135,-2.107871,0.031577,-0.879201,-0.016925,1
-0.552480,0.892466,-0.579025,-0.470931,-0.253963,1.058481,-0.439687,-0.583574,0
-0.620228,0.503070,1.108317,-0.488725,-0.228293,-0.693534,-0.787917,-1.981398,0
-1.299234,-0.287229,-0.287217,0.261093,0.221640,-0.164115,0.377520,0.329146,0
0.724988,-0.547008,0.517691,1.530331,0.113249,-0.674799,-0.087951,2.448868,1
0.455561,-1.266219,0.354366,0.320110,0.022627,-0.790494,0.119945,-0.611301,1
1.567778,-0.048887,-0.333470,-1.972499,0.849385,-1.959370,0.040233,-1.333705,0
0.123606,0.118812,-0.843763,0.988652,-1.889293,-0.190456,0.572995,0.430428,1
0.905822,0.229822,-1.785520,-0.980500,-0.796133,-0.429806,-0.692439,-1.229465,0
1.692906,0.665743,0.312096,0.732276,1.887078,1.059894,-0.001524,-0.819453,0
2.188545,-0.932507,0.406959,-0.738208,-0.409699,0.563041,-0.845152,0.519530,1
-1.806665,1.590316,-0.178853,1.108199,1.210961,-0.555910,-1.302914,-2.672116,0
-1.232068,0.681966,0.727235,-1.469960,0.627754,-0.270515,0.090209,1.112486,0
-0.806862,-0.637638,-0.285284,0.387887,0.159078,0.693676,0.886510,1.354465,1
-1.930188,2.081094,1.036812,-0.704802,-1.664559,-1.184488,-0.485172,0.006487,0
0.395688,-0.380590,1.296564,-0.931138,-1.629748,2.014554,-0.407854,-2.363584,0
1.353032,0.332244,-0.045266,-1.047151,0.396188,-1.825871,1.016084,-0.921696,0
-0.294980,1.182605,0.838463,1.547052,-1.042381,0.131777,1.118145,0.141902,1
-0.264381,-0.678934,2.160622,0.134097,-0.722329,0.823916,1.525656,1.349942,1
0.853415,-0.164662,0.088194,0.105188,0.376044,0.612909,-0.807369,1.187151,1
-0.684582,-0.353876,0.085809,-0.828642,-0.088590,-0.162666,-0.727547,-0.695328,0
-0.010648,0.041467,0.360848,-1.048869,-0.605947,1.056561,-0.418473,-0.555235,0
1.039662,-0.103910,0.844681,-1.710150,2.829513,0.146520,0.203192,-0.651802,0
-0.001957,1.504335,2.203849,-0.051844,-1.781585,0.707517,1.666487,1.390562,0
-0.867578,1.238021,-0.444613,-0.256546,-0.115549,-0.700122,2.478922,-0.242642,0
0.935160,0.065591,-0.052199,-0.272692,-1.802704,-0.356003,0.047949,-0.340718,1
0.708924,-1.982204,0.284915,-0.674920,1.035913,0.692933,-1.650042,1.455417,1
0.834406,-0.780452,0.134058,1.112263,1.191964,-0.237365,0.161719,0.697527,1
0.528678,-0.271868,0.073875,-0.960474,-0.011917,2.075015,0.488900,0.009794,1
-1.386144,0.565265,-0.394731,0.740837,0.329762,-0.364908,-0.213620,0.351408,0
-0.262164,-0.844049,-0.109934,0.677819,0.035523,-1.383154,0.104069,0.045045,1
0.033833,-0.644276,-1.436238,0.252090,0.032873,3.216654,-0.076079,-0.658964,1
-0.416002,-0.636324,0.864604,0.677220,-0.819579,-0.615940,-1.530917,-0.717456,1
0.592755,1.344992,-0.380213,0.758658,-0.819649,-0.313204,0.144637,-1.422449,0
0.591452,0.367478,0.478244,-1.325371,0.758232,-0.644983,-0.103302,0.179218,0
0.253416,-0.116423,-0.954195,0.953192,0.340479,0.222700,-0.239629,0.880592,1
1.275950,0.072678,1.167588,0.115527,-0.908104,0.513761,0.568242,0.068178,1
-0.685575,-0.334996,0.084184,-2.931340,1.450378,0.379557,0.244124,-0.169040,0
-1.102940,1.400155,-0.490342,-0.368450,0.487201,-0.401482,1.201817,0.805915,0
0.418601,-1.975652,-1.154349,-0.213458,0.642836,0.539500,-0.142120,-0.143125,1
-2.439013,-1.064783,-0.642030,0.437406,0.209622,0.533981,0.226627,1.359437,0
-0.108285,-0.102716,0.239369,1.123370,-0.984943,1.281318,-0.920397,-0.538101,1
1.637784,1.073789,-0.782902,1.075879,-0.434545,0.131449,-1.327503,-0.877261,1
-0.039118,-0.294345,0.101159,0.051146,0.661789,0.728616,0.240205,-1.947964,0
-1.180700,0.586871,-0.992362,-0.578202,0.854936,-1.184858,-0.763960,0.482030,0
-1.532427,-0.513647,-2.327419,0.757291,-0.261197,2.364755,0.611106,0.679579,0
0.233829,0.357033,-0.872321,-0.685787,-2.559602,-1.481585,1.101373,0.861029,1
-0.071003,2.160753,0.185737,0.873845,-0.333991,0.340225,0.790294,-1.853139,0
0.490023,0.116437,1.089938,-0.080285,-1.179034,-0.078485,-0.936864,-0.919886,0
-1.323398,1.372839,-0.714684,-1.025774,-0.076354,-1.007126,0.612950,1.380106,0
-0.194760,-1.957917,-1.150919,1.105502,1.250335,0.245006,0.836269,1.281421,1
-1.492657,1.957476,-1.556579,1.243699,-0.542753,-0.097751,-0.045753,0.213844,0
1.000711,-0.650789,0.158228,1.827833,0.771881,0.951913,0.512157,0.727074,1
-1.166949,-0.259733,-0.069476,2.108275,-1.691106,1.063542,0.427386,1.127503,1
1.361641,1.468587,-1.045038,-0.211556,0.899143,0.022144,-0.639685,-1.711418,0
-0.480016,0.219762,0.027431,1.462311,1.983340,0.611935,0.945842,-1.155220,0
2.850379,-0.330358,-1.568135,-0.882793,-0.207734,-1.794273,-0.301629,0.872107,1
0.885559,0.550946,1.222446,-0.444868,-2.077545,0.455694,-0.119409,0.008995,1
-0.657177,1.269087,-0.832340,-1.071342,0.297071,-0.349920,-1.386793,3.581489,1
0.130056,0.250818,0.574322,-0.993527,1.544139,-0.232537,-2.161620,-0.826109,0
-0.342315,-1.430600,-0.666457,0.013454,0.099016,0.000363,0.524056,0.405186,1
-0.588792,1.262350,1.526721,0.135252,-0.534122,-0.774608,0.382808,1.901501,1
-1.569011,1.661060,-0.279274,-1.107192,0.657728,-1.022347,-1.819029,1.425654,0
-0.253927,-1.127514,0.437747,1.176540,-0.215636,0.352032,-1.352774,-0.694567,1
0.482585,-0.355665,-0.827352,-1.185251,0.084350,-0.475929,-1.665126,-1.213054,0
3.714236,-0.190322,-1.578884,-0.477307,1.121791,-0.189539,0.964224,0.846461,1
0.370969,-1.095792,1.025881,-0.165511,0.612270,-1.359324,-1.598100,1.181746,1
-0.723679,0.649759,0.402903,-1.446275,-1.448479,0.794588,0.634179,0.269404,0
0.694151,-1.298068,-0.615439,1.625578,1.104743,0.658881,0.210496,1.300904,1
-2.101369,0.396218,-0.097088,-0.973015,-1.649298,-0.535921,0.058987,0.505764,0
2.654221,0.335851,-0.701833,-1.449306,0.340807,-0.349628,1.041591,-0.162652,0
-0.470353,-0.059324,-0.416512,0.139121,-0.022992,0.638515,0.600263,1.435632,0
0.474812,-0.025699,-0.765512,-1.220444,-0.906445,0.814690,-1.206714,0.613731,1
1.245242,0.121489,0.410726,-0.197522,1.714951,2.859565,0.072088,0.770978,1
-0.341075,0.652102,-0.156671,-0.535499,0.346689,0.962010,0.275978,-0.576071,0
0.531699,0.488388,-1.006755,-0.371243,0.996403,-0.758758,-1.635394,-0.813209,0
-0.815454,0.434919,-1.452012,-0.590797,0.444126,1.682530,0.886748,2.020720,0
-1.348999,0.263911,0.844915,0.250582,-2.377984,0.627435,-0.751497,-1.618729,1
-0.561735,0.395216,1.573755,-1.461077,1.375702,1.073517,-0.097551,1.789578,0
1.207248,1.059962,0.290715,-0.317639,-0.036485,1.362781,0.624655,-1.343445,1
0.455570,0.044873,0.741429,0.847516,1.665562,-0.804633,1.101440,0.023150,1
-0.630518,-1.538140,1.043068,-0.216637,0.111841,0.094803,1.173276,-0.863858,1
-0.831349,1.291603,1.353310,-0.803007,-1.537379,-1.049882,0.139116,-0.103747,0
0.138449,0.336529,-0.627952,0.999613,-0.186994,-1.301473,-0.151628,-1.708092,0
-0.127539,-0.383307,0.315804,0.912107,-0.526096,-0.854502,0.317381,0.560492,1
-0.428609,0.607920,1.439585,0.803797,-0.978664,-0.457832,0.687564,0.218606,1
0.606158,0.008062,-1.591713,-0.981660,-0.730333,1.510837,-0.662451,-0.480399,0
-1.070564,-0.971936,0.744230,-0.311417,-0.653212,0.680207,1.797247,0.414500,0
-0.561228,0.490399,0.627966,0.051302,-1.350842,1.196370,0.721523,-0.408101,1
-0.187228,0.673291,-0.766512,0.795005,-0.900904,-1.133294,-0.915396,-1.173927,0
0.035079,-0.560599,-0.662489,-0.890506,-0.430247,-1.023229,0.500911,-0.596949,0
0.312283,0.738646,-0.556993,-0.836769,0.129180,0.137088,-0.708347,1.651029,0
1.426912,0.810022,-1.252824,1.314847,0.099669,-0.582392,1.302895,0.197363,1
0.794624,-0.205735,-1.473990,0.703497,-2.213301,-0.162330,0.798741,-1.949646,1
-0.716509,-0.023925,0.455181,0.367452,-0.478450,-0.896440,0.125920,1.294411,1
-0.240762,0.552851,-1.088702,-0.696109,-0.114334,0.079780,-1.605664,0.932421,0
-0.567728,-0.000804,-0.135277,2.321314,-0.672198,0.997556,0.927844,2.074410,1
0.223186,2.239203,-0.491535,-1.988797,-0.315230,-0.338070,1.120156,0.331751,0
1.536810,0.021641,-2.404642,-0.331955,-0.668588,-0.635579,1.992859,-0.352236,0
-0.915058,1.150337,0.945441,-1.082921,-0.328395,0.871089,-1.382461,0.232448,0
1.015384,-0.688734,-1.095763,1.500941,0.879107,0.502718,-0.280716,-1.995852,1
-0.352162,1.000291,-0.954259,-0.790619,0.159028,-1.159139,-0.324949,-1.920093,0
-0.686160,-0.936348,-1.347386,0.930901,-0.430897,1.143543,0.879589,1.206540,1
1.270231,0.098757,-1.166965,-0.938798,0.580910,-0.592994,-0.166550,2.335868,1
1.085295,-0.484837,1.052967,-0.547147,0.850235,-1.351754,-1.822806,1.070641,1
0.351330,0.958157,-1.053311,-2.071595,0.671498,-0.789948,0.254553,0.774024,0
-0.496543,-0.423101,-1.529981,0.121728,-0.541584,1.556859,1.845490,0.317398,0
-0.981377,0.608852,0.415999,-0.504495,0.541096,-0.393717,0.175519,0.659491,0
-0.335935,0.042894,0.313849,-1.818716,-0.163570,0.831983,0.227677,-0.767343,0
-0.120753,2.303587,0.979852,-0.963176,0.298713,0.986556,0.318968,0.426513,0
-0.149795,-0.174896,-0.886591,-0.401728,0.430134,0.284418,1.012958,0.927024,0
-0.169515,2.039660,1.456887,-0.697352,-1.508828,-2.869208,-0.472227,-1.982177,0
0.362712,0.121914,-2.208703,0.357282,-0.744649,0.204209,-0.385625,0.773123,1
1.752257,-1.116405,0.331846,-0.828893,1.189029,0.829429,-0.075167,0.199774,1
0.981383,0.054122,-0.571839,-0.811153,0.133298,0.036715,-0.026334,-0.290159,0
-0.921219,-0.494150,-1.506949,-0.442644,1.072224,-0.511410,-0.216041,0.128593,0
-1.656493,1.775752,0.276879,-1.203886,0.574768,-0.795505,0.748880,0.624466,0
0.712766,-0.410404,1.032233,0.822361,1.076797,1.622665,2.143270,0.498823,1
0.381781,-0.364561,0.575200,-0.403850,0.287690,0.217509,-2.306078,0.976160,1
1.923626,1.328570,0.779349,-1.432139,0.726224,-1.436510,-0.830484,-0.759690,0
-0.621895,-0.273902,-0.320812,0.533805,-2.186517,1.440913,0.129690,-0.977534,1
-0.707463,2.142899,-0.165848,-1.120242,0.877027,-0.544125,0.667742,-0.443674,0
-0.653925,1.735785,0.913062,-0.616029,-0.211062,-3.228927,1.196147,-1.243760,0
1.284637,-1.332661,1.452939,-1.056346,-0.600481,-1.191417,0.138145,-2.103352,0
-0.221723,-0.218593,0.153430,-0.288166,0.243582,-1.037598,-0.474715,-1.277088,0
1.272430,-0.550120,0.201621,0.319463,0.211893,0.288081,0.405074,0.084107,1
-1.050314,-0.769042,0.747570,0.785792,0.321733,-0.185931,0.125652,1.282782,1
0.320693,1.212746,0.864029,-0.675867,1.114400,1.433046,-0.212417,0.190005,0
-0.723553,0.553070,0.823127,1.355247,-0.267862,0.782677,0.280401,0.486802,1
0.854568,0.510238,-0.099255,0.727834,-0.300807,0.810269,0.512798,-2.367320,0
-2.417700,-1.231696,0.556390,-0.213858,0.944945,1.036740,0.554754,-0.609353,0
-0.646131,0.872342,0.348813,-0.325213,1.102521,0.655181,-0.882924,0.887537,0
2.080035,1.026851,0.611737,1.681616,-1.100841,1.178807,0.097763,1.118921,1
0.560378,-2.109518,0.240567,-1.462084,-0.051448,-1.302463,1.236499,-0.817328,0
-0.292097,0.396984,0.148576,1.050647,-1.109415,-0.687428,0.154166,-0.146681,0
1.028125,-1.593258,0.176719,-0.346703,-0.712472,-0.677489,1.390933,0.902227,1
0.294412,0.992561,0.845553,0.723659,0.647702,0.380412,1.067842,1.699401,1
0.753967,0.657163,-2.414619,0.658641,1.044207,-0.212001,-0.963718,-0.457826,0
0.709598,-2.143702,0.698935,-0.547154,-0.203486,1.379904,0.334176,-0.078340,1
0.135163,-0.208663,0.729588,1.495789,-0.096115,0.014987,-0.129477,-1.308046,1
-0.667102,0.114614,-0.366786,-0.062454,-0.460510,0.061604,-0.782704,-0.510103,0
-1.866236,1.432815,1.560644,0.211054,0.997920,-3.468255,1.967488,-0.002354,0
0.398682,0.391205,-1.729691,0.487001,-0.174004,3.210537,0.038950,-1.498640,0
-0.047413,0.213624,-1.349696,-2.093734,-0.690767,-0.735134,-1.120234,0.370446,0
-0.308962,0.562396,2.342127,0.399686,-0.100516,1.364829,-1.415085,0.007489,1
-0.768986,1.161815,2.454468,0.834492,0.681395,-0.082719,-0.432189,-1.001025,0
-1.812080,-0.616109,1.098754,-0.303017,0.071671,1.838313,-1.086971,0.682169,0
-1.224287,-0.847062,-0.790497,0.338995,0.040036,-0.574342,2.751339,-0.602886,0
0.231265,0.389793,0.817564,0.370003,0.160449,0.230586,-2.036194,-0.815321,1
-0.993394,0.214608,-0.278238,-0.912381,-0.221460,-0.131344,-0.800929,-0.032721,0
0.120631,0.622337,0.428974,0.802430,0.573292,-0.120457,-0.970798,0.652986,1
-0.497005,-1.423441,-0.863955,-1.236201,1.281730,-1.387494,-1.085217,0.435534,0
-0.882344,-2.109932,-0.838648,-0.678227,0.076114,0.725812,-2.299305,-0.811721,1
0.061611,-0.238595,-1.515716,-0.733635,0.071864,-1.539150,-0.928908,-1.118806,0
0.383750,0.956642,0.411725,-0.204727,-0.190644,-0.880380,1.778843,-0.177607,0
0.339060,0.153015,-0.958031,0.422455,0.510637,-0.601507,0.454586,-1.033383,0
0.284060,-0.167547,-0.871920,0.069533,0.395988,1.054865,0.957896,-0.719609,1
-0.642229,1.205862,0.033382,-0.876950,-0.295043,-0.954369,-0.582031,0.959390,0
2.941400,-0.634420,-0.909433,1.237505,0.364096,-1.572238,0.745567,-1.081214,1
-0.166602,0.133226,-0.402640,-0.641073,-0.325521,-0.742483,-1.144421,-0.880702,0
0.813918,-0.040624,0.682738,1.655096,1.307830,-0.527939,0.685989,-1.847681,0
-0.842687,-0.321965,1.290599,-0.672371,0.336561,0.183557,-2.373972,-0.456887,0
0.070690,-0.576690,0.819953,-0.211387,-0.630096,2.289965,-0.028645,-0.930211,1
-0.230761,-2.076018,-1.050446,-1.052177,1.873337,-0.355351,0.556960,1.457740,1
1.766434,-2.450832,-0.026380,1.667528,-0.678761,0.085141,1.402954,0.893637,1
0.722768,-1.167843,-0.160998,0.430202,-0.085207,-0.341314,-0.013294,-0.115758,1
1.076278,1.809978,-0.725456,-2.391257,-1.633418,-0.067991,0.409211,-0.048518,0
1.489130,0.346656,1.789097,-1.053355,-0.860727,2.354503,0.826446,0.503943,1
1.278135,0.052521,-0.618047,-0.206191,-0.980610,1.175838,-0.727426,0.610029,1
-1.221812,-0.702260,-0.946179,0.294154,1.746613,0.745668,0.447508,0.025199,0
0.403993,-1.626794,0.735160,0.235055,0.244022,-0.415596,-0.194025,0.492696,1
-0.281007,-1.554326,0.577317,-0.051069,1.202007,-0.225552,-0.601071,-0.756719,1
-1.293930,0.186431,-0.888500,0.554438,-0.618390,1.002583,-0.943042,-1.855853,0
0.091947,0.156964,1.684559,0.287069,2.056159,-0.020764,-0.889107,-0.336026,0
1.264363,-0.295507,-1.579019,-0.200930,-1.406634,0.844143,-0.613996,-0.761511,0
0.230250,0.559981,0.084141,0.569393,-0.644797,0.581513,-1.832110,0.755442,1
-1.540835,0.837014,-1.054930,-1.348330,-1.112350,-0.269540,-0.552853,0.394048,0
0.309455,0.595424,-0.393307,-1.331106,1.225053,0.438253,-0.114597,0.921882,0
-0.831728,0.312537,1.077108,-0.222112,-1.094794,-1.272098,-0.409618,-0.935591,0
-1.185185,1.381601,-1.343892,-1.391648,-1.191678,-0.816728,-0.100510,-0.108040,0
-0.396373,1.986788,-0.951365,1.265661,0.947594,-0.346460,-0.123879,0.394434,0
0.294700,0.693353,-0.442406,0.181338,0.852669,1.080119,0.481221,1.254229,1
-0.355915,0.409678,-0.183588,0.648295,-1.406719,0.572194,-1.199985,-0.203497,1
1.007604,0.400815,0.471995,0.196416,0.057853,0.382259,-0.546830,-1.457816,0
0.010958,-0.112418,0.411049,1.505205,-0.164611,-0.198833,-1.502545,-1.201959,1
-1.535944,0.452163,1.481189,-0.976361,0.415516,0.185709,-1.649831,-2.334012,0
-1.781797,-0.767248,-0.445380,-0.307425,-1.485517,0.575030,0.630631,0.623711,1
-0.337594,1.356564,-1.102473,-0.582305,-0.101004,1.290371,0.104853,-0.539315,0
0.308380,-0.606360,1.451161,-1.073599,-0.994314,-1.594424,1.576489,-0.103659,0
-1.704160,-0.540107,0.820928,-0.924726,0.677019,1.972099,2.040709,-2.767123,0
-1.106269,-1.822031,-0.723965,1.236460,0.578464,0.603215,1.262945,-2.037815,1
0.200235,0.279905,0.597201,0.604458,0.040927,-0.142750,-0.071398,0.428012,1
0.473806,-0.008763,-1.059771,-1.503486,0.457208,0.852705,0.518170,1.879064,0
0.105558,1.505702,0.132237,-0.582433,-1.967751,-0.728046,0.794273,-0.155413,0
0.302205,-0.168646,-0.653234,-3.600113,-0.257865,-0.692960,-0.707999,1.346540,0
0.808619,-1.297862,0.523780,0.062350,-0.185683,-0.501977,-0.159466,0.997536,1
-0.965609,0.846949,0.504486,0.076979,-0.315565,-1.343483,1.281362,0.154082,0
1.058459,-2.344947,0.479886,-0.666247,-0.798697,0.226139,1.646591,1.345921,1
-0.246798,1.374083,0.443361,-0.797754,-0.813632,0.172950,0.145095,0.989867,0
-1.235118,-0.162474,-0.673353,0.508441,0.641607,1.259519,0.496372,-2.598825,0
-0.812857,-0.155421,0.255967,-1.767809,-0.982490,-1.792526,0.247234,1.806443,0
0.073869,-0.095295,0.686215,0.348380,-0.887635,-0.007579,0.730778,-0.048146,1
0.956370,0.316432,-2.485928,-1.543397,0.419428,0.574942,0.889582,-0.017371,0
-0.159791,0.823618,0.537902,0.030856,-0.573455,-0.658936,0.541591,-0.176995,0
-0.838633,0.142023,0.082826,0.603435,0.236299,-1.404632,-0.756168,0.252528,1
-2.096346,0.013269,0.220496,-0.669655,0.081146,-0.085238,1.035961,-0.348581,0
-1.280917,1.276295,-1.372220,-0.020427,-0.988884,-1.906729,0.508183,-0.119470,0
0.793814,0.330878,-0.794028,0.471028,-0.294267,0.713270,-0.350950,-0.061930,1
0.695355,0.536954,-1.902043,0.805065,2.549520,1.223442,0.987230,-0.446665,0
-0.801725,-0.059373,0.029590,-0.262607,2.018114,0.239053,0.763256,0.800313,0
0.176413,0.943086,-2.605909,-0.267964,-0.951583,-0.184575,-0.347494,-1.197017,0
-2.281359,0.912611,-0.260497,-0.161876,0.463524,1.564079,-0.338369,0.731811,0
2.206818,-0.065243,-1.871235,0.604124,0.815768,-0.157718,0.565433,1.036607,1
-1.410666,1.853739,-0.735712,0.848278,0.808947,-2.037431,-0.640550,-0.348197,0
-0.332463,0.916475,-2.111327,1.383308,-2.695416,-0.309265,-1.621393,-0.073335,1
-0.338350,0.194343,0.023063,-0.003528,0.976727,1.726581,-0.021195,0.319321,0
-0.742099,1.907277,-0.105060,0.530026,0.684093,1.245622,0.400397,1.446295,0
0.970445,-0.183629,-0.387230,2.135770,-0.913162,-0.870932,0.101815,1.858782,1
0.299247,0.674281,-1.097103,0.425264,1.406171,1.645675,-1.113405,0.090643,0
0.973275,0.395287,0.658346,-0.938395,0.360185,0.116092,1.290103,-0.379837,0
-0.897167,0.606391,-0.468961,0.126087,-0.847755,-0.692244,0.568756,-0.127450,0
-0.033426,0.762797,-1.092358,0.883052,0.712044,0.501029,-1.115325,0.376051,0
0.496917,-0.882786,0.976495,2.530059,-0.959711,0.076486,-1.350098,-2.183836,1
-1.443661,-0.022294,-0.132422,-2.868413,0.221038,-1.298569,0.087030,0.669928,0
0.551033,1.513939,-1.773536,1.611661,-0.003828,-0.063350,-1.047827,-0.115738,1
0.103105,0.009644,0.433657,-1.329112,-0.779247,-0.168733,-0.697649,-1.293797,0
1.673543,0.596437,-0.735264,0.060310,2.042275,-1.784421,1.235585,-0.487238,0
1.409686,0.253559,-1.425706,-1.651687,-2.410278,3.018771,0.631491,0.316698,1
-0.253490,-1.040755,0.944219,-0.164974,1.077018,-0.516938,-0.285464,-1.370260,1
-1.053721,0.044515,-0.083912,0.008861,-0.645393,0.487022,0.949820,-0.812652,0
1.016972,1.005420,-1.539809,-0.715923,0.794612,-1.323095,0.721651,0.307836,0
-1.662540,-0.318356,-0.702594,-0.417633,-0.706036,-0.400695,0.368765,0.716048,0
0.709804,0.428434,-0.707940,-1.094121,-1.501874,1.690167,-0.573201,1.197050,1
0.009560,-0.911057,-0.465890,1.447295,0.705476,0.111526,1.679397,-0.851401,1
0.519130,-0.105370,0.410776,0.714092,-0.530106,1.494785,0.542092,-0.985864,1
0.345874,-0.524187,-1.788577,1.139925,-0.148228,0.284548,-0.241678,0.758413,1
-0.382181,0.276532,-0.545091,1.319873,1.065488,0.824094,-2.318196,1.872768,1
-1.652960,0.933594,-0.884868,0.080115,0.869352,1.215220,1.120114,-0.956776,0
0.671797,-0.063243,0.012375,0.088389,-0.581290,-1.400735,1.713866,-1.334527,0
1.667348,-0.469044,-0.489959,-0.591772,0.938908,0.302995,0.330946,0.461429,1
-0.069405,1.559576,-0.291095,-0.697243,-1.124516,0.712262,-1.114251,-1.721381,0
-1.197034,-0.170474,-0.891308,-1.126360,2.127418,0.445985,-0.279435,-1.001520,0
1.924345,-0.035172,-0.934484,0.382641,-0.579801,-0.902251,0.026972,0.773242,1
-1.254436,1.583081,1.127045,0.876985,-0.506045,-0.430559,-0.255131,0.047658,0
-0.621895,1.037774,0.169920,-1.571783,-1.201137,1.928133,-2.030579,-0.711576,0
0.670140,0.037951,1.677357,0.321494,-0.406830,-0.477615,0.847942,1.130117,1
0.251125,-0.305523,-0.983652,-0.557888,-0.691505,0.324165,-1.427447,-0.307844,1
0.397667,-0.621605,-1.333117,-0.582717,2.791705,-0.562280,-0.358371,-0.854345,0
-0.054883,0.027394,-0.558915,-0.248497,0.166039,1.036968,0.884816,-0.986507,0
-0.964381,-0.510804,-0.072091,-0.224991,-0.483939,-0.519853,-1.010883,-0.088260,1
-0.095024,0.808772,-1.399496,1.835396,-1.126507,-0.478131,-0.088039,0.587666,1
-0.867258,-1.088521,-0.164851,-0.336789,-1.224297,0.759785,0.097071,-0.949548,0
0.123036,-0.779472,-0.396805,-0.153168,-1.536810,-0.207822,-1.232923,1.818314,1
1.238081,-0.060042,-2.177973,-1.652800,0.864905,-0.148521,-2.572754,-0.245752,0
0.556594,-0.676741,2.220354,0.135539,-0.111942,-0.264279,0.105217,0.349065,1
-0.796450,1.447621,0.434310,1.334508,0.531869,-0.182273,0.511291,1.566199,0
0.140125,0.723836,-0.038515,-1.232504,1.525825,-0.147294,-0.734024,0.465659,0
-0.984304,-0.806669,-2.362781,0.469370,-0.006069,-0.837524,2.040411,-1.098638,0
0.561788,0.670429,2.615246,0.084710,1.018994,-1.585419,1.005540,-0.368611,0
0.153104,-1.284360,-0.628278,-0.442435,-0.772030,0.897770,-0.583732,-0.786337,1
-0.252484,0.496182,0.893352,0.891518,-0.184843,-0.625866,-0.055789,-0.275828,0
-0.085739,-1.334209,1.041373,2.115571,0.025137,-0.131715,-0.279082,-0.699917,1
-1.650062,-0.973821,-0.518270,0.604700,0.235253,0.293189,-0.076178,1.189769,1
0.122491,0.029155,2.350237,-0.056185,0.544371,-0.756148,0.356561,0.944982,1
1.131927,-0.587473,-0.163693,-0.654427,0.326397,1.682423,0.382817,1.590604,1
-0.910031,-1.237585,0.404149,-0.546758,-0.113540,-0.090354,-0.242770,-0.465143,1
0.591356,-0.839388,0.254169,-0.185316,0.472322,-1.149753,-0.403060,-2.602467,0
1.036157,0.501571,-1.383183,-0.920352,-1.049019,1.216466,-0.510790,-1.032014,0
-0.340662,-0.014781,0.455733,-1.753039,0.326547,0.668074,1.574458,1.978743,0
0.268696,0.252445,-0.543214,0.735289,-0.125023,-0.082411,-0.433769,-1.215106,1
0.857290,-1.715939,0.097445,0.310375,1.472137,-0.271809,0.857759,1.707380,1
-1.080137,-0.137230,0.938188,-0.289685,-0.302681,0.374728,0.719946,0.024044,0
-0.794480,1.707373,0.385963,-0.299058,0.395059,0.536155,-0.694773,0.686841,0
0.099432,0.979874,0.408542,-1.267145,0.779782,0.296203,0.975432,-0.601947,0
-0.544305,-0.253073,1.637079,1.052218,-1.252453,0.907283,-1.143838,-0.958038,1
-1.115107,-1.787156,0.486195,-0.919330,0.728095,0.132055,-1.092852,-0.010819,0
1.172795,-0.158774,0.573945,-0.076389,0.580313,-0.229973,0.019641,0.675386,1
0.311692,-0.872117,0.212725,0.474401,-0.554965,-0.331942,0.736280,-1.068186,1
-0.021443,0.208754,-1.858370,-0.836416,0.501670,-0.224691,-2.511655,-0.787127,0
-0.718114,0.473172,1.379586,0.830850,1.636003,1.101152,-0.066411,0.069705,1
0.849726,-0.459875,-1.921153,-0.795449,-0.114817,-0.176199,0.333665,-0.177363,0
-0.439681,-0.620003,0.308333,-0.245308,-0.646922,0.174087,0.315383,-0.488401,0
0.888832,1.160482,0.402879,-0.280058,0.396488,-0.043816,0.793549,2.771015,1
-0.262454,-0.244503,1.399934,-0.537346,-0.292715,1.935774,-1.954869,-0.900737,1
-0.848669,1.061133,-0.778606,0.831256,-1.100971,-0.826771,0.372966,-1.966144,0
0.518933,-0.101309,0.921785,-0.206829,0.892782,-0.360319,0.148021,1.691206,1
0.938243,-0.690262,-0.394607,-0.418212,-0.803180,-0.976151,0.775690,-1.493134,0
-1.758490,1.317426,-1.321020,1.970090,-0.039377,-0.485000,0.469854,-1.353896,0
0.969921,-0.249953,0.451928,0.463454,0.709730,-1.368815,-0.308633,0.328653,1
0.540424,-0.214537,1.326624,-0.117157,2.681707,1.275577,2.459250,0.526523,0
-0.504645,0.840324,-0.125896,-0.934772,0.826320,0.944622,0.084492,0.175559,0
-0.496187,2.773067,-1.139605,1.603520,1.177468,0.453316,1.502924,-1.635077,0
-1.383604,-0.686290,0.779918,-1.244934,-0.446697,-0.424821,-2.090261,-0.350148,0
1.110265,-0.355494,1.715386,0.275720,-0.355041,2.386008,1.610859,0.210062,1
1.434518,0.081310,-0.122406,-0.987571,-0.198665,0.158601,-1.926633,-1.048928,0
-0.681172,0.900609,-1.277246,-0.300946,0.833636,0.200683,-0.368292,0.835874,0
0.251391,-0.366848,0.117337,-0.009684,-0.949338,-0.920783,0.079148,0.706255,1
0.075982,-0.767389,-1.796664,-0.509483,-0.974335,1.212521,0.595061,0.237503,1
0.003691,-1.654218,-0.208179,-1.450260,0.177639,-1.202548,0.908431,0.844811,0
0.391266,-0.252203,-0.700582,0.762762,-0.562086,0.378714,0.985964,0.302526,1
0.304808,1.209431,1.310739,-1.442821,-0.850867,-0.290539,1.537662,-1.041350,0
0.862292,0.294504,-0.211771,0.421770,-0.763652,0.914453,-0.414507,-0.788135,1
-1.498564,-0.180685,0.996734,-0.096802,-1.199506,-0.378491,0.720685,0.854180,1
-1.247336,0.479771,-0.874400,0.391961,0.228462,-0.757486,-1.125301,0.707732,0
1.922503,-0.852625,-1.492943,-1.255813,-0.336138,-0.759817,-1.463908,0.913910,1
-1.926292,-0.173951,-0.190028,0.691805,1.332682,-0.701472,0.631971,-1.380685,0
0.141277,0.163708,0.132530,-0.380270,0.824200,0.494256,0.021191,0.335973,0
0.542139,0.494317,-1.305696,0.030268,0.470482,1.534327,-0.418119,-0.923669,0
-0.449331,-1.506147,-0.379670,0.727501,0.961260,-0.664262,-0.382307,2.164289,1
-0.729553,0.301707,-1.203675,0.935474,-0.453284,1.586088,0.478006,1.393784,1
-1.147570,0.431132,-0.811863,0.245575,-1.144535,1.507843,-2.646127,-0.756306,1
-0.912640,-0.480051,-0.134919,1.231724,0.853633,0.226953,-0.596431,0.225913,1
0.258345,0.347998,-0.231858,0.393417,-0.265790,-1.057253,0.115952,0.208067,1
-0.225504,-0.366284,0.067856,1.620689,1.610467,1.266813,0.174322,1.123821,1
-1.367950,0.139287,1.528989,0.138495,-1.335021,-0.234226,1.590508,-0.336546,1
0.268536,1.911770,0.155468,-0.971708,-0.984735,0.811943,0.194045,0.380457,0
-0.951418,0.743225,-1.285799,-1.170080,-1.024965,-1.204981,-0.710927,-0.794894,0
-0.379762,-1.081443,0.007112,0.463171,-0.429169,2.121157,0.662317,-2.125407,1
0.732860,0.357283,0.079950,-0.847257,1.287262,-0.201200,1.589304,-0.514945,0
0.351261,0.188474,0.847632,-1.347433,0.068271,-0.626775,-0.867746,-0.670349,0
0.806319,-1.861172,-0.611850,-0.395755,-1.018051,0.358061,-1.074199,-0.101182,1
1.432972,-0.574516,-0.819293,-0.358527,0.768129,0.919214,-1.278348,-0.446309,0
-1.106346,0.920191,-1.749015,1.410501,-0.039805,-1.338250,-0.178876,1.669752,0
0.401846,2.262392,-0.274257,-1.687880,0.511301,-2.516505,1.044606,0.974858,0
0.690756,-0.733922,-0.531539,-1.228328,1.287570,-1.391603,-0.881310,-0.446094,0
0.625432,0.247765,0.700714,-1.387595,0.162686,-0.774537,-1.576985,0.854004,0
0.346824,1.300238,-0.251324,0.321695,-0.408226,-0.791215,0.168276,0.191348,1
-1.480673,-1.382220,0.178275,-0.323836,0.832485,-0.380962,-0.107626,0.245858,1
-0.713326,-0.562113,0.308173,0.149263,0.179706,-0.802955,-0.178807,-0.692591,0
-0.422500,0.526123,0.117956,-0.800418,-0.900644,1.292899,0.590347,-2.579960,0
-0.341154,-0.265338,0.632492,0.341358,1.119125,1.723047,-0.035522,0.209685,1
0.162433,-1.006049,-1.342683,0.123405,-0.582887,-0.581338,-0.524592,-0.119595,0
-0.631496,0.887161,-1.280498,0.262120,-0.201778,0.703784,2.163691,1.118087,1
-0.415942,1.305882,0.209931,0.017087,-0.098936,1.402883,-0.344569,-1.141519,0
-1.007439,-1.658957,0.956746,0.756950,0.890931,0.688677,-1.155575,-0.206058,1
-0.008940,-1.012684,-0.591247,-0.434562,1.638601,-0.326735,-0.625872,0.364636,0
1.636222,-1.977909,-0.767959,0.005079,0.110363,-0.899605,1.825445,0.223527,1
0.925805,0.916677,-2.203864,0.552385,-0.689511,-0.930277,-0.063247,-1.081957,0
-1.240118,0.083507,-1.042572,-0.235887,-0.810850,-1.950923,0.735054,-0.837612,0
-0.728610,1.883775,0.315087,-1.786342,0.448731,0.343761,-0.523974,1.648356,0
0.458046,0.672852,1.623738,0.415688,0.481390,-1.322205,-1.393775,-0.127298,0
-0.331925,-1.067439,-0.096255,-0.429294,1.187207,0.238860,-0.187462,-1.812886,0
-1.229066,0.601373,-1.317890,2.065920,-1.545817,-1.050085,-0.029727,0.650826,1
0.542705,1.281826,-0.331581,0.345234,1.253434,-1.957897,-0.082625,0.149150,0
-0.531372,0.355735,-1.839555,-1.810230,1.535844,0.397895,1.696075,-0.590656,0
1.225353,0.533361,-0.992882,0.202876,-0.854339,-1.347980,-0.841206,1.312659,1
-0.892274,1.441250,-0.918907,-0.816813,-0.509621,-0.179381,-0.968821,0.457265,0
0.636576,-0.706616,-0.911199,1.453086,1.746834,-0.845473,0.816386,-2.519877,0
-0.639436,0.199752,-0.316416,0.469742,0.528248,-1.036727,-0.533607,-1.042204,0
-1.072749,0.489272,-1.492443,-0.219020,-0.426545,-0.340937,1.120474,-0.962637,0
1.730179,-0.468278,-0.636089,0.323019,1.898865,-0.333932,-0.278032,1.164930,1
-0.252690,-2.651445,-0.785344,1.406052,0.705299,-0.170225,-0.880729,0.675700,1
0.795324,-0.092035,1.020497,0.585231,1.216736,-0.943928,0.512403,0.647737,1
0.089934,-0.272544,0.041400,-0.444317,-1.959082,0.275523,1.115420,0.950085,1
0.572509,-0.043987,-0.943803,1.357864,0.889090,-1.341369,1.301149,-0.517167,1
2.690495,-0.645965,-2.158089,0.898813,-0.699988,1.331720,-0.817376,-0.155797,1
-0.252489,1.299964,0.200717,0.649549,0.299980,-1.093536,-0.584645,-0.414305,0
0.640493,-1.237529,0.858219,-1.075588,-0.184964,-0.490256,-0.385538,0.675925,1
-1.298075,-2.271467,-0.185920,0.399012,0.256848,0.723700,0.143837,0.058766,1
-1.124833,1.044240,-1.696968,0.100163,0.143636,0.651729,-0.010550,0.979711,0
0.205834,-0.005849,0.495188,-2.119473,0.227982,0.959643,-1.579855,-0.715720,0
3.011538,-1.472604,-2.661146,0.458104,1.266437,0.328763,0.594829,-0.315164,1
-0.950032,-0.483100,-0.032502,-0.733244,-0.961169,0.827471,-0.100554,-0.465624,0
0.694967,1.175448,0.942711,-0.902941,0.229650,0.013425,-0.985309,1.942829,1
-2.325989,-0.409593,0.653038,1.095595,1.394912,-2.416915,-0.026573,-1.944363,0
-1.228358,0.064686,-0.670576,-1.857151,0.938134,-1.667080,-0.011922,0.330737,0
0.143670,-0.793222,-0.123993,0.133860,0.981688,2.218502,-0.788432,0.081868,1
2.595429,-0.716740,0.795811,-0.179489,1.800040,-0.624381,0.708848,0.083077,1
-0.158261,1.216488,1.314524,0.251303,1.235803,-0.519934,-1.073995,-0.725666,0
-1.521532,1.183628,0.455062,1.067185,0.245995,0.190236,-1.471856,-0.011569,0
